Date,Close_Prices,High_Prices,Low_Prices,Open_Prices,Volume,Symbol
2011-03-30T00:00:00.000000000,7.18679666519165,7.502699500798676,7.167052267233855,7.384236125738984,30086900,APO
2011-03-31T00:00:00.000000000,7.107819080352783,7.340797654906965,7.072279924697291,7.127562720974008,9582800,APO
2011-04-01T00:00:00.000000000,7.107819080352783,7.198641032284994,7.064382167180156,7.111767959111351,3199400,APO
2011-04-04T00:00:00.000000000,7.060433387756348,7.170999735036975,7.028843110414972,7.1354605788814744,1846600,APO
2011-04-05T00:00:00.000000000,7.099918842315674,7.119663229210353,6.969608901496179,7.060430821697662,2353300,APO
2011-04-06T00:00:00.000000000,7.147307395935059,7.167051037332978,7.0604335661722715,7.111768238881489,474900,APO
2011-04-07T00:00:00.000000000,7.11176872253418,7.2460276020512255,7.107819843351715,7.242078722868761,702100,APO
2011-04-08T00:00:00.000000000,7.107819080352783,7.167050755388068,7.0604332884215895,7.111767959111351,304500,APO
2011-04-11T00:00:00.000000000,7.131511211395264,7.1473067255694085,7.068330661041829,7.084126175215973,486000,APO
2011-04-12T00:00:00.000000000,7.182845592498779,7.242077261943725,7.056484496837153,7.147306440197505,624600,APO
2011-04-13T00:00:00.000000000,7.147307395935059,7.2539248670957654,7.111768238881489,7.2539248670957654,199600,APO
2011-04-14T00:00:00.000000000,7.20653772354126,7.214435479889863,7.1078180286982295,7.11176690687253,408000,APO
2011-04-15T00:00:00.000000000,7.305258750915527,7.380285943569746,7.1907435224868985,7.218385674749133,963000,APO
2011-04-18T00:00:00.000000000,7.178898334503174,7.340798619009516,7.092024496748358,7.305259458686493,720700,APO
2011-04-19T00:00:00.000000000,7.18679666519165,7.234181713946819,7.139410863264711,7.206540309977676,405000,APO
2011-04-20T00:00:00.000000000,7.198643207550049,7.2618237804356225,7.1473092745199605,7.2618237804356225,498200,APO
2011-04-21T00:00:00.000000000,7.151256084442139,7.246026916337774,7.0406897373114194,7.22628252229392,1196100,APO
2011-04-25T00:00:00.000000000,7.131511211395264,7.206538397379307,7.123614207479762,7.123614207479762,280800,APO
2011-04-26T00:00:00.000000000,7.178898334503174,7.202590856994618,7.068331974256913,7.190744219163041,622700,APO
2011-04-27T00:00:00.000000000,7.178898334503174,7.186796093057558,7.123615530965899,7.147308053457343,275400,APO
2011-04-28T00:00:00.000000000,7.151256084442139,7.214436639039229,7.052536373737731,7.151256084442138,539400,APO
2011-04-29T00:00:00.000000000,7.139410018920898,7.182846936119202,7.080178338396099,7.178898056994658,196000,APO
2011-05-02T00:00:00.000000000,7.182845592498779,7.226281748400251,7.080177013980823,7.1354598050399,555700,APO
2011-05-03T00:00:00.000000000,7.214436054229736,7.246026328967542,7.115716351527649,7.119665230016319,377400,APO
2011-05-04T00:00:00.000000000,7.099918842315674,7.242075415271976,7.009096922114191,7.198638517275028,614000,APO
2011-05-05T00:00:00.000000000,7.084127426147461,7.143359108416626,6.989356583882454,7.060434150702432,412200,APO
2011-05-06T00:00:00.000000000,7.095972061157227,7.174948125723562,7.072279543055954,7.174948125723562,405600,APO
2011-05-09T00:00:00.000000000,7.305258750915527,7.32895127111152,7.2262826793667045,7.242078194945124,965400,APO
2011-05-10T00:00:00.000000000,7.388183116912842,7.407927511836773,7.297361159777721,7.344746954423502,666400,APO
2011-05-11T00:00:00.000000000,7.297361373901367,7.407927729204724,7.257873336066476,7.407927729204724,371000,APO
2011-05-12T00:00:00.000000000,7.2736687660217285,7.467159320624217,7.123615127838542,7.423722404204916,722000,APO
2011-05-13T00:00:00.000000000,7.214436054229736,7.364489670941423,7.131511112310772,7.364489670941423,810300,APO
2011-05-16T00:00:00.000000000,7.040691375732422,7.305260292114242,6.945920521782906,7.273670007464403,988800,APO
2011-05-17T00:00:00.000000000,6.784018516540527,7.068331007048562,6.633964137227025,7.052536245272809,980900,APO
2011-05-18T00:00:00.000000000,7.048582553863525,7.178892450519072,6.784013884511828,6.859041022941111,823900,APO
2011-05-19T00:00:00.000000000,7.104558944702148,7.19651422117816,6.9526321063269165,7.088566324843666,369400,APO
2011-05-20T00:00:00.000000000,7.136543273925781,7.228498548495783,7.100560642560117,7.100560642560117,508200,APO
2011-05-23T00:00:00.000000000,7.036593914031982,7.1925181908613,6.948636003968009,6.960630472404999,309200,APO
2011-05-24T00:00:00.000000000,7.024599075317383,7.184521499862602,7.008607214147997,7.06857802803117,205900,APO
2011-05-25T00:00:00.000000000,6.944636821746826,7.080570282837094,6.900657878041962,7.036592101702346,285000,APO
2011-05-26T00:00:00.000000000,7.096566200256348,7.1845233659595085,6.924649263252947,6.924649263252947,430700,APO
2011-05-27T00:00:00.000000000,7.272479057312012,7.392420679339317,7.116554033592234,7.132546656566666,622800,APO
2011-05-31T00:00:00.000000000,7.204512119293213,7.268481087688492,7.156535011711626,7.216505824260919,329100,APO
2011-06-01T00:00:00.000000000,7.1685285568237305,7.236495672319181,7.072575116577826,7.144540387404794,770100,APO
2011-06-02T00:00:00.000000000,7.140542030334473,7.176524664731353,7.0805704646262475,7.176524664731353,70100,APO
2011-06-03T00:00:00.000000000,7.136543273925781,7.184519607366621,7.020599070065289,7.020599070065289,75800,APO
2011-06-06T00:00:00.000000000,6.956631660461426,7.152536717709203,6.928645332650349,7.136544857204405,183600,APO
2011-06-07T00:00:00.000000000,6.7647223472595215,6.984615498154477,6.736736029425978,6.976619952037727,219700,APO
2011-06-08T00:00:00.000000000,6.6967573165893555,6.816698933649441,6.692759161011325,6.772720747431518,180600,APO
2011-06-09T00:00:00.000000000,6.512846946716309,6.776719122865418,6.480861701054376,6.656776739343859,250900,APO
2011-06-10T00:00:00.000000000,6.252971649169922,6.584810518384811,6.1890023108658445,6.568818660415116,335300,APO
2011-06-13T00:00:00.000000000,6.200998306274414,6.312944008678625,6.105044847070804,6.2329827926756165,560500,APO
2011-06-14T00:00:00.000000000,6.396903038024902,6.408897505746495,6.244976545117595,6.244976545117595,114700,APO
2011-06-15T00:00:00.000000000,6.384908676147461,6.496854367723792,6.316941553797695,6.336931951186176,210800,APO
2011-06-16T00:00:00.000000000,6.344929218292236,6.416894130255124,6.248975748151588,6.312944728245354,187600,APO
2011-06-17T00:00:00.000000000,6.3769145011901855,6.400903062350479,6.320941827291575,6.384910815338698,200300,APO
2011-06-20T00:00:00.000000000,6.276960849761963,6.392904698749126,6.2449763659920645,6.368916526564263,45000,APO
2011-06-21T00:00:00.000000000,6.396903038024902,6.516844664959763,6.300949583962961,6.3249377568358796,244900,APO
2011-06-22T00:00:00.000000000,6.524840831756592,6.580813488072807,6.3849088096809306,6.3849088096809306,295200,APO
2011-06-23T00:00:00.000000000,6.436883449554443,6.512846882107501,6.396902655443875,6.484859792430949,146800,APO
2011-06-24T00:00:00.000000000,6.396903038024902,6.472866475121123,6.392904882117705,6.4009011939321,174100,APO
2011-06-27T00:00:00.000000000,6.44488000869751,6.496854509240524,6.392904745584246,6.4048992130496725,24600,APO
2011-06-28T00:00:00.000000000,6.63278865814209,6.820697403547734,6.496854412505584,6.564821535323837,378500,APO
2011-06-29T00:00:00.000000000,6.848682880401611,7.068576844584845,6.508848071103225,6.564820719680344,515200,APO
2011-06-30T00:00:00.000000000,6.876668453216553,6.904654771343333,6.816696900007765,6.876668453216553,227800,APO
2011-07-01T00:00:00.000000000,6.852680683135986,6.888663316104504,6.748730939290281,6.844685135586397,150400,APO
2011-07-05T00:00:00.000000000,6.7927117347717285,6.896661506964854,6.760727248140792,6.828694377552822,158700,APO
2011-07-06T00:00:00.000000000,6.7487311363220215,6.796708235870788,6.676766630854061,6.760725601851745,141800,APO
2011-07-07T00:00:00.000000000,6.7447357177734375,6.864677357894838,6.700756760529427,6.864677357894838,164900,APO
2011-07-08T00:00:00.000000000,6.7967095375061035,6.908655616178561,6.676767909519399,6.908655616178561,139400,APO
2011-07-11T00:00:00.000000000,6.612799167633057,6.7927116158175815,6.540833883331127,6.736738955836214,50700,APO
2011-07-12T00:00:00.000000000,6.656774997711182,6.756726576543392,6.500850778755344,6.696755781758071,75900,APO
2011-07-13T00:00:00.000000000,6.552824974060059,6.712748103166267,6.416890771861778,6.712748103166267,102100,APO
2011-07-14T00:00:00.000000000,6.500853061676025,6.696758133475223,6.404899603809294,6.496854905610291,131500,APO
2011-07-15T00:00:00.000000000,6.596806526184082,6.716748157995673,6.484860443941711,6.548829415917266,162800,APO
2011-07-18T00:00:00.000000000,6.356922149658203,6.608800630179843,6.304947648756261,6.520842726633124,160100,APO
2011-07-19T00:00:00.000000000,6.396903038024902,6.492856492086844,6.328935912743077,6.448877539677937,320300,APO
2011-07-20T00:00:00.000000000,6.532838344573975,6.544832814234385,6.38091182710886,6.4088985416979565,146500,APO
2011-07-21T00:00:00.000000000,6.6967573165893555,6.772720747431518,6.564821232795179,6.6487802122231985,310100,APO
2011-07-22T00:00:00.000000000,6.7727203369140625,6.796708506358035,6.616795329102848,6.7127495320190524,194000,APO
2011-07-25T00:00:00.000000000,6.876668453216553,6.968623716367396,6.756726109368953,6.896658462572831,287600,APO
2011-07-26T00:00:00.000000000,6.908655643463135,6.976622769609431,6.836690361358788,6.880668551756785,280300,APO
2011-07-27T00:00:00.000000000,6.720747947692871,6.9486375610707185,6.66477527425143,6.9366438525164,98300,APO
2011-07-28T00:00:00.000000000,6.7447357177734375,6.792712068793857,6.6247933150816865,6.700756760529427,101000,APO
2011-07-29T00:00:00.000000000,6.920648574829102,6.948634900835456,6.528838485599744,6.692759048697131,153600,APO
2011-08-01T00:00:00.000000000,6.996612071990967,7.172527103320681,6.784714403285398,6.976622056813358,250600,APO
2011-08-02T00:00:00.000000000,6.724742889404297,7.048585829228693,6.544830483977463,7.048585829228693,226500,APO
2011-08-03T00:00:00.000000000,6.688762187957764,6.948636245911928,6.488858949136047,6.696758500527514,349600,APO
2011-08-04T00:00:00.000000000,5.969109058380127,6.784713633725287,5.917134185986405,6.648779410739409,347400,APO
2011-08-05T00:00:00.000000000,5.617281436920166,6.149024054793291,5.177494131613957,6.001095694608342,326300,APO
2011-08-08T00:00:00.000000000,5.293437957763672,5.65326403580555,5.121521422386015,5.417378140277974,817600,APO
2011-08-09T00:00:00.000000000,5.653261661529541,6.093048397164013,5.097530723790903,5.17749191378944,837400,APO
2011-08-10T00:00:00.000000000,5.441366195678711,5.677252085959535,5.205480686683067,5.597290864157183,397700,APO
2011-08-11T00:00:00.000000000,5.441366195678711,5.45336066491295,5.197484373860242,5.321424553617773,393200,APO
2011-08-12T00:00:00.000000000,5.3094282150268555,5.585294809723651,5.237463331384904,5.585294809723651,675200,APO
2011-08-15T00:00:00.000000000,5.329418659210205,5.517327752028917,5.253455619845434,5.261451548643544,292400,APO
2011-08-16T00:00:00.000000000,5.665256977081299,5.6812492185598265,5.325421369056194,5.329419524747104,419200,APO
2011-08-17T00:00:00.000000000,5.773204326629639,5.865159998146566,5.605285987131741,5.605285987131741,154800,APO
2011-08-18T00:00:00.000000000,5.68375825881958,5.728480497591619,5.447951430177032,5.537395519991893,166000,APO
2011-08-19T00:00:00.000000000,5.630906581878662,5.724416033180944,5.549593543510571,5.618709393485868,298800,APO
2011-08-22T00:00:00.000000000,5.3747735023498535,5.691893155294895,5.2040166766726506,5.671564887908666,191600,APO
2011-08-23T00:00:00.000000000,5.42762565612793,5.464216064150112,5.297525005930269,5.435756728667514,397400,APO
2011-08-24T00:00:00.000000000,5.3585100173950195,5.447953757693503,5.309722416942379,5.447953757693503,459000,APO
2011-08-25T00:00:00.000000000,5.285328388214111,5.431691188612849,5.224343984980316,5.4276258460654745,117300,APO
2011-08-26T00:00:00.000000000,5.0861124992370605,5.2853286395176715,4.9682090297108426,5.2853286395176715,375600,APO
2011-08-29T00:00:00.000000000,5.126767635345459,5.256868270768009,5.033258179248282,5.159292697268766,453300,APO
2011-08-30T00:00:00.000000000,5.204013347625732,5.24466946866071,5.073912752217877,5.106438191866744,305800,APO
2011-08-31T00:00:00.000000000,5.273131370544434,5.386969099555729,5.240606305112635,5.273131370544434,405700,APO
2011-09-01T00:00:00.000000000,5.248738765716553,5.285329570936675,5.208082617039335,5.285329570936675,374900,APO
2011-09-02T00:00:00.000000000,4.927552223205566,5.171490609472222,4.886896083980708,5.1470966157538065,176700,APO
2011-09-06T00:00:00.000000000,4.956010818481445,4.9844705381862555,4.882829623725994,4.886895353359441,110600,APO
2011-09-07T00:00:00.000000000,4.8462395668029785,5.126768362619116,4.744598636941724,5.029193163007362,241800,APO
2011-09-08T00:00:00.000000000,4.561644554138184,4.82184505868012,4.53725056297271,4.82184505868012,118600,APO
2011-09-09T00:00:00.000000000,4.675483703613281,4.777124653691831,4.508792607521173,4.525055144024562,288800,APO
2011-09-12T00:00:00.000000000,4.411217212677002,4.618564447898339,4.342101338360076,4.618564447898339,296700,APO
2011-09-13T00:00:00.000000000,4.606366157531738,4.687678810586936,4.472200183058334,4.561644295283708,642800,APO
2011-09-14T00:00:00.000000000,4.809648513793945,4.874698643403061,4.598235592564318,4.647023189771155,751200,APO
2011-09-15T00:00:00.000000000,4.813714981079102,4.850305781520691,4.76492737640012,4.834043246627697,207900,APO
2011-09-16T00:00:00.000000000,4.8787641525268555,4.8787641525268555,4.797451494197276,4.838107629497396,164600,APO
2011-09-19T00:00:00.000000000,4.821845531463623,4.838108064592041,4.675482733307865,4.768992201863923,76300,APO
2011-09-20T00:00:00.000000000,4.7202043533325195,4.874698603762517,4.683613946521959,4.84217353922245,110900,APO
2011-09-21T00:00:00.000000000,4.516923427581787,4.79338692030253,4.496595548894206,4.71207424236391,94700,APO
2011-09-22T00:00:00.000000000,4.207935333251953,4.5413175131487105,4.18354133553123,4.472201638624343,384800,APO
2011-09-23T00:00:00.000000000,4.085965633392334,4.2120001747029185,3.996521502710072,4.2120001747029185,374900,APO
2011-09-26T00:00:00.000000000,4.065637588500977,4.403085477328204,4.033112518811322,4.321772803104068,318200,APO
2011-09-27T00:00:00.000000000,4.126622200012207,4.390888888888053,4.094097128724323,4.130687930855551,412200,APO
2011-09-28T00:00:00.000000000,4.053440093994141,4.155081016397097,4.008717839990056,4.138818484321798,199200,APO
2011-09-29T00:00:00.000000000,4.16727876663208,4.171344497508249,4.0249812878016495,4.098162892654949,192200,APO
2011-09-30T00:00:00.000000000,4.163211822509766,4.256721666763771,4.110358499710428,4.167277552201098,169500,APO
2011-10-03T00:00:00.000000000,3.907076358795166,4.272983859751155,3.862354498916573,4.171342951884929,539200,APO
2011-10-04T00:00:00.000000000,4.024980068206787,4.073768048478873,3.5980885365252484,3.862354759730898,464400,APO
2011-10-05T00:00:00.000000000,4.187605381011963,4.264852298533269,3.927404523544148,4.004651828794738,932700,APO
2011-10-06T00:00:00.000000000,4.2038679122924805,4.232327241750822,4.045307960176112,4.1266206070065765,433500,APO
2011-10-07T00:00:00.000000000,4.16727876663208,4.2282631788568725,4.15101623085684,4.2282631788568725,78800,APO
2011-10-10T00:00:00.000000000,4.248592376708984,4.382758423193409,4.171345411778067,4.248592376708984,120300,APO
2011-10-11T00:00:00.000000000,4.277050018310547,4.366493747043156,4.207934163007592,4.211999505055924,222700,APO
2011-10-12T00:00:00.000000000,4.407149791717529,4.451871651236912,4.256721295811288,4.329902485231252,238200,APO
2011-10-13T00:00:00.000000000,4.362428665161133,4.3949541204837,4.2689191927630965,4.378691586687111,241300,APO
2011-10-14T00:00:00.000000000,4.37869119644165,4.46813493048663,4.313640679323454,4.403084801097789,218200,APO
2011-10-17T00:00:00.000000000,4.37869119644165,4.439675595811351,4.354297204056158,4.431544135773068,275000,APO
2011-10-18T00:00:00.000000000,4.362428665161133,4.443741721873466,4.309575721119263,4.403085193517299,345800,APO
2011-10-19T00:00:00.000000000,4.285179615020752,4.5006581785799975,4.248588835076329,4.378689429070854,524800,APO
2011-10-20T00:00:00.000000000,4.431544780731201,4.492529576705862,4.27298516420179,4.313641307122152,267800,APO
2011-10-21T00:00:00.000000000,4.581973075866699,4.622629213147067,4.447806698426349,4.484397493389229,227700,APO
2011-10-24T00:00:00.000000000,4.785253524780273,4.801516052478139,4.545380950439818,4.61449679008806,412000,APO
2011-10-25T00:00:00.000000000,4.752728462219238,4.781188178766284,4.691744075401366,4.764925649766233,88000,APO
2011-10-26T00:00:00.000000000,4.935685634613037,5.025129408899727,4.7893223899084,4.82591320108456,191800,APO
2011-10-27T00:00:00.000000000,5.403232574462891,5.40729830528317,5.134900543995344,5.134900543995344,317600,APO
2011-10-28T00:00:00.000000000,5.399166107177734,5.419494370776856,5.309722367708608,5.362575310245193,133200,APO
2011-10-31T00:00:00.000000000,5.386967182159424,5.443886220270422,5.305654547521731,5.305654547521731,140000,APO
2011-11-01T00:00:00.000000000,5.212146759033203,5.273131549585493,5.1267683624434985,5.163359159228997,176100,APO
2011-11-02T00:00:00.000000000,5.321918964385986,5.358509759899494,5.183687242548008,5.313787504169935,220700,APO
2011-11-03T00:00:00.000000000,5.3015899658203125,5.4398216684744884,4.951945367370398,4.980404698718266,191700,APO
2011-11-04T00:00:00.000000000,5.3747735023498535,5.386970307689811,5.248738554738794,5.27313255314816,128000,APO
2011-11-07T00:00:00.000000000,5.655300140380859,5.671562670385469,5.362574212568587,5.362574212568587,354900,APO
2011-11-08T00:00:00.000000000,5.614644527435303,5.708153986659901,5.553659743492477,5.679694653457516,188300,APO
2011-11-09T00:00:00.000000000,5.614644527435303,5.64716959044641,5.4438877527623255,5.513003608593261,309000,APO
2011-11-10T00:00:00.000000000,5.3747735023498535,5.695958886318031,5.236541749398837,5.675630618931802,329800,APO
2011-11-11T00:00:00.000000000,5.3422465324401855,5.525200098485338,5.256868149921873,5.443887445546305,316500,APO
2011-11-14T00:00:00.000000000,5.273131370544434,5.350378304012614,5.240606305112635,5.350378304012614,132500,APO
2011-11-15T00:00:00.000000000,5.17962121963501,5.2406060046198295,4.988536568112199,5.143030426189987,272700,APO
2011-11-16T00:00:00.000000000,5.273131370544434,5.3137875084695,5.138965378705923,5.138965378705923,98500,APO
2011-11-17T00:00:00.000000000,4.91942024230957,5.281261636941649,4.899091982585124,5.232474046240559,161000,APO
2011-11-18T00:00:00.000000000,5.000732421875,5.118635851882533,4.943813377560262,4.9600759062602915,59000,APO
2011-11-21T00:00:00.000000000,4.764928340911865,4.919422647532586,4.573843226442881,4.919422647532586,226600,APO
2011-11-22T00:00:00.000000000,4.789745330810547,4.826971394149943,4.603615408574458,4.748382950553242,17000,APO
2011-11-23T00:00:00.000000000,4.686337947845459,4.781471227568974,4.620158480799922,4.760790045502058,193800,APO
2011-11-25T00:00:00.000000000,4.599477767944336,4.678066188923589,4.591205530950129,4.657385004746902,31900,APO
2011-11-28T00:00:00.000000000,4.798018932342529,4.909696750423746,4.735975349443211,4.7607928614951325,230000,APO
2011-11-29T00:00:00.000000000,4.996554851531982,5.1123689271148285,4.855923276808143,4.860059592408437,136000,APO
2011-11-30T00:00:00.000000000,5.178551197052002,5.248866622591285,5.008965728870826,5.058600355730823,171700,APO
2011-12-01T00:00:00.000000000,5.232319355010986,5.240591986269619,5.137186462301332,5.1785488296729545,191700,APO
2011-12-02T00:00:00.000000000,5.3770880699157715,5.443267552277925,5.281955162635383,5.281955162635383,105400,APO
2011-12-05T00:00:00.000000000,5.716256141662598,5.8775688700994975,5.468083168445092,5.468083168445092,381000,APO
2011-12-06T00:00:00.000000000,5.778301239013672,5.807254661748243,5.654214521712822,5.707985445691883,90800,APO
2011-12-07T00:00:00.000000000,5.621124267578125,5.782436630262391,5.538399928450199,5.782436630262391,283900,APO
2011-12-08T00:00:00.000000000,5.447403907775879,5.616988931165547,5.323317180222687,5.554945764619368,380200,APO
2011-12-09T00:00:00.000000000,5.60871696472168,5.6831686892912945,5.434995616624491,5.480493914664859,305200,APO
2011-12-12T00:00:00.000000000,5.455677032470703,5.5466740333918825,5.389497538877444,5.538401793923173,195000,APO
2011-12-13T00:00:00.000000000,5.480490207672119,5.542533335257758,5.401902219766271,5.401902219766271,211800,APO
2011-12-14T00:00:00.000000000,5.253000736236572,5.43085837037783,5.104096918128569,5.43085837037783,78800,APO
2011-12-15T00:00:00.000000000,5.199228763580322,5.33158808071881,5.054461290516673,5.286089405202794,145300,APO
2011-12-16T00:00:00.000000000,4.864197254180908,5.2736831448772366,4.798017764104032,5.228184844064603,353600,APO
2011-12-19T00:00:00.000000000,4.897285461425781,5.046189267341561,4.616022322457446,4.942783747951526,551900,APO
2011-12-20T00:00:00.000000000,5.0089640617370605,5.042053801963799,4.876605100830109,4.955193135253407,253100,APO
2011-12-21T00:00:00.000000000,5.062734603881836,5.0668709197113735,4.942784206050773,5.00069144428193,56000,APO
2011-12-22T00:00:00.000000000,5.075143814086914,5.095824605383571,4.975874201343237,5.095824605383571,181400,APO
2011-12-23T00:00:00.000000000,5.087550163269043,5.0958223973111,4.9924169077912435,5.083413849017695,68400,APO
2011-12-27T00:00:00.000000000,5.087550163269043,5.112367259855851,4.9924169077912435,5.066868986472945,132900,APO
2011-12-28T00:00:00.000000000,5.162003517150879,5.17441246391862,5.062734309773538,5.071006940952033,137400,APO
2011-12-29T00:00:00.000000000,5.083414077758789,5.186819571931637,5.066869214469559,5.157866159790649,174700,APO
2011-12-30T00:00:00.000000000,5.133050441741943,5.137186757609033,5.046189780837025,5.058598333977502,144100,APO
2012-01-03T00:00:00.000000000,5.397770404815674,5.505312283757566,5.17027808996503,5.17027808996503,465400,APO
2012-01-04T00:00:00.000000000,5.4225873947143555,5.45981345922435,5.294364721914271,5.360544216838303,97200,APO
2012-01-05T00:00:00.000000000,5.542535781860352,5.629396435498885,5.3522696069597915,5.381223421146475,248400,APO
2012-01-06T00:00:00.000000000,5.761756420135498,5.786573527136549,5.488765876359111,5.497038113872527,214500,APO
2012-01-09T00:00:00.000000000,5.592173099517822,5.782438958903475,5.588036782280502,5.782438958903475,80100,APO
2012-01-10T00:00:00.000000000,5.732802391052246,5.749347259929105,5.654214362502364,5.654214362502364,69900,APO
2012-01-11T00:00:00.000000000,5.6169867515563965,5.765890530163274,5.575624393601924,5.7079837023798286,57400,APO
2012-01-12T00:00:00.000000000,5.666621208190918,5.728664743631003,5.575624259555195,5.6087143817996425,85000,APO
2012-01-13T00:00:00.000000000,5.645941734313965,5.728666473210044,5.583898574602696,5.621124628213773,84500,APO
2012-01-17T00:00:00.000000000,5.8403425216674805,5.943748020410448,5.583896932120204,5.583896932120204,550400,APO
2012-01-18T00:00:00.000000000,5.985114097595215,5.9933863375165135,5.803120085795627,5.885844457313205,204700,APO
2012-01-19T00:00:00.000000000,6.100925445556641,6.134015179128225,5.902387044127139,5.993383614218624,104400,APO
2012-01-20T00:00:00.000000000,6.187788009643555,6.299465796391793,6.125744838612406,6.175379454329497,2252600,APO
2012-01-23T00:00:00.000000000,6.266374588012695,6.3366903757930215,5.807254204088891,6.196058800232369,149700,APO
2012-01-24T00:00:00.000000000,6.162970066070557,6.216740994553584,6.005793991379656,6.216740994553584,1515800,APO
2012-01-25T00:00:00.000000000,5.985114097595215,6.24569616372127,5.980977780404106,6.167107714933883,145600,APO
2012-01-26T00:00:00.000000000,6.059564113616943,6.15469740968689,6.014065820820504,6.038883322457257,303800,APO
2012-01-27T00:00:00.000000000,6.2498297691345215,6.274647268618401,5.976839247115706,6.030610167280135,221200,APO
2012-01-30T00:00:00.000000000,5.964428901672363,6.2332830272150845,5.840342230475472,6.1919210664565565,174000,APO
2012-01-31T00:00:00.000000000,6.154697895050049,6.229150011370841,5.931341940548512,5.960295366024003,164200,APO
2012-02-01T00:00:00.000000000,6.0719709396362305,6.295326798465485,6.055426075814088,6.196057221071963,204800,APO
2012-02-02T00:00:00.000000000,6.051292896270752,6.187788192133478,6.030611707163487,6.084382641058027,108900,APO
2012-02-03T00:00:00.000000000,6.1422882080078125,6.187786496003593,6.051291237555487,6.109198472290743,115500,APO
2012-02-06T00:00:00.000000000,6.138152122497559,6.175378175189756,6.08024488559183,6.134015806762696,107700,APO
2012-02-07T00:00:00.000000000,6.24155855178833,6.402870944169915,6.080245764945909,6.1174718230219165,359800,APO
2012-02-08T00:00:00.000000000,6.208467960357666,6.270511119019259,6.1298795386281455,6.2291491447317915,278600,APO
2012-02-09T00:00:00.000000000,6.344964027404785,6.394598639503314,6.183651242238943,6.229149932508219,347800,APO
2012-02-10T00:00:00.000000000,5.956159591674805,6.262240323034497,5.798983500967424,5.869298912883424,751900,APO
2012-02-13T00:00:00.000000000,5.956159591674805,6.129880949257567,5.906524974431283,6.067837776318384,242700,APO
2012-02-14T00:00:00.000000000,6.001659393310547,6.088520088118233,5.947888449433318,6.001659393310547,283500,APO
2012-02-15T00:00:00.000000000,6.129880905151367,6.191924472105003,6.067837732658601,6.088518921643147,429800,APO
2012-02-16T00:00:00.000000000,5.947885513305664,6.146423920881456,5.947885513305664,6.0843807671292085,353300,APO
2012-02-17T00:00:00.000000000,5.99338436126709,6.084381337161679,5.956158307743813,5.985112124073466,291600,APO
2012-02-21T00:00:00.000000000,5.946396350860596,6.048920327538934,5.895134362521427,6.001930273409879,40800,APO
2012-02-22T00:00:00.000000000,6.048920154571533,6.125813338578579,5.959211575694664,6.061735549441355,268900,APO
2012-02-23T00:00:00.000000000,5.950667381286621,6.104453322947204,5.937851580602733,6.0702786692448525,189700,APO
2012-02-24T00:00:00.000000000,6.048920154571533,6.083094812487096,5.950668114912802,6.006202035874107,197000,APO
2012-02-27T00:00:00.000000000,5.99338436126709,6.057462130386313,5.967753579534544,6.019015550393566,378000,APO
2012-02-28T00:00:00.000000000,5.959210395812988,6.019016239021118,5.946395003480524,5.993385046962212,158800,APO
2012-02-29T00:00:00.000000000,5.98911190032959,5.993383425021792,5.925034141220154,5.98911190032959,136400,APO
2012-03-01T00:00:00.000000000,5.96348237991333,6.014744357074341,5.937851187635834,6.014744357074341,106000,APO
2012-03-02T00:00:00.000000000,5.946396350860596,6.006202207619994,5.912221691967816,5.946396350860596,144800,APO
2012-03-05T00:00:00.000000000,6.006203651428223,6.023290984982171,5.920766576264315,5.937853909818263,468800,APO
2012-03-06T00:00:00.000000000,5.907948017120361,5.967753856259383,5.843870652423799,5.937850732992898,240500,APO
2012-03-07T00:00:00.000000000,5.9164910316467285,6.078820386504862,5.843869811497299,5.937849878542768,310900,APO
2012-03-08T00:00:00.000000000,5.98911190032959,6.006199221279999,5.886587567233266,6.006199221279999,162500,APO
2012-03-09T00:00:00.000000000,6.074549674987793,6.087365066320268,5.963481863722491,6.023287702263948,119600,APO
2012-03-12T00:00:00.000000000,6.095908164978027,6.125810876788577,6.027558469220651,6.125810876788577,125400,APO
2012-03-13T00:00:00.000000000,6.0873637199401855,6.117266428900174,6.019014438092295,6.108722972366115,214500,APO
2012-03-14T00:00:00.000000000,6.142898082733154,6.194160048036535,6.031830287545553,6.095908049720193,220700,APO
2012-03-15T00:00:00.000000000,6.134354591369629,6.177073102085073,6.104451878305166,6.142898456470282,85200,APO
2012-03-16T00:00:00.000000000,6.228334426879883,6.2838683221136,6.112995111697447,6.177072463755037,464300,APO
2012-03-19T00:00:00.000000000,6.159985065460205,6.236878212880081,6.044645344330391,6.228334348769488,219600,APO
2012-03-20T00:00:00.000000000,6.1172661781311035,6.228333960277779,6.087363470396936,6.100178858369603,164800,APO
2012-03-21T00:00:00.000000000,6.219791889190674,6.219791889190674,6.061733636956213,6.1215394731366555,304900,APO
2012-03-22T00:00:00.000000000,6.095908164978027,6.2753248432352216,6.078820435493263,6.19416016515206,126500,APO
2012-03-23T00:00:00.000000000,6.091636657714844,6.1300832369507905,6.001928108628943,6.125811304281481,150800,APO
2012-03-26T00:00:00.000000000,6.155716896057129,6.198435427933859,6.108726836908016,6.138629564785259,116300,APO
2012-03-27T00:00:00.000000000,6.0574631690979,6.1941617814958665,6.040375842548154,6.172802521460184,176700,APO
2012-03-28T00:00:00.000000000,6.0873637199401855,6.189887642712021,5.98483979716835,6.07454833144217,155200,APO
2012-03-29T00:00:00.000000000,6.151443004608154,6.262510826241536,6.048919049589948,6.061734442118728,272800,APO
2012-03-30T00:00:00.000000000,6.100179672241211,6.194160147165039,6.031830384076206,6.194160147165039,115400,APO
2012-04-02T00:00:00.000000000,6.151443004608154,6.224064241261213,6.014744397917212,6.138627612079374,201400,APO
2012-04-03T00:00:00.000000000,6.172801971435547,6.279597854703961,6.07027802127242,6.125811929459271,215200,APO
2012-04-04T00:00:00.000000000,6.036102294921875,6.14289815914754,5.942121820333,6.14289815914754,265800,APO
2012-04-05T00:00:00.000000000,6.130082607269287,6.185616096690235,6.031830202937242,6.031830202937242,66100,APO
2012-04-09T00:00:00.000000000,6.048920154571533,6.078822878399136,5.980570838740406,6.036104759701711,103500,APO
2012-04-10T00:00:00.000000000,5.831055164337158,6.0617342598904225,5.796880513691783,6.040375408782541,131600,APO
2012-04-11T00:00:00.000000000,5.976297378540039,5.997656636131462,5.882317296968103,5.950666595345495,131200,APO
2012-04-12T00:00:00.000000000,5.9164910316467285,5.929306421263131,5.784063980964273,5.784063980964273,185300,APO
2012-04-13T00:00:00.000000000,5.792608261108398,5.903675658073261,5.775520937929656,5.890860267537684,155600,APO
2012-04-16T00:00:00.000000000,5.6900835037231445,5.907947164064156,5.638821537888887,5.79687936772632,178300,APO
2012-04-17T00:00:00.000000000,5.771248817443848,5.826782717815721,5.57047247108306,5.702899526953513,266600,APO
2012-04-18T00:00:00.000000000,5.860958099365234,5.950666656252242,5.7114437020889035,5.762705676396628,204200,APO
2012-04-19T00:00:00.000000000,5.771248817443848,5.920762788542978,5.6687248817083455,5.818238852807476,217700,APO
2012-04-20T00:00:00.000000000,5.549112319946289,5.805422525292777,5.506394223984435,5.805422525292777,173900,APO
2012-04-23T00:00:00.000000000,5.53202486038208,5.549112179814083,5.348336278336514,5.51066560924362,244200,APO
2012-04-24T00:00:00.000000000,5.647366523742676,5.694356566571312,5.510667513651602,5.536298705354294,217300,APO
2012-04-25T00:00:00.000000000,5.651637077331543,5.818238776255134,5.579016262686487,5.694355587022895,317100,APO
2012-04-26T00:00:00.000000000,5.596102714538574,5.672995449669893,5.549112279709273,5.672995449669893,282500,APO
2012-04-27T00:00:00.000000000,5.600376605987549,5.681541714601375,5.5405711653184255,5.62173586653824,173600,APO
2012-04-30T00:00:00.000000000,5.485037326812744,5.634551337950353,5.463678065966224,5.600376683553527,172000,APO
2012-05-01T00:00:00.000000000,5.514939785003662,5.5704736976031235,5.45513434635347,5.485037065678566,172600,APO
2012-05-02T00:00:00.000000000,5.403870105743408,5.553384465858684,5.365423940113687,5.47649131981153,207000,APO
2012-05-03T00:00:00.000000000,5.2714433670043945,5.433773112382104,5.245812183042084,5.395326540135561,149000,APO
2012-05-04T00:00:00.000000000,5.19455099105835,5.254356824222936,5.1176578351887265,5.254356824222936,154300,APO
2012-05-07T00:00:00.000000000,5.211639404296875,5.254357923695257,5.113387380032188,5.113387380032188,405000,APO
2012-05-08T00:00:00.000000000,5.489307880401611,5.69008382265766,5.365424687509915,5.54056984910915,621500,APO
2012-05-09T00:00:00.000000000,5.143289566040039,5.523483045615388,5.134746107482343,5.467949139111531,355500,APO
2012-05-10T00:00:00.000000000,5.139018535614014,5.378241528152773,5.126203141829766,5.168921664302624,357500,APO
2012-05-11T00:00:00.000000000,5.1048431396484375,5.22445441485977,4.946785281270686,5.126202397784667,518300,APO
2012-05-14T00:00:00.000000000,5.079213619232178,5.1390190680172045,5.015135828884423,5.066397816726187,253600,APO
2012-05-15T00:00:00.000000000,4.959600448608398,5.053580935715693,4.90406654292654,5.019406287202849,307200,APO
2012-05-16T00:00:00.000000000,4.895523548126221,5.1048433919395295,4.88697968149189,4.998047503374292,521200,APO
2012-05-17T00:00:00.000000000,4.699004173278809,4.886789368839398,4.581092161119815,4.856219773011292,1268500,APO
2012-05-18T00:00:00.000000000,4.6029253005981445,4.812546404480798,4.559254115816134,4.712102846073887,373600,APO
2012-05-21T00:00:00.000000000,4.808181285858154,4.821282480377155,4.550522100267505,4.550522100267505,316800,APO
2012-05-22T00:00:00.000000000,4.8867878913879395,4.91299069166106,4.751407936668399,4.799445917943175,297800,APO
2012-05-23T00:00:00.000000000,5.100776672363281,5.113877865352872,4.856218709840906,4.882421512299503,724200,APO
2012-05-24T00:00:00.000000000,5.122610092163086,5.170648477390813,5.017799751359582,5.105141702029169,365800,APO
2012-05-25T00:00:00.000000000,5.161915302276611,5.166282504969012,5.074573330825446,5.113877322098314,152000,APO
2012-05-29T00:00:00.000000000,5.2448906898498535,5.2972958747422165,5.161915501410737,5.2143206863031,159200,APO
2012-05-30T00:00:00.000000000,5.100776672363281,5.18811865309291,5.083308276217356,5.18811865309291,253300,APO
2012-05-31T00:00:00.000000000,5.096410274505615,5.140081480010752,4.991599881068665,5.118245877258183,255200,APO
2012-06-01T00:00:00.000000000,4.961029529571533,5.118245525398444,4.799446746677894,4.895523142296622,395100,APO
2012-06-04T00:00:00.000000000,4.987232208251953,5.0047006055154855,4.917358619197826,4.969763810988422,312800,APO
2012-06-05T00:00:00.000000000,5.065842628479004,5.087677823148252,4.825651738800495,4.961031778260259,331700,APO
2012-06-06T00:00:00.000000000,5.240523338317871,5.262358935523404,4.978497004810228,5.109510171564049,339200,APO
2012-06-07T00:00:00.000000000,5.45888090133667,5.480716508237928,5.2885636672823235,5.314766478859747,255200,APO
2012-06-08T00:00:00.000000000,5.541854381561279,5.541854381561279,5.423942798879275,5.428310002510321,223800,APO
2012-06-11T00:00:00.000000000,5.511285305023193,5.576792116182693,5.4807157097031265,5.56805770810296,268500,APO
2012-06-12T00:00:00.000000000,5.5331196784973145,5.554955277362174,5.4457776995172855,5.4457776995172855,332100,APO
2012-06-13T00:00:00.000000000,5.5462212562561035,5.62046204766295,5.471980464849258,5.49818326860203,141200,APO
2012-06-14T00:00:00.000000000,5.572422504425049,5.607359288689587,5.506915721569548,5.541852505834087,93400,APO
2012-06-15T00:00:00.000000000,5.602993011474609,5.672866591538365,5.563689018568899,5.568056221442732,210300,APO
2012-06-18T00:00:00.000000000,5.58115816116333,5.611728168895521,5.480714980487482,5.611728168895521,108100,APO
2012-06-19T00:00:00.000000000,5.637930870056152,5.677234870411097,5.58989287877759,5.624829675430993,262500,APO
2012-06-20T00:00:00.000000000,5.637930870056152,5.659766472084396,5.602994073402749,5.659766472084396,233600,APO
2012-06-21T00:00:00.000000000,5.637930870056152,5.685969277814182,5.576791684152431,5.659766472084396,261700,APO
2012-06-22T00:00:00.000000000,5.633563041687012,5.681601444118389,5.607360655342098,5.642297448121597,110400,APO
2012-06-25T00:00:00.000000000,5.554956436157227,5.607361634477263,5.506918025337573,5.58989323503725,298800,APO
2012-06-26T00:00:00.000000000,5.537487506866455,5.620462292147252,5.524385896180444,5.572424302403575,327500,APO
2012-06-27T00:00:00.000000000,5.528750896453857,5.576789283532984,5.4152061479677425,5.537485300097076,145200,APO
2012-06-28T00:00:00.000000000,5.349703788757324,5.515653833814695,5.33223538488179,5.498185429939161,387900,APO
2012-06-29T00:00:00.000000000,5.415207862854004,5.485081864689566,5.371537080246126,5.471980255075724,314200,APO
2012-07-02T00:00:00.000000000,5.55932092666626,5.576789735368031,5.4108398010151,5.43267497893367,236300,APO
2012-07-03T00:00:00.000000000,5.5331196784973145,5.576790876227033,5.528752475428461,5.554955277362174,78100,APO
2012-07-05T00:00:00.000000000,5.576791286468506,5.6335632646222455,5.511284485055098,5.563689676298162,85900,APO
2012-07-06T00:00:00.000000000,5.489448070526123,5.550587659482718,5.410840503558359,5.550587659482718,51600,APO
2012-07-09T00:00:00.000000000,5.406474590301514,5.485082592497266,5.38463898786053,5.467614193840373,89600,APO
2012-07-10T00:00:00.000000000,5.45888090133667,5.520020517364283,5.240525665283203,5.358437692662265,394300,APO
2012-07-11T00:00:00.000000000,5.480715274810791,5.637930859455502,5.454512469130272,5.5025508767979785,136500,APO
2012-07-12T00:00:00.000000000,5.58115816116333,5.594259771539746,5.40210698414677,5.432676575399516,161000,APO
2012-07-13T00:00:00.000000000,5.651031494140625,5.651031494140625,5.554955521283544,5.611727914233324,53300,APO
2012-07-16T00:00:00.000000000,5.664133548736572,5.6772347430678645,5.554955957523728,5.602993947724775,91700,APO
2012-07-17T00:00:00.000000000,5.690335273742676,5.716538075828721,5.602993294254875,5.633562882955753,136600,APO
2012-07-18T00:00:00.000000000,5.747108459472656,5.760209654088138,5.59426007834679,5.694703264531261,929900,APO
2012-07-19T00:00:00.000000000,5.742741584777832,5.76894439198943,5.681602395416589,5.76894439198943,119200,APO
2012-07-20T00:00:00.000000000,5.856287002563477,5.878122608115909,5.659767385550652,5.681602991103085,179800,APO
2012-07-23T00:00:00.000000000,5.856287002563477,5.878122608115909,5.751476595687242,5.812616207938146,50500,APO
2012-07-24T00:00:00.000000000,5.816981315612793,5.873753707058431,5.712170939011345,5.8344497117130345,95700,APO
2012-07-25T00:00:00.000000000,5.777677059173584,5.895589039881321,5.764575866810301,5.821348255690389,94600,APO
2012-07-26T00:00:00.000000000,5.642297744750977,5.786412126662711,5.620462143995983,5.729639731291506,78500,APO
2012-07-27T00:00:00.000000000,5.764575004577637,5.782043397275656,5.6117266725898025,5.672865838793203,60000,APO
2012-07-30T00:00:00.000000000,5.825716495513916,5.9610964791483765,5.7645768928044845,5.7645768928044845,88300,APO
2012-07-31T00:00:00.000000000,5.926158905029297,5.930526108181337,5.825715731408862,5.834449721233527,98900,APO
2012-08-01T00:00:00.000000000,6.113943576812744,6.19255155607373,5.956728034770126,5.965462023310595,195600,APO
2012-08-02T00:00:00.000000000,5.899955749511719,6.127044869564913,5.6553978191289165,6.048437305478488,393600,APO
2012-08-03T00:00:00.000000000,5.996031761169434,6.087740933824726,5.926158185142422,6.087740933824726,81800,APO
2012-08-06T00:00:00.000000000,5.882486820220947,6.0353351483780715,5.790777656734943,6.030968362672509,193100,APO
2012-08-07T00:00:00.000000000,5.917424201965332,6.017867363479146,5.882487413918843,6.004766172081554,225500,APO
2012-08-08T00:00:00.000000000,6.004767417907715,6.096476609676756,5.843184635548823,5.939261030849593,77800,APO
2012-08-09T00:00:00.000000000,5.913058280944824,5.961096270800732,5.8912226795632465,5.934893882326403,140500,APO
2012-08-10T00:00:00.000000000,5.904325485229492,5.943629075895461,5.83008467539454,5.908692273206017,161800,APO
2012-08-13T00:00:00.000000000,5.777677059173584,5.908690232244603,5.777677059173584,5.878120644570477,189300,APO
2012-08-14T00:00:00.000000000,5.782044887542725,5.891222474164662,5.760209286922449,5.786412090962668,471100,APO
2012-08-15T00:00:00.000000000,5.7951459884643555,5.843183972423327,5.760208780654898,5.7951459884643555,266800,APO
2012-08-16T00:00:00.000000000,5.816981315612793,5.930526098504069,5.729639335111585,5.777677320267396,397700,APO
2012-08-17T00:00:00.000000000,5.7951459884643555,5.8257155767583,5.74710758802598,5.816981170686085,42600,APO
2012-08-20T00:00:00.000000000,5.882486820220947,5.895588010296284,5.742739265659836,5.768942062289833,60900,APO
2012-08-21T00:00:00.000000000,5.891223430633545,5.917426238927918,5.85191942643174,5.873755030597133,225800,APO
2012-08-22T00:00:00.000000000,6.04407262802124,6.04407262802124,5.851919798910534,5.899958214427978,266500,APO
2012-08-23T00:00:00.000000000,6.097404479980469,6.13740209826821,5.941858280823539,6.008521119246208,284000,APO
2012-08-24T00:00:00.000000000,5.977406024932861,6.070733572223319,5.950741253609244,6.070733572223319,112300,APO
2012-08-27T00:00:00.000000000,5.901857852935791,6.012962106919375,5.870748797445698,5.981853051429281,108500,APO
2012-08-28T00:00:00.000000000,5.990739822387695,6.012960752946617,5.835194156133243,5.901856523981008,162800,APO
2012-08-29T00:00:00.000000000,5.999629020690918,6.0796242099254245,5.9640756974375915,5.999629020690918,112900,APO
2012-08-30T00:00:00.000000000,5.955188274383545,6.026295358088549,5.892970158906713,5.995185876521008,993500,APO
2012-08-31T00:00:00.000000000,5.892970085144043,5.999630073622793,5.8485282113633374,5.999630073622793,37300,APO
2012-09-04T00:00:00.000000000,5.9063029289245605,6.044072409105557,5.8885262628201565,5.9196353225455765,108600,APO
2012-09-05T00:00:00.000000000,5.990739822387695,5.990739822387695,5.866303204618333,5.9285217254175135,141900,APO
2012-09-06T00:00:00.000000000,6.039624214172363,6.164060796087528,5.968517595935126,6.026291829210101,148100,APO
2012-09-07T00:00:00.000000000,6.181839942932129,6.181839942932129,6.026294258785224,6.026294258785224,88500,APO
2012-09-10T00:00:00.000000000,6.177395820617676,6.217393416424097,6.075180119182649,6.155175310795492,104800,APO
2012-09-11T00:00:00.000000000,6.186285018920898,6.328498331226955,6.11517836276787,6.155175962811224,270900,APO
2012-09-12T00:00:00.000000000,6.204061031341553,6.26627956085514,6.128510111156859,6.2529467463549775,91700,APO
2012-09-13T00:00:00.000000000,6.292944431304932,6.310721093727808,6.070735939104452,6.221837781613428,194700,APO
2012-09-14T00:00:00.000000000,6.461823463439941,6.617369590202501,6.332942544401771,6.332942544401771,386800,APO
2012-09-17T00:00:00.000000000,6.644033908843994,6.666254843086763,6.484043945188376,6.484043945188376,429700,APO
2012-09-18T00:00:00.000000000,6.590705394744873,6.648479667163689,6.555152061537781,6.6440353945555115,241800,APO
2012-09-19T00:00:00.000000000,6.661810874938965,6.666255146755783,6.506265175812116,6.608480884624409,356900,APO
2012-09-20T00:00:00.000000000,6.630700588226318,6.666253908498658,6.541817287545472,6.599591538945274,175100,APO
2012-09-21T00:00:00.000000000,6.648478031158447,6.692919898645989,6.555150448497858,6.666254693387652,272700,APO
2012-09-24T00:00:00.000000000,6.595147609710693,6.661809982718482,6.537373355317062,6.60403572832485,101500,APO
2012-09-25T00:00:00.000000000,6.510711669921875,6.675146403341988,6.506267820128049,6.5995954470665605,286700,APO
2012-09-26T00:00:00.000000000,6.568481922149658,6.64847710292703,6.492931012266362,6.497375283160438,298000,APO
2012-09-27T00:00:00.000000000,6.5862603187561035,6.670699792695039,6.5240422051475315,6.5773721984530695,469100,APO
2012-09-28T00:00:00.000000000,6.515153408050537,6.630701934307339,6.2973891712174765,6.630701934307339,265600,APO
2012-10-01T00:00:00.000000000,6.452934265136719,6.604035670895652,6.346273875891141,6.555149959370323,516600,APO
2012-10-02T00:00:00.000000000,6.38627290725708,6.5507071636003085,6.310721975446796,6.439602901976847,380700,APO
2012-10-03T00:00:00.000000000,6.4084930419921875,6.412937313619684,6.150731221204352,6.37738398825785,385300,APO
2012-10-04T00:00:00.000000000,6.537374496459961,6.608481153101491,6.3996050313451684,6.3996050313451684,366700,APO
2012-10-05T00:00:00.000000000,6.550708293914795,6.617371116688911,6.430715891048099,6.559596839816355,377900,APO
2012-10-08T00:00:00.000000000,6.6218132972717285,6.626257569102658,6.497376652809313,6.524041859965805,363100,APO
2012-10-09T00:00:00.000000000,6.484045028686523,6.621814081120882,6.475156483972492,6.599593566994085,292100,APO
2012-10-10T00:00:00.000000000,6.515153408050537,6.581816214965968,6.43515820928366,6.475155808667099,290800,APO
2012-10-11T00:00:00.000000000,6.484045028686523,6.626258353477898,6.399605549219791,6.559595963439226,408200,APO
2012-10-12T00:00:00.000000000,6.435157299041748,6.452934384101267,6.341830145453483,6.386271586615175,270400,APO
2012-10-15T00:00:00.000000000,6.630700588226318,6.657365366516068,6.404047853618402,6.435156902899446,359400,APO
2012-10-16T00:00:00.000000000,6.679587364196777,6.697364027171409,6.479599799774901,6.617369255700105,508600,APO
2012-10-17T00:00:00.000000000,6.692920207977295,6.732917381969789,6.617369284054122,6.648478338435753,395900,APO
2012-10-18T00:00:00.000000000,6.692920207977295,6.750694045020589,6.6529226101557235,6.697364055868186,258300,APO
2012-10-19T00:00:00.000000000,6.6840338706970215,6.817359099498441,6.648480532860539,6.715142935346639,143700,APO
2012-10-22T00:00:00.000000000,6.715139865875244,6.755137458615805,6.6307008330677455,6.661809883497504,250000,APO
2012-10-23T00:00:00.000000000,6.679587364196777,6.750694016095305,6.532929788698796,6.7284735052488225,556600,APO
2012-10-24T00:00:00.000000000,6.630700588226318,6.737360549043335,6.501819696281839,6.697362957779702,487700,APO
2012-10-25T00:00:00.000000000,6.75069522857666,6.777360439742441,6.626258565404372,6.670700442737623,292200,APO
2012-10-26T00:00:00.000000000,6.581815719604492,6.799579940048154,6.372939618449824,6.7240290188609135,261900,APO
2012-10-31T00:00:00.000000000,6.75069522857666,6.812913772077381,6.612926171736058,6.741807107407502,287000,APO
2012-11-01T00:00:00.000000000,6.857354640960693,6.875131304513908,6.701808516998248,6.772915171211106,219600,APO
2012-11-02T00:00:00.000000000,6.630700588226318,6.87957383013269,6.5862587259713905,6.87068571197911,171300,APO
2012-11-05T00:00:00.000000000,6.581815719604492,6.697363813335803,6.506264798417252,6.630701435266621,184000,APO
2012-11-06T00:00:00.000000000,6.715139865875244,6.715139865875244,6.475154733260901,6.577370850690005,367700,APO
2012-11-07T00:00:00.000000000,6.421825885772705,6.626257732929863,6.3107216302270555,6.626257732929863,381800,APO
2012-11-08T00:00:00.000000000,6.244057655334473,6.644032703846421,6.239613384526142,6.541817018228764,284400,APO
2012-11-09T00:00:00.000000000,6.319611072540283,6.53737534264937,6.28405773961754,6.408494404847139,233200,APO
2012-11-12T00:00:00.000000000,6.452934265136719,6.461822383673584,6.319609096451517,6.319609096451517,167200,APO
2012-11-13T00:00:00.000000000,6.4929327964782715,6.537374669973346,6.364051871937496,6.430714682180107,139700,APO
2012-11-14T00:00:00.000000000,6.244057655334473,6.532928476612103,6.146285816696155,6.501819428611771,1445300,APO
2012-11-15T00:00:00.000000000,6.332942962646484,6.444047225149054,6.2307272445821,6.266280574676593,596700,APO
2012-11-16T00:00:00.000000000,6.284057140350342,6.435158578947915,6.270724323903902,6.372940464181008,137800,APO
2012-11-19T00:00:00.000000000,6.6218132972717285,6.67069943975378,6.332942409526708,6.359607616683198,411100,APO
2012-11-20T00:00:00.000000000,6.909519195556641,6.914086067525997,6.7314151084396645,6.740548852378378,728900,APO
2012-11-21T00:00:00.000000000,6.932352066040039,6.9460522443445525,6.827316204316587,6.895817966880791,503700,APO
2012-11-23T00:00:00.000000000,7.000853538513184,7.005420409883162,6.904951417347763,6.964319438595007,251400,APO
2012-11-26T00:00:00.000000000,6.973455429077148,7.032823033939427,6.904953643009883,6.982588739240205,173800,APO
2012-11-27T00:00:00.000000000,7.005423545837402,7.078491778382504,6.914088255156026,6.987156487701127,192700,APO
2012-11-28T00:00:00.000000000,7.060223579406738,7.142425545497728,6.923220447762072,6.99172223134488,148400,APO
2012-11-29T00:00:00.000000000,7.1104559898376465,7.160690704936585,7.009987430681436,7.064788581726869,441400,APO
2012-11-30T00:00:00.000000000,7.165259838104248,7.201794388074751,7.037390437530983,7.037390437530983,485200,APO
2012-12-03T00:00:00.000000000,7.197226524353027,7.2748616157537604,7.128724742547178,7.238327506332349,427600,APO
2012-12-04T00:00:00.000000000,7.215494155883789,7.261161578550823,7.1469923686017784,7.197227099712781,189000,APO
2012-12-05T00:00:00.000000000,7.270293712615967,7.325095304500778,7.192658632220175,7.192658632220175,438100,APO
2012-12-06T00:00:00.000000000,7.398165225982666,7.439266211652499,7.2109273539844265,7.247461466686284,182100,APO
2012-12-07T00:00:00.000000000,7.320529460906982,7.475799643509412,7.293128661115579,7.448398408197071,110000,APO
2012-12-10T00:00:00.000000000,7.425563812255859,7.443830428705863,7.274860524615907,7.325095244176473,78700,APO
2012-12-11T00:00:00.000000000,7.480363845825195,7.52146481786613,7.389029029877746,7.452963488145127,195800,APO
2012-12-12T00:00:00.000000000,7.36619758605957,7.516900919468042,7.293129791506287,7.516900919468042,319200,APO
2012-12-13T00:00:00.000000000,7.548865795135498,7.548865795135498,7.34336094177618,7.379895041146543,552200,APO
2012-12-14T00:00:00.000000000,7.503199100494385,7.562566694408654,7.434697762580453,7.48949848449489,222900,APO
2012-12-17T00:00:00.000000000,7.608233451843262,7.676734779929589,7.489497410007525,7.489497410007525,170100,APO
2012-12-18T00:00:00.000000000,7.726970195770264,7.781771785843718,7.599100399626685,7.626501630184274,316100,APO
2012-12-19T00:00:00.000000000,7.736106872558594,7.781774736428557,7.612803901422312,7.612803901422312,168000,APO
2012-12-20T00:00:00.000000000,7.800039291381836,7.804606163662255,7.740671693820036,7.763505184180307,255400,APO
2012-12-21T00:00:00.000000000,7.745240211486816,7.809175573143455,7.53060237082224,7.6676059706218025,182400,APO
2012-12-24T00:00:00.000000000,7.731537342071533,7.772638318325661,7.640201645719747,7.704136981582699,48800,APO
2012-12-26T00:00:00.000000000,7.818305969238281,7.88680730425289,7.726970275190981,7.726970275190981,118700,APO
2012-12-27T00:00:00.000000000,7.891376495361328,7.927910609509399,7.745239167727053,7.79090702817264,279200,APO
2012-12-28T00:00:00.000000000,7.868542194366455,8.151682234625412,7.745239231461328,7.854842445849438,254500,APO
2012-12-31T00:00:00.000000000,7.927909851074219,8.028378437609442,7.786339410132246,7.836574138920811,215900,APO
2013-01-02T00:00:00.000000000,8.188214302062988,8.215614663289069,8.092311731209037,8.115146091432253,539400,APO
2013-01-03T00:00:00.000000000,8.220182418823242,8.229316163894206,8.147114200339274,8.179081437045776,1004600,APO
2013-01-04T00:00:00.000000000,8.357184410095215,8.553555557448796,8.188214495657343,8.22018172968387,905500,APO
2013-01-07T00:00:00.000000000,8.421120643615723,8.46222162631291,8.375452788280858,8.380019660918533,406000,APO
2013-01-08T00:00:00.000000000,8.526153564453125,8.544420178527249,8.361749682577857,8.421118138162429,370000,APO
2013-01-09T00:00:00.000000000,8.658590316772461,8.658590316772461,8.407418465601607,8.407418465601607,566900,APO
2013-01-10T00:00:00.000000000,8.83669376373291,8.900628218980646,8.65402326942393,8.65402326942393,849600,APO
2013-01-11T00:00:00.000000000,8.813861846923828,8.868663445904573,8.731660755015508,8.791028355456273,337300,APO
2013-01-14T00:00:00.000000000,9.106133460998535,9.202035147993444,8.76819281423672,8.813859786496202,899700,APO
2013-01-15T00:00:00.000000000,8.982831954956055,9.128968379617664,8.832128658143546,9.05133329513596,269500,APO
2013-01-16T00:00:00.000000000,9.055898666381836,9.101566509280149,8.973696723373203,9.042198052199845,300200,APO
2013-01-17T00:00:00.000000000,9.156365394592285,9.215733839811483,9.087864079451387,9.10156469089616,367600,APO
2013-01-18T00:00:00.000000000,9.567378044128418,9.603912148458916,9.17006889737271,9.211169873624739,1078000,APO
2013-01-22T00:00:00.000000000,9.772884368896484,9.818552227885741,9.576513184972056,9.59021380398142,348600,APO
2013-01-23T00:00:00.000000000,9.699814796447754,9.813983992551481,9.676981305643745,9.804850247813143,242800,APO
2013-01-24T00:00:00.000000000,9.594778060913086,9.777448576021982,9.503442367837776,9.704380369978423,466700,APO
2013-01-25T00:00:00.000000000,9.708949089050293,9.800283928462086,9.55824577653104,9.626747123850357,266800,APO
2013-01-28T00:00:00.000000000,9.676980018615723,9.813982687302252,9.585644325463553,9.708947249906464,271200,APO
2013-01-29T00:00:00.000000000,9.681549072265625,9.713516310760681,9.48517789746236,9.654147835519643,446800,APO
2013-01-30T00:00:00.000000000,9.562810897827148,9.672413207673893,9.526276794544899,9.594778129318899,1268800,APO
2013-01-31T00:00:00.000000000,10.17019271850586,10.320896030234476,9.521711616604136,9.549111981179735,806100,APO
2013-02-01T00:00:00.000000000,10.398531913757324,10.686237941301043,10.288929576072006,10.384831294905927,1072800,APO
2013-02-04T00:00:00.000000000,10.142789840698242,10.261525896024132,9.850517009767895,10.115389480558958,634400,APO
2013-02-05T00:00:00.000000000,10.03318977355957,10.266095064449587,9.93728805609765,10.183893094601117,425200,APO
2013-02-06T00:00:00.000000000,10.051456451416016,10.503566377941517,9.996654852272682,10.092557433013049,381100,APO
2013-02-07T00:00:00.000000000,10.11539077758789,10.275227829138416,9.937287107282886,10.188458994689526,391400,APO
2013-02-08T00:00:00.000000000,10.361994743347168,10.937407499670933,10.247825566402968,10.937407499670933,756500,APO
2013-02-11T00:00:00.000000000,10.12452507019043,10.453332064935196,10.074290341574821,10.453332064935196,450300,APO
2013-02-12T00:00:00.000000000,10.03775691986084,10.211294610054992,9.996655933817065,10.133659510976969,366500,APO
2013-02-13T00:00:00.000000000,9.864217758178711,10.165624336894465,9.841383398553727,10.11995648868625,537700,APO
2013-02-14T00:00:00.000000000,10.17019271850586,10.24326093806871,9.845951732034056,9.887052714418395,775800,APO
2013-02-15T00:00:00.000000000,10.639883041381836,10.721359656995883,10.184572381042878,10.246877598092398,1983900,APO
2013-02-19T00:00:00.000000000,10.903477668762207,11.056845120477663,10.558400902402434,10.635084628260161,1594800,APO
2013-02-20T00:00:00.000000000,10.67821979522705,11.430679458741384,10.587157524071294,11.023296576352115,1546300,APO
2013-02-21T00:00:00.000000000,10.160606384277344,10.678222126018726,10.1174716629537,10.644672187322946,1630400,APO
2013-02-22T00:00:00.000000000,10.481719017028809,10.61591510377225,10.064750384587576,10.275631124795916,1141900,APO
2013-02-25T00:00:00.000000000,10.759697914123535,11.138323766755676,10.524852931560341,10.615915215770011,1434400,APO
2013-02-26T00:00:00.000000000,10.75490665435791,10.889102762334897,10.40503600992916,10.831590405814024,491800,APO
2013-02-27T00:00:00.000000000,10.980165481567383,11.109569659921359,10.73094282269509,10.759699916202056,250600,APO
2013-02-28T00:00:00.000000000,11.267729759216309,11.464231989628209,10.91786002352121,11.00412855963618,535900,APO
2013-03-01T00:00:00.000000000,11.219799995422363,11.358789841296534,11.037676346980694,11.152701953492631,363200,APO
2013-03-04T00:00:00.000000000,11.35879135131836,11.492987453017665,11.286899537816723,11.35879135131836,1006000,APO
2013-03-05T00:00:00.000000000,11.502571105957031,11.91953971077055,11.469022086494078,11.483399715325504,467400,APO
2013-03-06T00:00:00.000000000,11.459439277648926,11.555294426666679,11.416304552005183,11.555294426666679,505000,APO
2013-03-07T00:00:00.000000000,11.497777938842773,11.502570786367489,11.382752340676161,11.449850377737803,346000,APO
2013-03-08T00:00:00.000000000,11.502571105957031,11.73262230868204,11.406715981083835,11.55049866839363,338500,APO
2013-03-11T00:00:00.000000000,11.502571105957031,11.742208003997803,11.282105598547787,11.502571105957031,603200,APO
2013-03-12T00:00:00.000000000,11.454646110534668,11.742210635455951,11.36837666164404,11.516952229907865,382200,APO
2013-03-13T00:00:00.000000000,11.502571105957031,11.60321816434589,11.459436391178315,11.52653443010422,516700,APO
2013-03-14T00:00:00.000000000,11.349205017089844,11.56967055129901,11.119153786399671,11.55529292071983,914400,APO
2013-03-15T00:00:00.000000000,11.248555183410645,11.445057358260769,11.047260161107815,11.349203151633152,911100,APO
2013-03-18T00:00:00.000000000,11.037678718566895,11.200631924673615,10.975372596980083,11.200631924673615,1039000,APO
2013-03-19T00:00:00.000000000,10.913066864013672,11.14791096406026,10.826797416212392,11.085604845473819,890200,APO
2013-03-20T00:00:00.000000000,10.79324722290039,10.98016373016914,10.644671672573743,10.908272836153646,1933400,APO
2013-03-21T00:00:00.000000000,10.692602157592773,10.879519630006918,10.620711243960825,10.75011543698387,3324200,APO
2013-03-22T00:00:00.000000000,10.639883041381836,10.812421057749596,10.49610029457567,10.774079174763138,447600,APO
2013-03-25T00:00:00.000000000,10.385865211486816,10.855553403325807,10.35231618551866,10.692600207929848,556200,APO
2013-03-26T00:00:00.000000000,10.62550163269043,10.692599681322184,10.347522827318716,10.443377966057522,597800,APO
2013-03-27T00:00:00.000000000,10.500889778137207,10.63508678264401,10.361900839667934,10.520061170556309,526000,APO
2013-03-28T00:00:00.000000000,10.371487617492676,10.635088829125579,10.342731437472853,10.601539800078704,375800,APO
2013-04-01T00:00:00.000000000,10.683013916015625,10.78366097970458,10.467340330764626,10.515267895725101,678700,APO
2013-04-02T00:00:00.000000000,11.286901473999023,11.440269910188308,10.73573659884008,10.73573659884008,650800,APO
2013-04-03T00:00:00.000000000,11.238973617553711,11.660734258472576,11.12873992289346,11.387548274518688,784200,APO
2013-04-04T00:00:00.000000000,11.516951560974121,11.531329192192521,11.138324760421844,11.262936077788073,546700,APO
2013-04-05T00:00:00.000000000,11.61760139465332,11.708663708609391,11.334829667744406,11.449855315516112,533500,APO
2013-04-08T00:00:00.000000000,12.024983406066895,12.106460013640927,11.617600368196737,11.631978915701273,830800,APO
2013-04-09T00:00:00.000000000,12.657622337341309,12.76306225551641,12.02498100000605,12.111250439486735,1506300,APO
2013-04-10T00:00:00.000000000,12.470705032348633,13.208786240774435,12.34130088138271,12.63365820449633,1413000,APO
2013-04-11T00:00:00.000000000,12.192728996276855,12.672002924748433,12.173557600349605,12.609696802127344,1565600,APO
2013-04-12T00:00:00.000000000,11.838065147399902,12.4371574946541,11.79493042526621,12.255032909169094,818800,APO
2013-04-15T00:00:00.000000000,10.994542121887207,12.216690045598845,10.716563331851422,11.885990840751038,2364200,APO
2013-04-16T00:00:00.000000000,11.655937194824219,11.900366911591762,11.171870608379722,11.282104263179123,1475700,APO
2013-04-17T00:00:00.000000000,11.574462890625,11.675110870965543,11.262935081828417,11.584048586684537,481600,APO
2013-04-18T00:00:00.000000000,11.598429679870605,11.766174827067966,11.344414163319259,11.646356342416999,440900,APO
2013-04-19T00:00:00.000000000,11.962676048278809,12.140007792657515,11.651148197589917,11.670319592287038,619100,APO
2013-04-22T00:00:00.000000000,12.053738594055176,12.159179438784838,11.761382132017992,12.149593741238062,629600,APO
2013-04-23T00:00:00.000000000,12.250237464904785,12.5042528954067,12.154383258140763,12.154383258140763,722000,APO
2013-04-24T00:00:00.000000000,11.991434097290039,12.38443857852023,11.972262701062963,12.259827245471696,720600,APO
2013-04-25T00:00:00.000000000,12.470705032348633,12.470705032348633,12.029773080797618,12.111249666871466,863500,APO
2013-04-26T00:00:00.000000000,12.398821830749512,12.643250826402333,12.274210450413912,12.504261807582942,670600,APO
2013-04-29T00:00:00.000000000,12.456328392028809,12.643244918113208,12.413193668448962,12.518634510151879,550500,APO
2013-04-30T00:00:00.000000000,12.902053833007812,13.122519395198761,12.523427001233209,12.590525970974216,1068900,APO
2013-05-01T00:00:00.000000000,12.389225959777832,13.036245670609409,12.293370849231641,12.969146727570243,582200,APO
2013-05-02T00:00:00.000000000,12.580939292907715,12.719929156265321,12.441949429550109,12.590524989858386,331500,APO
2013-05-03T00:00:00.000000000,12.743890762329102,12.916429627555306,12.624072309064738,12.777439782980364,683300,APO
2013-05-06T00:00:00.000000000,12.70075798034668,13.486766860944456,12.66241610602831,13.290264640795012,1547000,APO
2013-05-07T00:00:00.000000000,13.00749397277832,13.180032877518698,12.83016313325512,13.084177727297941,1103500,APO
2013-05-08T00:00:00.000000000,12.916431427001953,13.03624989695877,12.509048446320294,12.700757815422728,1041300,APO
2013-05-09T00:00:00.000000000,12.2598237991333,12.878087441520151,12.207103388471474,12.878087441520151,1812300,APO
2013-05-10T00:00:00.000000000,11.90995979309082,12.00581405032162,11.751799400224472,11.85723935742115,16606400,APO
2013-05-13T00:00:00.000000000,11.98184871673584,12.048946777023957,11.89557925971254,11.933921139040393,6323900,APO
2013-05-14T00:00:00.000000000,12.555680274963379,12.697912102013818,11.967132396656085,12.016178209093537,4866900,APO
2013-05-15T00:00:00.000000000,12.903911590576172,12.948052754989186,12.330077388678605,12.555687888508642,2546300,APO
2013-05-16T00:00:00.000000000,13.085372924804688,13.139323411759033,12.697912037534495,12.913713049880819,1777900,APO
2013-05-17T00:00:00.000000000,13.409079551696777,13.477743156031366,12.997096054746347,13.124614845275904,1196000,APO
2013-05-20T00:00:00.000000000,12.849953651428223,13.18836777793853,12.810717190290607,13.144226642224835,2658600,APO
2013-05-21T00:00:00.000000000,12.913714408874512,13.276651960509241,12.815622774174896,12.874477942088896,1197400,APO
2013-05-22T00:00:00.000000000,12.32516860961914,13.031426069743159,12.079940415802456,12.913716648967709,2020000,APO
2013-05-23T00:00:00.000000000,11.731718063354492,12.040705208450223,11.44234868938208,12.021087437326907,2893600,APO
2013-05-24T00:00:00.000000000,12.281025886535645,12.305548326719215,11.65324150184223,11.721905082733134,1283800,APO
2013-05-28T00:00:00.000000000,12.084839820861816,12.776382950955135,12.065222060358295,12.506632429603043,1587400,APO
2013-05-29T00:00:00.000000000,11.854326248168945,12.055413212901296,11.520815886523792,11.893562706275965,1256700,APO
2013-05-30T00:00:00.000000000,12.133891105651855,12.227078082676902,11.70719456566858,12.045608804835638,1739600,APO
2013-05-31T00:00:00.000000000,11.795475006103516,12.13879483003025,11.775857238277815,11.972039593891123,802900,APO
2013-06-03T00:00:00.000000000,11.452155113220215,12.128984414591647,11.319731683993897,11.819997348534754,1399800,APO
2013-06-04T00:00:00.000000000,11.383491516113281,11.682670191109713,11.192213837592286,11.452156041726175,1470500,APO
2013-06-05T00:00:00.000000000,11.103930473327637,11.378586678346554,11.005839773367594,11.290304393552699,1199800,APO
2013-06-06T00:00:00.000000000,11.599294662475586,11.648340493754098,11.010747493547706,11.084315772729763,1172800,APO
2013-06-07T00:00:00.000000000,11.785661697387695,12.0995533360643,11.515910251862975,11.76113832844679,1294900,APO
2013-06-10T00:00:00.000000000,11.962227821350098,12.09955591022285,11.721904367426085,11.927896032999676,1037300,APO
2013-06-11T00:00:00.000000000,11.535531044006348,11.898468551070616,11.481580557999822,11.72190400448274,669900,APO
2013-06-12T00:00:00.000000000,11.667956352233887,12.138793972441821,11.393300138308064,11.937706955210782,939300,APO
2013-06-13T00:00:00.000000000,11.785661697387695,11.942607516725998,11.545338294592062,11.584574749426636,746400,APO
2013-06-14T00:00:00.000000000,11.623817443847656,11.815095146908927,11.41782571152345,11.785668023854434,566800,APO
2013-06-17T00:00:00.000000000,11.770953178405762,12.006372017460762,11.648339082797369,11.648339082797369,615100,APO
2013-06-18T00:00:00.000000000,11.873942375183105,11.883751722227462,11.584574121141197,11.77094703762984,715700,APO
2013-06-19T00:00:00.000000000,11.839613914489746,12.060319607494593,11.766045661978492,11.873945703296926,726700,APO
2013-06-20T00:00:00.000000000,11.363871574401855,11.68266795610518,11.0597882817877,11.628717468188697,1437900,APO
2013-06-21T00:00:00.000000000,11.118643760681152,11.476676615920248,10.981315667294288,11.427630801462717,722600,APO
2013-06-24T00:00:00.000000000,10.672331809997559,10.966605849051605,10.23092121915218,10.927369372875825,2817900,APO
2013-06-25T00:00:00.000000000,10.961697578430176,11.476676276317932,10.657614286168393,10.672328310711585,1968300,APO
2013-06-26T00:00:00.000000000,11.157882690429688,11.349160380057663,11.000936797866085,11.089219096300939,1147900,APO
2013-06-27T00:00:00.000000000,11.525721549987793,11.893563727115062,11.21673453280814,11.452153301656544,1882000,APO
2013-06-28T00:00:00.000000000,11.819998741149902,11.913185713674004,11.37858819386034,11.481583582857011,1192000,APO
2013-07-01T00:00:00.000000000,11.594382286071777,12.011270171880366,11.57476452787121,11.913179509935924,382700,APO
2013-07-02T00:00:00.000000000,11.427631378173828,11.69247822832769,11.30992197881805,11.569864153731528,642200,APO
2013-07-03T00:00:00.000000000,11.285399436950684,11.412918185644441,11.099025521370903,11.300113462539974,487300,APO
2013-07-05T00:00:00.000000000,11.55024528503418,11.628718216798426,11.089217044787016,11.403108771844002,483200,APO
2013-07-08T00:00:00.000000000,11.810187339782715,12.016179017501587,11.525722731072952,11.525722731072952,944300,APO
2013-07-09T00:00:00.000000000,11.775853157043457,12.001462553940023,11.638525087973196,11.859230746216305,1110700,APO
2013-07-10T00:00:00.000000000,11.682668685913086,11.913183741068288,11.471772331397107,11.76114161752771,894000,APO
2013-07-11T00:00:00.000000000,12.14370059967041,12.173127721795172,11.824904126150019,11.893567722931577,646000,APO
2013-07-12T00:00:00.000000000,12.25650405883789,12.305549880870492,12.060321706178726,12.143699322992777,585200,APO
2013-07-15T00:00:00.000000000,12.374212265014648,12.53606280712589,12.187839282011552,12.295739331595328,798900,APO
2013-07-16T00:00:00.000000000,12.084839820861816,12.472300647118693,11.898466886459246,12.349686603691213,1314900,APO
2013-07-17T00:00:00.000000000,12.011274337768555,12.344784762087343,11.967133197169238,12.168220199690072,799100,APO
2013-07-18T00:00:00.000000000,12.7028169631958,12.948045093510279,12.016178385409475,12.075033548292224,1282500,APO
2013-07-19T00:00:00.000000000,12.820528030395508,12.962760813607852,12.58510921901425,12.72243732672225,576100,APO
2013-07-22T00:00:00.000000000,13.173657417297363,13.257035031412077,12.80581516716855,12.938237666256798,1045100,APO
2013-07-23T00:00:00.000000000,13.080469131469727,13.266842107779167,12.97256908576122,13.055946691458605,701500,APO
2013-07-24T00:00:00.000000000,13.065752029418945,13.217794115192175,12.810715532758204,13.178557659131224,574000,APO
2013-07-25T00:00:00.000000000,13.06085205078125,13.257035337083718,12.874479051359392,12.948047315987198,630100,APO
2013-07-26T00:00:00.000000000,13.227605819702148,13.227605819702148,12.879382302428889,12.8990000676064,434000,APO
2013-07-29T00:00:00.000000000,13.046137809753418,13.188369650773499,12.815622749298125,13.188369650773499,970600,APO
2013-07-30T00:00:00.000000000,12.923523902893066,13.046137979893055,12.67339107355655,12.81562291643153,642700,APO
2013-07-31T00:00:00.000000000,13.104992866516113,13.134420920002887,12.73224594159126,13.011806836888312,390600,APO
2013-08-01T00:00:00.000000000,13.404170036315918,13.575829920658848,12.982377338011196,13.242319502043124,859900,APO
2013-08-02T00:00:00.000000000,13.41888427734375,13.683730185201258,13.1932738994559,13.443406717442567,422000,APO
2013-08-05T00:00:00.000000000,13.516974449157715,13.59544737699689,13.325696804483611,13.41888375709429,967100,APO
2013-08-06T00:00:00.000000000,13.673918724060059,13.879910369691965,13.570923368979598,13.610159828363248,1250700,APO
2013-08-07T00:00:00.000000000,13.678826332092285,13.781822644733177,13.364934589703244,13.526785136306492,956200,APO
2013-08-08T00:00:00.000000000,13.75729751586914,14.144758404579582,13.683729265048607,13.978003203801805,1922100,APO
2013-08-09T00:00:00.000000000,13.722962379455566,13.977999793177418,13.512066092549837,13.968190446002538,914100,APO
2013-08-12T00:00:00.000000000,13.762202262878418,13.850484538514795,13.487547021820516,13.615065760465166,832800,APO
2013-08-13T00:00:00.000000000,14.306612014770508,14.336039134348361,13.74258738959344,13.899533274637013,1518500,APO
2013-08-14T00:00:00.000000000,14.365467071533203,14.478271808548836,14.228138955511179,14.336039016725532,1272400,APO
2013-08-15T00:00:00.000000000,14.081000328063965,14.198710666656577,13.919149781838097,14.198710666656577,4355200,APO
2013-08-16T00:00:00.000000000,14.213419914245605,14.355652655895529,13.9093376056031,14.076092782137737,624100,APO
2013-08-19T00:00:00.000000000,14.02214241027832,14.458648115773448,14.012333062060897,14.22813404548957,1156200,APO
2013-08-20T00:00:00.000000000,13.968196868896484,14.1889026044626,13.948579100996865,14.076097866493814,688400,APO
2013-08-21T00:00:00.000000000,13.708255767822266,14.05157466183623,13.64940059244975,13.924055894755178,510800,APO
2013-08-22T00:00:00.000000000,13.46630859375,13.893565289874195,13.419979471605414,13.811202624248356,709500,APO
2013-08-23T00:00:00.000000000,13.383952140808105,13.744289706566212,13.26040808502155,13.466314844665808,1146600,APO
2013-08-26T00:00:00.000000000,13.435430526733398,13.661928477716334,13.389101378081412,13.445726111287392,522600,APO
2013-08-27T00:00:00.000000000,13.111120223999023,13.40453835259873,13.013315162972967,13.270698762844614,728300,APO
2013-08-28T00:00:00.000000000,13.023609161376953,13.116267410160772,12.75593097602872,13.04934810928383,779700,APO
2013-08-29T00:00:00.000000000,13.172893524169922,13.35821004157986,12.925805488850392,12.99787258702511,432000,APO
2013-08-30T00:00:00.000000000,13.069942474365234,13.265554613784518,13.059647873743785,13.121419404835612,385000,APO
2013-09-03T00:00:00.000000000,13.244962692260742,13.383950102039078,13.121418655293578,13.28099624697941,588800,APO
2013-09-04T00:00:00.000000000,13.6310396194458,13.82150397692338,13.229521702243558,13.229521702243558,752200,APO
2013-09-05T00:00:00.000000000,13.625887870788574,13.836942351060483,13.558968564636244,13.625887870788572,399400,APO
2013-09-06T00:00:00.000000000,13.625887870788574,13.831795542913843,13.589854322718814,13.739137286825581,275300,APO
2013-09-09T00:00:00.000000000,13.775171279907227,13.857533958681874,13.548673422356664,13.718546570059441,325100,APO
2013-09-10T00:00:00.000000000,14.104622840881348,14.145804182738377,13.754580944176274,13.842091418352542,572000,APO
2013-09-11T00:00:00.000000000,14.706902503967285,14.753231642349883,14.269350075820954,14.269350075820954,1204400,APO
2013-09-12T00:00:00.000000000,14.69660472869873,14.92310259567825,14.40318755061922,14.696604728698729,1648000,APO
2013-09-13T00:00:00.000000000,14.609097480773926,14.7995618390605,14.470111037527872,14.794414047556447,569200,APO
2013-09-16T00:00:00.000000000,15.03635311126709,15.12386359590305,14.794412821669209,14.974581582018624,1267600,APO
2013-09-17T00:00:00.000000000,15.237112045288086,15.38124625872415,14.87677454801654,15.056943296652312,1283200,APO
2013-09-18T00:00:00.000000000,15.32977294921875,15.417283443202878,15.185637729174049,15.237114663607217,930800,APO
2013-09-19T00:00:00.000000000,15.0878267288208,15.432720800591973,15.067236550870565,15.432720800591973,1136700,APO
2013-09-20T00:00:00.000000000,14.516436576843262,15.056941786706753,14.377449186247302,15.056941786706753,1181100,APO
2013-09-23T00:00:00.000000000,14.362006187438965,14.516436952713304,14.228166583604118,14.449516659875572,1046800,APO
2013-09-24T00:00:00.000000000,14.27449893951416,14.38774838933241,14.156102680014026,14.336271455946008,961800,APO
2013-09-25T00:00:00.000000000,14.300237655639648,14.464963054221741,14.114921091314383,14.274498698460683,891000,APO
2013-09-26T00:00:00.000000000,14.331125259399414,14.567917804753403,14.284796112379556,14.40319238505655,558300,APO
2013-09-27T00:00:00.000000000,14.578207969665527,14.809853618653246,14.233313882195253,14.289938592356824,690000,APO
2013-09-30T00:00:00.000000000,14.54732608795166,14.645132163798621,14.26420344351906,14.382600685582577,675300,APO
2013-10-01T00:00:00.000000000,14.928257942199707,14.99003047603959,14.516444322737541,14.516444322737541,848900,APO
2013-10-02T00:00:00.000000000,15.32462215423584,15.32462215423584,14.778968130760013,14.90765995070118,669000,APO
2013-10-03T00:00:00.000000000,15.185632705688477,15.494493228273976,14.969430438062679,15.401834973314271,1021600,APO
2013-10-04T00:00:00.000000000,15.623190879821777,15.720996961322278,15.195933974539683,15.21137636825388,609300,APO
2013-10-07T00:00:00.000000000,15.437872886657715,15.561416934261123,15.38124816331585,15.494497609999582,862600,APO
2013-10-08T00:00:00.000000000,15.206223487854004,15.509935231134081,15.16504116948056,15.41213017051868,554200,APO
2013-10-09T00:00:00.000000000,15.051795959472656,15.42242806755758,15.005466823231949,15.365804331361721,963800,APO
2013-10-10T00:00:00.000000000,15.448171615600586,15.551124518650457,15.098129585180793,15.211378073087955,1049600,APO
2013-10-11T00:00:00.000000000,15.79821491241455,16.055598663432782,15.334924356949951,15.61804609033357,908400,APO
2013-10-14T00:00:00.000000000,15.75187873840332,15.839389214021589,15.267997227229342,15.777616709297837,1458900,APO
2013-10-15T00:00:00.000000000,16.019556045532227,16.25634849141523,15.818796165500402,15.818796165500402,1151500,APO
2013-10-16T00:00:00.000000000,16.575510025024414,16.626985977540198,16.13280976413448,16.137957555754227,947200,APO
2013-10-17T00:00:00.000000000,16.930696487426758,16.977025623807567,16.462258314545913,16.699050805522724,956500,APO
2013-10-18T00:00:00.000000000,17.404285430908203,17.46605696527958,16.853484503866046,16.98732315561764,1793500,APO
2013-10-21T00:00:00.000000000,17.19837188720703,17.445459904889525,17.033646542085368,17.430017517434685,992800,APO
2013-10-22T00:00:00.000000000,17.57930564880371,17.728586686723887,17.10571866943849,17.229263696480334,1103100,APO
2013-10-23T00:00:00.000000000,17.49694061279297,17.563858944965965,17.116011963716044,17.50208742154423,655000,APO
2013-10-24T00:00:00.000000000,17.692548751831055,17.95508113295443,17.342506886120624,17.430018334388784,1141600,APO
2013-10-25T00:00:00.000000000,17.275592803955078,17.944789959673425,17.198376916737676,17.944789959673425,688400,APO
2013-10-28T00:00:00.000000000,16.99761390686035,17.373393743295832,16.693901167319193,17.311622226483713,989300,APO
2013-10-29T00:00:00.000000000,17.172643661499023,17.244710795410104,16.84833959521703,17.126314509173024,682900,APO
2013-10-30T00:00:00.000000000,16.513734817504883,17.383690789153345,16.400485390732662,17.208669840360493,642900,APO
2013-10-31T00:00:00.000000000,16.60639190673828,16.693903367128136,16.122511361198836,16.30268010901661,765100,APO
2013-11-01T00:00:00.000000000,16.925548553466797,17.0490915998172,16.64757375365641,16.64757375365641,309800,APO
2013-11-04T00:00:00.000000000,17.12116241455078,17.275594201478473,16.884369887994875,17.074833271208824,381300,APO
2013-11-05T00:00:00.000000000,17.57415771484375,17.60504446399944,16.89981371623878,17.095423903179782,498900,APO
2013-11-06T00:00:00.000000000,17.255002975463867,17.57415820423351,17.14175352242101,17.57415820423351,467900,APO
2013-11-07T00:00:00.000000000,16.472557067871094,17.45061592924867,15.87027916080342,17.25500376423679,3428400,APO
2013-11-08T00:00:00.000000000,16.225465774536133,16.364453183258536,15.849685875552495,16.091626156711676,1661100,APO
2013-11-11T00:00:00.000000000,15.499642372131348,16.112214699047062,15.453313240604528,16.112214699047062,2289900,APO
2013-11-12T00:00:00.000000000,15.108419418334961,15.525380627909978,15.036351333610913,15.443017944088757,1900900,APO
2013-11-13T00:00:00.000000000,15.386397361755371,15.468760067689567,14.871629958746189,14.933402479117287,1558200,APO
2013-11-14T00:00:00.000000000,15.515093803405762,15.576866342055284,15.108427945253826,15.334925944513813,1529000,APO
2013-11-15T00:00:00.000000000,15.556268692016602,15.582007648171833,15.427576856762803,15.545974091395294,1596300,APO
2013-11-18T00:00:00.000000000,15.582014083862305,15.767329735515197,15.211380816874142,15.556275117076355,1416100,APO
2013-11-19T00:00:00.000000000,15.468754768371582,15.69010483292951,15.3812443005659,15.65921907424532,928500,APO
2013-11-20T00:00:00.000000000,15.175788879394531,15.79368684099094,15.127848432719917,15.484737860192737,1037100,APO
2013-11-21T00:00:00.000000000,15.644535064697266,15.84162260635097,14.936083248289107,14.936083248289107,997200,APO
2013-11-22T00:00:00.000000000,16.076005935668945,16.17188684836502,15.575295067138878,15.735096926962,1450200,APO
2013-11-25T00:00:00.000000000,16.065345764160156,16.13991932559426,15.86825820437329,16.11861302917962,1561900,APO
2013-11-26T00:00:00.000000000,16.14525604248047,16.289077441325414,15.910881558424848,15.98012833417101,997600,APO
2013-11-27T00:00:00.000000000,15.996109008789062,16.246463989760404,15.910881737990769,16.214504017208345,801500,APO
2013-11-29T00:00:00.000000000,16.081329345703125,16.187862880271677,15.916200690740393,16.139922434119757,320200,APO
2013-12-02T00:00:00.000000000,16.012083053588867,16.459526581440674,15.814995437742754,16.0333903720527,1054700,APO
2013-12-03T00:00:00.000000000,15.649862289428711,15.926851254265324,15.500715166815588,15.79368359993871,1154200,APO
2013-12-04T00:00:00.000000000,15.990771293640137,16.10795845722993,15.55398157409176,15.607247820094425,2190800,APO
2013-12-05T00:00:00.000000000,15.932178497314453,16.11861342142517,15.8895648874596,15.92152484085359,477200,APO
2013-12-06T00:00:00.000000000,16.086654663085938,16.15057457462244,15.93750650951964,16.145247745996286,817400,APO
2013-12-09T00:00:00.000000000,16.11328887939453,16.246456556083743,16.022734818606317,16.139922008336875,591500,APO
2013-12-10T00:00:00.000000000,16.11328887939453,16.235802898111306,15.990774860677757,16.166556153267965,505900,APO
2013-12-11T00:00:00.000000000,15.92685604095459,16.23580505120495,15.820322495068638,16.155904637793263,356300,APO
2013-12-12T00:00:00.000000000,15.82032299041748,15.98012382224436,15.60192804612592,15.846956123725656,620800,APO
2013-12-13T00:00:00.000000000,16.04936408996582,16.04936408996582,15.69780158928604,15.958810050942938,846100,APO
2013-12-16T00:00:00.000000000,16.24112892150879,16.379623420314644,16.060020808915645,16.060020808915645,806700,APO
2013-12-17T00:00:00.000000000,16.038715362548828,16.299723887868367,15.980121259480999,16.28907022985808,667700,APO
2013-12-18T00:00:00.000000000,16.17188262939453,16.246456201596946,15.980120854029781,16.086655399452138,1149300,APO
2013-12-19T00:00:00.000000000,16.209171295166016,16.4541993556675,15.980122707138811,16.21982495414143,762000,APO
2013-12-20T00:00:00.000000000,16.56072998046875,16.954906125047394,16.246454227252645,16.289067837045238,1262300,APO
2013-12-23T00:00:00.000000000,16.39560890197754,16.747171576835722,16.3210342931365,16.59269654479764,733900,APO
2013-12-24T00:00:00.000000000,16.315706253051758,16.491487577447415,16.246459495679073,16.363646706613203,199100,APO
2013-12-26T00:00:00.000000000,16.406261444091797,16.61933059260361,16.34234151232945,16.34234151232945,300400,APO
2013-12-27T00:00:00.000000000,16.6566162109375,16.683249344623636,16.352994016564256,16.49148753091888,390900,APO
2013-12-30T00:00:00.000000000,16.49148941040039,16.72586487430733,16.379629016983536,16.683251245959617,398800,APO
2013-12-31T00:00:00.000000000,16.837718963623047,16.997519746457346,16.464849115691553,16.464849115691553,560900,APO
2014-01-02T00:00:00.000000000,17.210588455200195,17.418329671781112,16.71520360029844,16.789778177933794,1046900,APO
2014-01-03T00:00:00.000000000,17.65804100036621,17.82316767752152,17.23723050520474,17.333111428962496,722000,APO
2014-01-06T00:00:00.000000000,17.7113037109375,17.881758200634913,17.69532423752143,17.82316408880559,1106500,APO
2014-01-07T00:00:00.000000000,18.089496612548828,18.238645791350713,17.84446857648659,17.897734834073173,1489900,APO
2014-01-08T00:00:00.000000000,18.675437927246094,18.691417400112822,18.089498861074073,18.14809297088905,2110100,APO
2014-01-09T00:00:00.000000000,18.71805763244629,19.00570044502392,18.542277268301184,18.899165844219777,1692000,APO
2014-01-10T00:00:00.000000000,19.02699851989746,19.176145669314884,18.696741214791007,18.94177128709072,1533800,APO
2014-01-13T00:00:00.000000000,18.979063034057617,19.447811920999502,18.867200610785126,19.208111663076558,2106000,APO
2014-01-14T00:00:00.000000000,19.2933349609375,19.325293905050568,18.84056361021865,19.00569227205413,807600,APO
2014-01-15T00:00:00.000000000,19.04297637939453,19.096242633399104,18.67543435001736,18.947095496604426,1198000,APO
2014-01-16T00:00:00.000000000,19.202781677246094,19.20810952308256,18.75533812994038,19.016347712526137,1373000,APO
2014-01-17T00:00:00.000000000,18.675437927246094,19.224088170099535,18.558249707616145,19.11222779607698,1025500,APO
2014-01-21T00:00:00.000000000,18.750011444091797,18.979060036940055,18.499655532844233,18.803277708112347,766700,APO
2014-01-22T00:00:00.000000000,18.707387924194336,19.005684144207187,18.69673427005351,18.872516515412002,582200,APO
2014-01-23T00:00:00.000000000,17.988292694091797,18.75533789471975,17.84447133797822,18.675438495975182,871400,APO
2014-01-24T00:00:00.000000000,17.151996612548828,17.80718131695901,16.95490801034992,17.801853472155333,1384600,APO
2014-01-27T00:00:00.000000000,16.906967163085938,17.41833154123006,16.46485054189329,17.279836027327104,1418900,APO
2014-01-28T00:00:00.000000000,17.17329978942871,17.29581377468368,16.74183590328796,16.843043594406115,965400,APO
2014-01-29T00:00:00.000000000,16.859025955200195,17.141341766894524,16.795106045828152,16.922946880560875,789100,APO
2014-01-30T00:00:00.000000000,17.423656463623047,17.508883686294052,17.093401229770066,17.09872704219695,745200,APO
2014-01-31T00:00:00.000000000,17.28516387939453,17.684666887245047,17.183955150273544,17.2638565646346,509100,APO
2014-02-03T00:00:00.000000000,16.347667694091797,17.365067859527027,15.932184090163743,17.285168455988387,1622800,APO
2014-02-04T00:00:00.000000000,16.864349365234375,16.992190174053704,16.28373839018715,16.326351993126927,926800,APO
2014-02-05T00:00:00.000000000,16.837718963623047,17.008173402909925,16.555403163561284,16.86967891699219,643500,APO
2014-02-06T00:00:00.000000000,16.928281784057617,17.16798308252694,16.683252638612412,16.938934430042007,1150800,APO
2014-02-07T00:00:00.000000000,16.992197036743164,17.18395781942494,16.64596124602364,17.05079012945675,2080200,APO
2014-02-10T00:00:00.000000000,17.311798095703125,17.46627308946246,17.20526354718022,17.43963996032611,710900,APO
2014-02-11T00:00:00.000000000,17.13602066040039,17.306477205712046,17.08808223350477,17.178635304722825,1239300,APO
2014-02-12T00:00:00.000000000,17.09340476989746,17.23722611893662,17.008177529575477,17.077425297330116,771600,APO
2014-02-13T00:00:00.000000000,16.954910278320312,17.040137518782757,16.67259440929544,16.96023710784782,1244200,APO
2014-02-14T00:00:00.000000000,16.99350929260254,17.252658228054813,16.81706809073781,16.833609847789823,1069400,APO
2014-02-18T00:00:00.000000000,16.861177444458008,17.48423553501752,16.8336089025918,17.021077931964918,917000,APO
2014-02-19T00:00:00.000000000,17.092750549316406,17.13686083124776,16.822574941027863,16.927337254991855,716000,APO
2014-02-20T00:00:00.000000000,17.07621192932129,17.14789180789386,16.95490889469298,17.087239764743572,812500,APO
2014-02-21T00:00:00.000000000,17.379467010498047,17.473201486222177,17.004529107601535,17.043125470839936,1389800,APO
2014-02-24T00:00:00.000000000,17.484228134155273,17.616560023781485,17.335356598751815,17.3629251289486,1147000,APO
2014-02-25T00:00:00.000000000,17.440122604370117,17.644133359070178,17.20854331196543,17.61656482136555,744300,APO
2014-02-26T00:00:00.000000000,17.649648666381836,17.985990341593393,17.45666677241368,17.517318825759354,1507000,APO
2014-02-27T00:00:00.000000000,17.65515899658203,18.0245819831854,17.50077247031076,17.864683643069622,583500,APO
2014-02-28T00:00:00.000000000,17.748891830444336,17.936360801803968,17.52282754341906,17.671699095768773,633400,APO
2014-03-03T00:00:00.000000000,17.58899688720703,17.605538642389856,17.09275580011871,17.423583542068393,914800,APO
2014-03-04T00:00:00.000000000,17.78748893737793,18.405035047148278,17.737864733973964,17.77646320626092,1802400,APO
2014-03-05T00:00:00.000000000,18.201025009155273,18.34438476754937,17.655160822736175,17.787490642267354,1203900,APO
2014-03-06T00:00:00.000000000,18.31681251525879,18.570446370703245,18.063176556470207,18.063176556470207,689500,APO
2014-03-07T00:00:00.000000000,17.919822692871094,18.449146181457817,17.74338153000885,18.41054980854074,1243400,APO
2014-03-10T00:00:00.000000000,17.919822692871094,18.068695318413216,17.82057427584301,17.919822692871094,324100,APO
2014-03-11T00:00:00.000000000,18.074203491210938,18.178966850505887,17.870193844003765,18.057662793782907,565000,APO
2014-03-12T00:00:00.000000000,17.96944808959961,18.01907230139501,17.511803398787197,17.952907386782716,383000,APO
2014-03-13T00:00:00.000000000,17.71581268310547,18.212052656229535,17.40703960182006,18.079722838067596,642000,APO
2014-03-14T00:00:00.000000000,17.550399780273438,17.748895575850735,17.368444687518707,17.64413428573329,417800,APO
2014-03-17T00:00:00.000000000,17.726839065551758,17.892252376368553,17.57796540314115,17.63310352397081,400200,APO
2014-03-18T00:00:00.000000000,17.737871170043945,17.919827349661553,17.50629287236167,17.919827349661553,386300,APO
2014-03-19T00:00:00.000000000,17.941884994506836,18.057674156048076,17.6551674730628,17.77647160611287,802700,APO
2014-03-20T00:00:00.000000000,17.792999267578125,17.870191985338895,17.368437216550088,17.842623458044876,1123300,APO
2014-03-21T00:00:00.000000000,17.500770568847656,17.919818764620977,17.451146371211863,17.80954253616987,841600,APO
2014-03-24T00:00:00.000000000,17.13686752319336,17.506291673005574,16.59100217675546,17.506291673005574,1307000,APO
2014-03-25T00:00:00.000000000,17.01004981994629,17.55591514313022,16.866691090876905,17.164435334580666,560000,APO
2014-03-26T00:00:00.000000000,16.783979415893555,17.37946877760917,16.761923747987876,17.06518287165817,558100,APO
2014-03-27T00:00:00.000000000,17.214059829711914,17.407042777807774,16.772956849783487,16.839122822608978,666900,APO
2014-03-28T00:00:00.000000000,17.75440788269043,17.82608775641142,17.13686281258,17.412552369443688,713100,APO
2014-03-31T00:00:00.000000000,17.533857345581055,17.908795352875355,17.346388341933903,17.864686112611416,833600,APO
2014-04-01T00:00:00.000000000,17.54488754272461,17.6055395966768,17.384988107313088,17.47872262175172,503200,APO
2014-04-02T00:00:00.000000000,17.280221939086914,17.61656354337957,17.19751528030065,17.588993956002664,432500,APO
2014-04-03T00:00:00.000000000,17.528345108032227,17.776466166368778,17.44012346932296,17.54488581080643,978100,APO
2014-04-04T00:00:00.000000000,17.092750549316406,17.886735624080757,17.037612433984197,17.826085695392273,1375200,APO
2014-04-07T00:00:00.000000000,16.22709083557129,17.04864575844578,16.100273865632207,16.954911247692454,2271900,APO
2014-04-08T00:00:00.000000000,15.570947647094727,16.19400669863121,15.49926881767302,16.127840735442298,2122000,APO
2014-04-09T00:00:00.000000000,15.995513916015625,16.0947623601249,15.372454706517424,15.620575816790614,1453700,APO
2014-04-10T00:00:00.000000000,15.471693992614746,16.188487302634584,15.322822466243505,16.100266749350904,824200,APO
2014-04-11T00:00:00.000000000,15.157411575317383,15.411046512245061,14.78247361305084,15.2566599831729,2729300,APO
2014-04-14T00:00:00.000000000,15.190494537353516,15.372449607306496,15.03059513729652,15.256660495369248,1554700,APO
2014-04-15T00:00:00.000000000,15.118817329406738,15.521323882977592,14.953403994196682,15.300772418806737,1200300,APO
2014-04-16T00:00:00.000000000,15.5323486328125,15.631597034886722,15.151896775418694,15.251145177492916,1206100,APO
2014-04-17T00:00:00.000000000,15.609546661376953,16.13887130141554,15.510298225640186,15.620574499052701,966200,APO
2014-04-21T00:00:00.000000000,16.232601165771484,16.243627948614282,15.615056104670925,15.659166391058667,1214200,APO
2014-04-22T00:00:00.000000000,16.651649475097656,16.833604538592407,16.23260122699746,16.276711513551575,1399700,APO
2014-04-23T00:00:00.000000000,16.370447158813477,16.861174262806045,16.3649332411462,16.635108896809093,717000,APO
2014-04-24T00:00:00.000000000,16.02307891845703,16.51931997762128,16.012052133961372,16.431099391621963,668800,APO
2014-04-25T00:00:00.000000000,15.565436363220215,16.116815626968766,15.515812145349047,15.989998648707997,1607900,APO
2014-04-28T00:00:00.000000000,14.876209259033203,15.703277986503618,14.77144797742432,15.659167696438754,1301100,APO
2014-04-29T00:00:00.000000000,15.085734367370605,15.482726989580035,14.765934492117154,14.765934492117154,2954100,APO
2014-04-30T00:00:00.000000000,14.958916664123535,15.129844966824344,14.870696079613847,15.129844966824344,3021700,APO
2014-05-01T00:00:00.000000000,14.887236595153809,15.129843708209727,14.848640224100597,15.041623131038891,1546300,APO
2014-05-02T00:00:00.000000000,15.047134399414062,15.256657970388598,14.958912786103046,15.014050900045413,827900,APO
2014-05-05T00:00:00.000000000,14.953404426574707,15.08573530890357,14.810045707800347,14.887238459574093,626100,APO
2014-05-06T00:00:00.000000000,14.903779029846191,15.12433048286718,14.86518160535427,15.036109901658785,1144500,APO
2014-05-07T00:00:00.000000000,14.793505668640137,15.151901981300776,14.082226962181016,15.02508500248851,3277800,APO
2014-05-08T00:00:00.000000000,14.319316864013672,15.036110425914268,14.181472069610361,14.220069495448039,1774000,APO
2014-05-09T00:00:00.000000000,14.440622329711914,14.490246544551013,14.209043011020263,14.335859981532439,1210600,APO
2014-05-12T00:00:00.000000000,14.142879486083984,14.357918138125964,13.740372830946013,14.31380678248855,4252400,APO
2014-05-13T00:00:00.000000000,14.131848335266113,14.192500383380676,13.949893242594786,14.131848335266113,1860100,APO
2014-05-14T00:00:00.000000000,14.164928436279297,14.22557941812939,13.994000169384396,14.175955218278885,1535300,APO
2014-05-15T00:00:00.000000000,13.938863754272461,14.225580081399912,13.67420099217244,14.198011547607399,1812000,APO
2014-05-16T00:00:00.000000000,13.847615242004395,14.172703225479086,13.801988877443357,14.030120700248549,1272600,APO
2014-05-19T00:00:00.000000000,13.796282768249512,13.990195051953116,13.727842690781952,13.830502263074228,1923100,APO
2014-05-20T00:00:00.000000000,13.824795722961426,13.944565559634766,13.739246461233545,13.847609439591732,2320300,APO
2014-05-21T00:00:00.000000000,13.910348892211914,14.041525624048946,13.722140028414122,13.824799606452588,1729800,APO
2014-05-22T00:00:00.000000000,14.035821914672852,14.132778060026988,13.887535981318399,13.973085265379538,1404600,APO
2014-05-23T00:00:00.000000000,14.092854499816895,14.138481946459786,13.973085715833912,14.030118936319324,1018000,APO
2014-05-27T00:00:00.000000000,14.246843338012695,14.731624062350777,14.14988719314508,14.178404346234474,2925800,APO
2014-05-28T00:00:00.000000000,14.275359153747559,14.303875216347329,14.201215650479263,14.258248863496862,1944500,APO
2014-05-29T00:00:00.000000000,14.229732513427734,14.429347123229626,14.13847980957029,14.34950127930887,1238300,APO
2014-05-30T00:00:00.000000000,14.161294937133789,14.298174017040836,14.075745648169164,14.075745648169164,952700,APO
2014-06-02T00:00:00.000000000,14.24113941192627,14.332392123001203,14.12137063657222,14.138480927830566,800400,APO
2014-06-03T00:00:00.000000000,14.11567497253418,14.315290795770123,14.075752025450734,14.315290795770123,995800,APO
2014-06-04T00:00:00.000000000,14.452160835266113,14.651776532777797,14.058632870208001,14.155589003981216,1736800,APO
2014-06-05T00:00:00.000000000,15.165077209472656,15.250626505574548,14.452164595593041,14.520603597347225,1925200,APO
2014-06-06T00:00:00.000000000,15.455947875976562,15.701190023943292,15.187891998981076,15.199298863495452,2436100,APO
2014-06-09T00:00:00.000000000,15.336173057556152,15.455942920922885,15.23351348547556,15.444536060065458,2419300,APO
2014-06-10T00:00:00.000000000,15.398914337158203,15.541496877317076,15.31336503062657,15.336177671386395,652800,APO
2014-06-11T00:00:00.000000000,15.518681526184082,15.883693530543537,15.19359354266236,15.370396657203008,1636600,APO
2014-06-12T00:00:00.000000000,15.59852409362793,15.678369937213509,15.461645038416352,15.512974820097947,956800,APO
2014-06-13T00:00:00.000000000,15.524383544921875,15.609933922541655,15.42742739306193,15.609933922541655,889400,APO
2014-06-16T00:00:00.000000000,15.512979507446289,15.547199009634323,15.444539415251862,15.530088714631125,1166700,APO
2014-06-17T00:00:00.000000000,15.980645179748535,15.986348609686653,15.461645021378128,15.541490864875719,933900,APO
2014-06-18T00:00:00.000000000,16.339954376220703,16.391284163540767,15.763920942376343,15.923613734907443,1110100,APO
2014-06-19T00:00:00.000000000,16.00345802307129,16.499645556061353,15.986348820848972,16.396985991455267,779600,APO
2014-06-20T00:00:00.000000000,15.946432113647461,16.123235261579893,15.889399963030336,16.089014665827364,730200,APO
2014-06-23T00:00:00.000000000,15.775328636169434,16.100416581143143,15.535789978638562,16.031977586316156,540200,APO
2014-06-24T00:00:00.000000000,15.433125495910645,15.923609516903333,15.364686522824792,15.7753236247935,1489400,APO
2014-06-25T00:00:00.000000000,15.370393753051758,15.512976251362746,15.22781125474077,15.46164646494534,813900,APO
2014-06-26T00:00:00.000000000,15.370393753051758,15.512976251362746,15.26203074974633,15.381799526174856,538000,APO
2014-06-27T00:00:00.000000000,15.80954647064209,15.912206039902445,15.204997003442125,15.347579496788594,1201100,APO
2014-06-30T00:00:00.000000000,15.80954647064209,15.969239254804652,15.678370837839681,15.849470482546304,1587300,APO
2014-07-01T00:00:00.000000000,15.758216857910156,15.997755492857953,15.73540422439128,15.92361307414897,947400,APO
2014-07-02T00:00:00.000000000,15.883687973022461,16.01486358928028,15.75251235676464,15.85517082525905,1401100,APO
2014-07-03T00:00:00.000000000,15.689781188964844,15.997758877445087,15.62704452983328,15.952132512936224,490100,APO
2014-07-07T00:00:00.000000000,15.684072494506836,15.786732052158118,15.575709507228483,15.706886213015109,712700,APO
2014-07-08T00:00:00.000000000,15.262028694152832,15.666962412664116,15.11374278534338,15.575709713061066,1227800,APO
2014-07-09T00:00:00.000000000,14.834284782409668,15.102339515223381,14.714514905829418,15.062416585636045,2371600,APO
2014-07-10T00:00:00.000000000,14.600447654724121,14.794359934274357,14.33809529917223,14.589040794087493,1668600,APO
2014-07-11T00:00:00.000000000,14.611856460571289,14.777251610548271,14.469273947086403,14.61185646057129,582800,APO
2014-07-14T00:00:00.000000000,15.284844398498535,15.30765812189549,14.657482234537113,14.657482234537113,1299900,APO
2014-07-15T00:00:00.000000000,15.467348098754883,15.541490510624362,15.313358757389807,15.358985108036718,840600,APO
2014-07-16T00:00:00.000000000,15.752511024475098,15.80954313954244,15.484455297259986,15.507269013541215,1042800,APO
2014-07-17T00:00:00.000000000,15.5700101852417,15.877988939445718,15.467351688325286,15.798143079237976,1258700,APO
2014-07-18T00:00:00.000000000,15.712593078613281,15.940725978105522,15.592824285416311,15.615636922674565,990300,APO
2014-07-21T00:00:00.000000000,15.758216857910156,16.071898999385045,15.598525159823696,16.071898999385045,433200,APO
2014-07-22T00:00:00.000000000,15.604228973388672,15.969239821200013,15.518678604092022,15.86658024829854,964300,APO
2014-07-23T00:00:00.000000000,15.752511024475098,15.769620223868154,15.478751868189677,15.62703776056407,419800,APO
2014-07-24T00:00:00.000000000,15.604228973388672,15.79243782776866,15.547195756463617,15.758217244922747,607800,APO
2014-07-25T00:00:00.000000000,15.404611587524414,15.535787210754156,15.204995893842884,15.535787210754156,816200,APO
2014-07-28T00:00:00.000000000,15.222107887268066,15.444536237451944,15.11374488351417,15.336173233698046,589300,APO
2014-07-29T00:00:00.000000000,15.182182312011719,15.416017482374805,15.125149104841173,15.262028149359715,697100,APO
2014-07-30T00:00:00.000000000,15.32476806640625,15.427426555906486,15.193591335489284,15.256327985587912,739300,APO
2014-07-31T00:00:00.000000000,14.976868629455566,15.262033680843938,14.891319331602721,15.136561449847658,910800,APO
2014-08-01T00:00:00.000000000,14.942645072937012,15.10804019219395,14.623259518823534,14.891315290590848,969300,APO
2014-08-04T00:00:00.000000000,14.845693588256836,15.113748356166683,14.708814488399572,15.06241855774291,592900,APO
2014-08-05T00:00:00.000000000,14.765846252441406,14.874209278316881,14.549121288508813,14.811472617891338,855800,APO
2014-08-06T00:00:00.000000000,14.400834083557129,14.589042960740393,14.06433925952974,14.275361861374376,1982700,APO
2014-08-07T00:00:00.000000000,14.104259490966797,14.634666521847453,13.86472086695031,14.463567970900558,3840400,APO
2014-08-08T00:00:00.000000000,13.961677551269531,14.109963475566278,13.807688196674667,14.109963475566278,984300,APO
2014-08-11T00:00:00.000000000,13.984495162963867,14.132781128513933,13.916055068164452,13.973088299194231,992400,APO
2014-08-12T00:00:00.000000000,13.727845191955566,14.109966398543678,13.511120234821535,13.801988713372335,2762600,APO
2014-08-13T00:00:00.000000000,13.944574356079102,14.018716806261988,13.744958560914853,13.762067771362444,1568400,APO
2014-08-14T00:00:00.000000000,13.91604995727539,14.024412947652111,13.893237325932818,13.904643097695102,617700,APO
2014-08-15T00:00:00.000000000,13.733545303344727,13.893238082713387,13.687918950356263,13.71643501304228,1154600,APO
2014-08-18T00:00:00.000000000,13.85901927947998,13.916052499984392,13.676513844120429,13.796283715961511,2575200,APO
2014-08-19T00:00:00.000000000,13.739252090454102,14.03012056975729,13.6993291578118,13.973087342631862,1069200,APO
2014-08-20T00:00:00.000000000,13.745065689086914,13.867167106256197,13.715994503996175,13.721808962813249,1341300,APO
2014-08-21T00:00:00.000000000,13.94275188446045,13.95438080128688,13.692735717664933,13.785764834287281,1054400,APO
2014-08-22T00:00:00.000000000,13.82646656036377,13.983452507414505,13.809023184471647,13.93112348873273,953700,APO
2014-08-25T00:00:00.000000000,14.09391975402832,14.152063209684862,13.826461410600084,14.000890668575527,1277900,APO
2014-08-26T00:00:00.000000000,14.169510841369629,14.524183920473769,13.989265963715997,14.524183920473769,798000,APO
2014-08-27T00:00:00.000000000,14.163694381713867,14.29160911736522,14.059036366638054,14.233465652434841,708000,APO
2014-08-28T00:00:00.000000000,14.128809928894043,14.192767861590157,14.018338547502886,14.146253303900583,367800,APO
2014-08-29T00:00:00.000000000,14.186951637268066,14.320680835354715,14.163694915815533,14.221837273944063,631200,APO
2014-09-02T00:00:00.000000000,13.94275188446045,14.274168251051885,13.93112296763402,14.233468151153927,3439600,APO
2014-09-03T00:00:00.000000000,13.605521202087402,14.099739082446286,13.605521202087402,14.059038982121654,3766000,APO
2014-09-04T00:00:00.000000000,13.512491226196289,13.71017836578305,13.489234502771401,13.605520337884824,2642500,APO
2014-09-05T00:00:00.000000000,13.66366195678711,13.762505513174704,13.419460294476247,13.529932765496344,2615700,APO
2014-09-08T00:00:00.000000000,13.762507438659668,13.91368002304944,13.710178424486497,13.721807340745977,900300,APO
2014-09-09T00:00:00.000000000,13.686921119689941,13.791578034597098,13.605519818325112,13.791578034597098,1356200,APO
2014-09-10T00:00:00.000000000,13.756695747375488,13.954382927568957,13.582266404378762,13.663666616577938,1191200,APO
2014-09-11T00:00:00.000000000,13.768319129943848,13.803204762717272,13.547374201392199,13.733433497170424,1128600,APO
2014-09-12T00:00:00.000000000,13.721808433532715,13.884608838152683,13.593892562480358,13.779951910466096,1981000,APO
2014-09-15T00:00:00.000000000,13.465975761413574,13.80320654577043,13.326432103299814,13.686920718506169,1088300,APO
2014-09-16T00:00:00.000000000,13.34387493133545,13.54737539798345,13.227587999827135,13.48923304122366,1604700,APO
2014-09-17T00:00:00.000000000,13.41945743560791,13.529929883093065,13.308984988122758,13.390386264214287,703800,APO
2014-09-18T00:00:00.000000000,13.33806037902832,13.495046293755713,13.308988091860758,13.495046293755713,781000,APO
2014-09-19T00:00:00.000000000,13.169448852539062,13.396208332438784,13.111305367718755,13.338064847618476,1124300,APO
2014-09-22T00:00:00.000000000,13.146184921264648,13.582259155001486,13.029898015337174,13.314799714965947,1635000,APO
2014-09-23T00:00:00.000000000,13.314805030822754,13.33806286489145,13.082232235108625,13.140375711285799,1503600,APO
2014-09-24T00:00:00.000000000,13.64040470123291,13.663662531476131,13.303173925666892,13.361317392280561,1327300,APO
2014-09-25T00:00:00.000000000,13.599709510803223,13.686925296667381,13.40783677809269,13.599709510803224,1101800,APO
2014-09-26T00:00:00.000000000,13.954378128051758,14.041592769553215,13.547374989052514,13.657847459751338,972800,APO
2014-09-29T00:00:00.000000000,13.878795623779297,14.041596029985476,13.681108465676429,13.878795623779297,1031300,APO
2014-09-30T00:00:00.000000000,13.861353874206543,14.000897571182414,13.791581471221246,13.855539414874874,1394300,APO
2014-10-01T00:00:00.000000000,13.541563987731934,13.878794806581274,13.297362283806926,13.878794806581274,1744000,APO
2014-10-02T00:00:00.000000000,13.524114608764648,13.588072512753893,13.064782587376513,13.495042330135886,1829700,APO
2014-10-03T00:00:00.000000000,13.762507438659668,13.797393078443617,13.611334854269893,13.704363966356755,698400,APO
2014-10-06T00:00:00.000000000,13.890420913696289,13.983450017231736,13.750877258393118,13.750877258393118,712000,APO
2014-10-07T00:00:00.000000000,13.570634841918945,13.884607819943078,13.535749201915042,13.884607819943078,969800,APO
2014-10-08T00:00:00.000000000,13.814836502075195,13.919494530794587,13.245032911263507,13.634592735388742,1194600,APO
2014-10-09T00:00:00.000000000,13.268291473388672,13.797395039456713,13.204333533865729,13.797395039456713,2001600,APO
2014-10-10T00:00:00.000000000,12.797330856323242,13.291548757120678,12.791516397608614,13.24503419639825,1363500,APO
2014-10-13T00:00:00.000000000,12.26241397857666,12.936875725430067,12.244970600832367,12.826403217705629,1661500,APO
2014-10-14T00:00:00.000000000,12.146125793457031,12.413585347072194,12.00076765381683,12.27985612476191,1712400,APO
2014-10-15T00:00:00.000000000,12.34381103515625,12.465912430169483,11.640278280870133,12.064723716546604,2031600,APO
2014-10-16T00:00:00.000000000,12.34381103515625,12.547312620848691,11.692607291733744,12.0589092587846,1595800,APO
2014-10-17T00:00:00.000000000,12.803142547607422,13.058972021785314,12.547311964435163,12.547311964435163,1040600,APO
2014-10-20T00:00:00.000000000,13.221780776977539,13.250853080259436,12.791520669360274,12.80896405132941,727700,APO
2014-10-21T00:00:00.000000000,13.669480323791504,13.739251613553536,13.21014804538038,13.37294956981622,769100,APO
2014-10-22T00:00:00.000000000,13.41945743560791,13.756688125146814,13.361313983826562,13.739244756914179,922200,APO
2014-10-23T00:00:00.000000000,13.38457202911377,13.652030359131926,13.3147996640254,13.506672281775767,970100,APO
2014-10-24T00:00:00.000000000,13.628775596618652,13.733433604753046,13.372945033289499,13.378759490296328,567400,APO
2014-10-27T00:00:00.000000000,13.471793174743652,13.570636759550796,13.320620568038924,13.570636759550796,318300,APO
2014-10-28T00:00:00.000000000,13.861353874206543,13.907868439865167,13.425279405283925,13.454350592947543,776500,APO
2014-10-29T00:00:00.000000000,13.605521202087402,13.948566489101536,13.460163067216822,13.820651729653466,828400,APO
2014-10-30T00:00:00.000000000,13.181072235107422,13.489231798928342,12.983385135145966,13.18688669204679,1439400,APO
2014-10-31T00:00:00.000000000,13.22758960723877,13.419462291247727,13.047345839592658,13.314804261971114,1238100,APO
2014-11-03T00:00:00.000000000,13.146184921264648,13.390386536517042,13.088041468300911,13.1985139180326,1266900,APO
2014-11-04T00:00:00.000000000,13.018270492553711,13.268286590689337,12.977570403832887,13.175257499614812,2001600,APO
2014-11-05T00:00:00.000000000,13.093864440917969,13.250851533328285,13.029906490159355,13.16945020263691,943300,APO
2014-11-06T00:00:00.000000000,13.12874698638916,13.256661748655308,13.053161242548844,13.169447087610454,841400,APO
2014-11-07T00:00:00.000000000,13.593891143798828,13.721807001501668,13.128745594864318,13.146188968822287,1404700,APO
2014-11-10T00:00:00.000000000,13.634591102600098,13.826463762610079,13.570633179598648,13.675291195784887,1065500,APO
2014-11-11T00:00:00.000000000,13.67529010772705,13.907862842417455,13.384573912115476,13.576446556859343,1249200,APO
2014-11-12T00:00:00.000000000,13.543278694152832,13.843307025505858,13.501274910886169,13.669291188470076,1193600,APO
2014-11-13T00:00:00.000000000,13.57928466796875,13.879313063274902,13.543281580996911,13.57928466796875,1030700,APO
2014-11-14T00:00:00.000000000,13.72929573059082,13.825305848121353,13.543278488442214,13.585282271070877,761700,APO
2014-11-17T00:00:00.000000000,13.615287780761719,13.759301261333743,13.501276679448171,13.729297737557859,848400,APO
2014-11-18T00:00:00.000000000,14.00532341003418,14.15533758439657,13.615286785595428,13.615286785595428,1617600,APO
2014-11-19T00:00:00.000000000,13.867307662963867,14.023322508101105,13.681289302694234,14.005320399021667,1061100,APO
2014-11-20T00:00:00.000000000,14.2513427734375,14.329349619767777,13.753295892820155,13.837303441870763,1854900,APO
2014-11-21T00:00:00.000000000,14.467366218566895,14.569375894994396,14.3233527597017,14.365356542139395,1827000,APO
2014-11-24T00:00:00.000000000,14.689390182495117,14.845405087764776,14.467369807528016,14.497372189707079,1572800,APO
2014-11-25T00:00:00.000000000,14.803398132324219,14.875405436494923,14.515371204675938,14.635381852270752,1862900,APO
2014-11-26T00:00:00.000000000,14.9954195022583,15.109430616301603,14.73139418613816,14.73139418613816,1297100,APO
2014-11-28T00:00:00.000000000,14.665384292602539,14.97141330988692,14.599377697349874,14.97141330988692,451600,APO
2014-12-01T00:00:00.000000000,14.161343574523926,14.659390773525628,13.999327931055026,14.659390773525628,1974700,APO
2014-12-02T00:00:00.000000000,14.18533992767334,14.401360704486173,14.095331652173764,14.113333765080608,2061400,APO
2014-12-03T00:00:00.000000000,14.407361030578613,14.557375200645634,14.131334362506308,14.203341667726084,788500,APO
2014-12-04T00:00:00.000000000,14.389360427856445,14.527373204114065,14.215344567470185,14.401361837405126,626500,APO
2014-12-05T00:00:00.000000000,14.161343574523926,14.533378224877234,14.131340041742048,14.401366114190214,2805500,APO
2014-12-08T00:00:00.000000000,13.72929573059082,14.179338220784604,13.513276113569525,14.06532828065459,1899200,APO
2014-12-09T00:00:00.000000000,13.825307846069336,13.987322296119324,13.273255599205093,13.573283969359194,1759300,APO
2014-12-10T00:00:00.000000000,13.44127368927002,13.807308747037357,13.381267773231786,13.807308747037357,1538400,APO
2014-12-11T00:00:00.000000000,13.651290893554688,14.119335564788544,13.441270804750365,13.45327221428602,1358700,APO
2014-12-12T00:00:00.000000000,13.687292098999023,13.747297993923796,13.44726966381718,13.50127485479775,2051500,APO
2014-12-15T00:00:00.000000000,13.231252670288086,13.735300500062639,13.141244374510682,13.693296705001023,2098400,APO
2014-12-16T00:00:00.000000000,13.081233024597168,13.387262018637664,12.943220285476093,13.333256834717746,1582600,APO
2014-12-17T00:00:00.000000000,13.201244354248047,13.711292660474678,13.05723091681648,13.117236801875563,2625600,APO
2014-12-18T00:00:00.000000000,13.53728199005127,13.651293110117173,13.321262305921378,13.381267074307818,1279400,APO
2014-12-19T00:00:00.000000000,13.621291160583496,13.795307054588742,13.441273416126974,13.519281448746757,1063900,APO
2014-12-22T00:00:00.000000000,13.621291160583496,13.945321269377029,13.507280036879463,13.621291160583496,790900,APO
2014-12-23T00:00:00.000000000,14.053330421447754,14.251349121353226,13.507278820359412,13.663293727030014,856000,APO
2014-12-24T00:00:00.000000000,13.999323844909668,14.071331158050818,13.867311772754544,14.023326664129188,299900,APO
2014-12-26T00:00:00.000000000,14.137335777282715,14.149337186175492,13.945317813067662,14.071330317407131,420100,APO
2014-12-29T00:00:00.000000000,14.053330421447754,14.299353619981293,14.047329716054556,14.14333871331069,482600,APO
2014-12-30T00:00:00.000000000,14.18533992767334,14.575377695700361,13.957318886773262,13.999322672371909,818100,APO
2014-12-31T00:00:00.000000000,14.149337768554688,14.419363757169572,14.071330896575606,14.221345080357787,505700,APO
2015-01-02T00:00:00.000000000,14.14333724975586,14.335355224398079,13.945318570341394,14.221345267277641,395700,APO
2015-01-05T00:00:00.000000000,13.71129035949707,14.07732402234867,13.525273177095972,14.035320253211344,982700,APO
2015-01-06T00:00:00.000000000,13.279253005981445,13.687291706343556,13.18924473843503,13.507275171250727,1203700,APO
2015-01-07T00:00:00.000000000,13.669290542602539,13.855307778787356,13.333258003312105,13.38126248827971,1047500,APO
2015-01-08T00:00:00.000000000,14.293352127075195,14.299352832137778,13.6752943843563,13.807306462180708,889000,APO
2015-01-09T00:00:00.000000000,14.323352813720703,14.371357300190146,14.197340321415144,14.28134788660736,1040400,APO
2015-01-12T00:00:00.000000000,14.065328598022461,14.311351739984913,14.011323406419264,14.311351739984913,1097300,APO
2015-01-13T00:00:00.000000000,14.377360343933105,14.401363165243584,14.071332383847093,14.203344467502186,2110900,APO
2015-01-14T00:00:00.000000000,14.461365699768066,14.557374673573424,14.07132910061915,14.179338337762243,1223800,APO
2015-01-15T00:00:00.000000000,14.113334655761719,14.611381699109186,13.981321441814933,14.467368220317828,1057500,APO
2015-01-16T00:00:00.000000000,14.371357917785645,14.431362670063166,13.867310215936907,14.131334330606409,865700,APO
2015-01-20T00:00:00.000000000,14.353352546691895,14.44936150195937,14.089327347447824,14.419359132632168,656500,APO
2015-01-21T00:00:00.000000000,14.539374351501465,14.881406505849826,14.275350213295557,14.323354706107303,1020900,APO
2015-01-22T00:00:00.000000000,14.875406265258789,15.10342730955492,14.581377472654477,14.581377472654477,1246200,APO
2015-01-23T00:00:00.000000000,14.773395538330078,14.941410671384439,14.755393426424,14.839400992951182,797600,APO
2015-01-26T00:00:00.000000000,15.097423553466797,15.115425663002926,14.713387706166245,14.773393593436232,635600,APO
2015-01-27T00:00:00.000000000,15.157430648803711,15.217436540856246,14.875404444029149,14.941409895221462,659700,APO
2015-01-28T00:00:00.000000000,15.127426147460938,15.349447590272064,15.019416922206004,15.301443108653052,2363000,APO
2015-01-29T00:00:00.000000000,15.031413078308105,15.157425523460205,14.797391437404393,15.121422458209667,1005600,APO
2015-01-30T00:00:00.000000000,14.923406600952148,15.067420032704096,14.761391061037324,14.7913934301251,626300,APO
2015-02-02T00:00:00.000000000,14.90540599822998,15.00141496242815,14.689385256525533,14.941409073675011,979100,APO
2015-02-03T00:00:00.000000000,15.415453910827637,15.481459356570795,14.923407696749223,15.00141454881554,1056400,APO
2015-02-04T00:00:00.000000000,15.097423553466797,15.40945325165705,15.007415294820369,15.3734501771019,1264600,APO
2015-02-05T00:00:00.000000000,14.731393814086914,15.001419828812542,14.233346721551039,14.671389050385669,2012200,APO
2015-02-06T00:00:00.000000000,14.581378936767578,14.66538766216868,14.40136236501191,14.61138246173849,1687800,APO
2015-02-09T00:00:00.000000000,14.359354019165039,14.641380197316066,14.32335094513912,14.57537475235473,1516300,APO
2015-02-10T00:00:00.000000000,14.257349014282227,14.407363207010974,14.071331735763469,14.359358711118473,3097400,APO
2015-02-11T00:00:00.000000000,14.419363975524902,14.51537296303799,14.041327585739383,14.281350054522104,1683200,APO
2015-02-12T00:00:00.000000000,14.525157928466797,14.749196732473449,14.338459716460108,14.686963599471792,1371700,APO
2015-02-13T00:00:00.000000000,14.749197959899902,14.792760800526871,14.537606002284582,14.606061385984798,1348500,APO
2015-02-17T00:00:00.000000000,14.736748695373535,14.873660627479858,14.587389900258044,14.798981823421204,1021800,APO
2015-02-18T00:00:00.000000000,14.518936157226562,14.780314396132848,14.375800765848895,14.655848115892361,1294700,APO
2015-02-19T00:00:00.000000000,14.612281799316406,14.68696178710255,14.400689885420158,14.419360179116229,921200,APO
2015-02-20T00:00:00.000000000,14.624731063842773,14.66829390262385,14.332236869885318,14.568721360553297,727400,APO
2015-02-23T00:00:00.000000000,14.319791793823242,14.643403189468604,14.232666105379675,14.581170046152423,1483500,APO
2015-02-24T00:00:00.000000000,14.3882417678833,14.543823961283001,14.220212714132122,14.313561792772354,1193300,APO
2015-02-25T00:00:00.000000000,14.643401145935059,14.705633093568094,14.382022930082046,14.382022930082046,1520600,APO
2015-02-26T00:00:00.000000000,14.3757963180542,14.79898011554294,14.344679164122349,14.662067012238905,1500600,APO
2015-02-27T00:00:00.000000000,14.512710571289062,14.680739668584007,14.313565502049826,14.475371167556265,933600,APO
2015-03-02T00:00:00.000000000,14.43181037902832,14.637178909185327,14.276228123242758,14.550052038786491,1084500,APO
2015-03-03T00:00:00.000000000,14.438032150268555,14.587390956195684,14.288672157343148,14.438032150268553,1599800,APO
2015-03-04T00:00:00.000000000,14.213994979858398,14.537606356688423,14.139314974821312,14.37580066827341,1546000,APO
2015-03-05T00:00:00.000000000,14.126871109008789,14.481598507701325,14.033520793985646,14.438035660423091,953000,APO
2015-03-06T00:00:00.000000000,13.865489959716797,14.220217284764145,13.691237419781995,14.12686817611984,1926600,APO
2015-03-09T00:00:00.000000000,13.591663360595703,13.90905124412863,13.554323958708942,13.890380949686158,1279700,APO
2015-03-10T00:00:00.000000000,13.454751014709473,13.535653247472652,13.373847594948144,13.42363385826352,1308700,APO
2015-03-11T00:00:00.000000000,13.697461128234863,13.772139941857246,13.43608290655984,13.448529771163017,1141500,APO
2015-03-12T00:00:00.000000000,13.865489959716797,13.971285932713227,13.716131148486246,13.734800258016117,978800,APO
2015-03-13T00:00:00.000000000,14.021073341369629,14.064636183140228,13.815704810880787,13.815704810880787,1012100,APO
2015-03-16T00:00:00.000000000,14.157983779907227,14.164207211920607,13.89038213832332,14.101974078785094,969000,APO
2015-03-17T00:00:00.000000000,13.871711730957031,14.170429317651044,13.72235175061185,14.139312160496559,751100,APO
2015-03-18T00:00:00.000000000,13.73480224609375,13.958841088867786,13.604113712474554,13.691239401554018,1279500,APO
2015-03-19T00:00:00.000000000,13.809481620788574,13.815705053579187,13.622782198065462,13.722354748718415,524000,APO
2015-03-20T00:00:00.000000000,13.840591430664062,13.965057657019914,13.691232671235785,13.691232671235785,718800,APO
2015-03-23T00:00:00.000000000,13.747248649597168,13.958840619096504,13.741025216729724,13.834374335744501,946700,APO
2015-03-24T00:00:00.000000000,13.697461128234863,13.741023967347644,13.541878881690167,13.741023967347644,923200,APO
2015-03-25T00:00:00.000000000,13.541877746582031,13.75969311088654,13.479644615780993,13.709906843645358,1195700,APO
2015-03-26T00:00:00.000000000,13.236939430236816,13.554327394215523,13.068910298660121,13.53565709504084,1790000,APO
2015-03-27T00:00:00.000000000,13.112467765808105,13.249380862945776,13.04401121723927,13.236934001933625,2006700,APO
2015-03-30T00:00:00.000000000,13.380072593688965,13.597887966334723,13.11247095189546,13.212043490190958,1361200,APO
2015-03-31T00:00:00.000000000,13.442305564880371,13.548101533919178,13.261829599520766,13.324062731955053,966000,APO
2015-04-01T00:00:00.000000000,13.373849868774414,13.535655548809176,13.33651046168896,13.411189275859867,869400,APO
2015-04-02T00:00:00.000000000,13.373849868774414,13.492092709376422,13.286724189908906,13.34895732638356,1028300,APO
2015-04-06T00:00:00.000000000,13.373849868774414,13.404967030510916,13.187151646348799,13.218267621086952,672700,APO
2015-04-07T00:00:00.000000000,13.324067115783691,13.423639685640193,13.224494545927193,13.299174566818898,2145700,APO
2015-04-08T00:00:00.000000000,13.0751314163208,13.336509623488023,13.068907984364643,13.336509623488023,1038100,APO
2015-04-09T00:00:00.000000000,13.09379768371582,13.467193990218924,12.93199206363212,13.075127393591503,1309300,APO
2015-04-10T00:00:00.000000000,13.22449016571045,13.230713597639987,13.056461064607719,13.17470389727241,1430600,APO
2015-04-13T00:00:00.000000000,13.299169540405273,13.510760281130738,13.218266116100107,13.218266116100107,2496200,APO
2015-04-14T00:00:00.000000000,13.498316764831543,13.71613215904843,13.268054505345486,13.268054505345486,1509100,APO
2015-04-15T00:00:00.000000000,13.64767837524414,13.759697811555094,13.516988637215144,13.516988637215144,1233500,APO
2015-04-16T00:00:00.000000000,13.741026878356934,13.853046309519945,13.672570295535406,13.716134330875484,942700,APO
2015-04-17T00:00:00.000000000,13.728577613830566,13.747247911430389,13.554326250892434,13.629005067294951,775700,APO
2015-04-20T00:00:00.000000000,13.759696960449219,13.84682265574696,13.709910679279286,13.753473526928156,702600,APO
2015-04-21T00:00:00.000000000,13.641453742980957,13.784589149249355,13.548104616588459,13.778365715890049,1206800,APO
2015-04-22T00:00:00.000000000,13.535654067993164,13.647673463992824,13.317838707660298,13.635226600659925,2008800,APO
2015-04-23T00:00:00.000000000,13.535654067993164,13.641450032326373,13.436081535326407,13.467197506660437,1870400,APO
2015-04-24T00:00:00.000000000,13.703682899475098,13.765916027949196,13.535653808694496,13.535653808694496,824100,APO
2015-04-27T00:00:00.000000000,13.85926628112793,13.921499414783757,13.69123717635669,13.821925688735458,1523900,APO
2015-04-28T00:00:00.000000000,13.915275573730469,13.989954382323917,13.765916769545314,13.902828709965474,1272300,APO
2015-04-29T00:00:00.000000000,14.039746284484863,14.101979441285518,13.778367975521107,13.902834289122415,489000,APO
2015-04-30T00:00:00.000000000,14.226439476013184,14.33223543978137,14.03974008801145,14.077080677810725,951600,APO
2015-05-01T00:00:00.000000000,14.238886833190918,14.319790266975168,14.207770858349809,14.294896537503599,363500,APO
2015-05-04T00:00:00.000000000,14.406914710998535,14.518934110020272,14.270002771637664,14.307342175645491,737700,APO
2015-05-05T00:00:00.000000000,14.145543098449707,14.462931147862639,14.083309938114049,14.406921422260426,878600,APO
2015-05-06T00:00:00.000000000,14.0584135055542,14.176656358852814,13.716132998687947,13.82192779895697,897200,APO
2015-05-07T00:00:00.000000000,13.815701484680176,13.958836840893985,13.380070797857652,13.380070797857652,1554600,APO
2015-05-08T00:00:00.000000000,13.660120964050293,14.039740817412792,13.653897532093756,13.871712902579418,1732500,APO
2015-05-11T00:00:00.000000000,13.492095947265625,13.759697667427966,13.460978778061495,13.604115382403222,1450000,APO
2015-05-12T00:00:00.000000000,13.436079025268555,13.492088712804948,13.336506511203412,13.454749316780019,495000,APO
2015-05-13T00:00:00.000000000,13.473420143127441,13.597886395114019,13.404964772833159,13.404964772833159,1016300,APO
2015-05-14T00:00:00.000000000,13.479641914367676,13.591661289960438,13.386292830373042,13.504535636498513,662000,APO
2015-05-15T00:00:00.000000000,13.61033821105957,13.722356454217636,13.46097817951832,13.485871913774721,732500,APO
2015-05-18T00:00:00.000000000,13.724069595336914,13.736707149801221,13.408137964830399,13.660884233382433,913300,APO
2015-05-19T00:00:00.000000000,13.622973442077637,13.78093927903878,13.553469293339644,13.648248554479592,1064900,APO
2015-05-20T00:00:00.000000000,13.774618148803711,13.995770523822381,13.648246223924106,13.995770523822381,1593400,APO
2015-05-21T00:00:00.000000000,13.698796272277832,13.774619191910721,13.597698242644928,13.749345287094284,959300,APO
2015-05-22T00:00:00.000000000,13.743023872375488,13.755661424950413,13.610333185888836,13.648244638430258,714400,APO
2015-05-26T00:00:00.000000000,13.774618148803711,13.793574479868223,13.477642859893976,13.73670669185818,1117700,APO
2015-05-27T00:00:00.000000000,13.882034301757812,13.957858417303651,13.717749722394691,13.812530168122846,1088800,APO
2015-05-28T00:00:00.000000000,14.052634239196777,14.103183235535562,13.837800703461156,13.89466847499018,976100,APO
2015-05-29T00:00:00.000000000,14.027363777160645,14.141098142874837,13.945220884764169,14.071594009135625,444700,APO
2015-06-01T00:00:00.000000000,14.077913284301758,14.1537361974624,13.88203481407257,14.052638176459228,912800,APO
2015-06-02T00:00:00.000000000,14.153740882873535,14.355936991814263,13.989456243063225,14.09055429753359,1958500,APO
2015-06-03T00:00:00.000000000,14.463349342346191,14.564447365480694,14.166374050036527,14.286428404452563,1386200,APO
2015-06-04T00:00:00.000000000,14.362255096435547,14.494947039936795,14.185334112012306,14.387530211458191,700500,APO
2015-06-05T00:00:00.000000000,14.166375160217285,14.34329731715933,14.052639573981944,14.34329731715933,823200,APO
2015-06-08T00:00:00.000000000,14.027363777160645,14.204284705060566,13.818848965576144,14.179010803296334,1023500,APO
2015-06-09T00:00:00.000000000,13.547147750854492,14.090549299591256,13.52819142042119,14.052637843908096,1272200,APO
2015-06-10T00:00:00.000000000,13.578741073608398,13.648246416642893,13.307039683764657,13.572422296497672,1402100,APO
2015-06-11T00:00:00.000000000,13.610332489013672,13.743023168706308,13.559782281302247,13.610332489013672,587400,APO
2015-06-12T00:00:00.000000000,13.528196334838867,13.641931948388775,13.439735837715109,13.591382920720358,743200,APO
2015-06-15T00:00:00.000000000,13.458688735961914,13.553469201644322,13.401820938625942,13.477645070135132,346200,APO
2015-06-16T00:00:00.000000000,13.452370643615723,13.547149900454482,13.319678719894547,13.477644549687026,565000,APO
2015-06-17T00:00:00.000000000,13.465002059936523,13.597693935034012,13.344948941018792,13.483958386431365,664200,APO
2015-06-18T00:00:00.000000000,13.66720199584961,13.793575131886323,13.50923617839549,13.50923617839549,1800600,APO
2015-06-19T00:00:00.000000000,13.692477226257324,13.761982572210732,13.660884544560442,13.698796003633412,427100,APO
2015-06-22T00:00:00.000000000,14.077913284301758,14.08423206126239,13.749344113449709,13.749344113449709,1457700,APO
2015-06-23T00:00:00.000000000,14.311701774597168,14.387525891715683,14.040000395599048,14.046319172457546,1139900,APO
2015-06-24T00:00:00.000000000,14.267468452453613,14.38752277640294,14.115821456235977,14.330655002173428,682100,APO
2015-06-25T00:00:00.000000000,14.299067497253418,14.507582360627433,13.224900494035408,13.224900494035408,1100500,APO
2015-06-26T00:00:00.000000000,14.160054206848145,14.37488779113026,14.033681084852757,14.305382453514454,553200,APO
2015-06-29T00:00:00.000000000,13.995771408081055,14.311703048015994,13.983133853239604,13.995771408081056,1008200,APO
2015-06-30T00:00:00.000000000,13.995771408081055,14.204286242230772,13.983133853239604,14.13478210096991,351400,APO
2015-07-01T00:00:00.000000000,13.91994571685791,14.28642629798037,13.799891380143373,14.077911505362131,840600,APO
2015-07-02T00:00:00.000000000,13.995771408081055,14.147418450627798,13.869399475217218,13.93890361647808,606800,APO
2015-07-06T00:00:00.000000000,13.882034301757812,13.97049597075853,13.749343606031886,13.945220863848773,634200,APO
2015-07-07T00:00:00.000000000,13.799891471862793,13.844121700108614,13.433410888304563,13.825165371496121,1043500,APO
2015-07-08T00:00:00.000000000,13.433414459228516,13.705115882315697,13.319678867686564,13.705115882315697,540500,APO
2015-07-09T00:00:00.000000000,13.572421073913574,13.64824518722867,13.465004283074173,13.572421073913574,674300,APO
2015-07-10T00:00:00.000000000,13.806211471557617,13.850441703723071,13.679838346641946,13.698794676934327,1119900,APO
2015-07-13T00:00:00.000000000,13.900988578796387,14.01472413272495,13.818846903838676,14.01472413272495,517700,APO
2015-07-14T00:00:00.000000000,14.128462791442871,14.28642860546103,13.875716524867002,13.875716524867002,660200,APO
2015-07-15T00:00:00.000000000,14.08423137664795,14.27378985551886,14.039999940073546,14.204284517513932,595100,APO
2015-07-16T00:00:00.000000000,13.964173316955566,14.185325620280494,13.875711672515738,14.0905452008676,486800,APO
2015-07-17T00:00:00.000000000,14.002086639404297,14.103184642165223,13.837802083621973,13.938900086382901,644700,APO
2015-07-20T00:00:00.000000000,13.76830005645752,14.046319003792286,13.711432270597353,14.014726325062613,2862200,APO
2015-07-21T00:00:00.000000000,13.806211471557617,13.932583391289851,13.660883221533,13.660883221533,675200,APO
2015-07-22T00:00:00.000000000,13.401819229125977,13.894673008109395,13.237535841315033,13.774618650693524,1120600,APO
2015-07-23T00:00:00.000000000,13.079569816589355,13.471324358469193,12.776274539269808,13.363907557273075,996200,APO
2015-07-24T00:00:00.000000000,12.864736557006836,13.04797627852804,12.681495630302086,13.04797627852804,1649300,APO
2015-07-27T00:00:00.000000000,12.751004219055176,12.959519102892148,12.649906166599907,12.681498856048234,1323600,APO
2015-07-28T00:00:00.000000000,12.864736557006836,13.029021151754131,12.681495630302086,12.788912434360567,1456900,APO
2015-07-29T00:00:00.000000000,12.908963203430176,13.307036422375141,12.858414204116796,13.307036422375141,718700,APO
2015-07-30T00:00:00.000000000,13.060609817504883,13.060609817504883,12.801546052990073,12.908962824021811,860200,APO
2015-07-31T00:00:00.000000000,12.997422218322754,13.16802552414477,12.965829549177823,13.085882656075025,493900,APO
2015-08-03T00:00:00.000000000,12.858417510986328,13.31335862180644,12.826823625050789,13.010064547926367,598700,APO
2015-08-04T00:00:00.000000000,12.978471755981445,13.041657116944148,12.852098623689022,12.883691304170373,474000,APO
2015-08-05T00:00:00.000000000,12.77627182006836,13.142752380529767,12.694130144957722,13.079567032836934,600900,APO
2015-08-06T00:00:00.000000000,12.725723266601562,12.7825910456728,12.504572131528187,12.69413059164345,826700,APO
2015-08-07T00:00:00.000000000,13.382864952087402,13.515555667246305,12.656222394580842,12.7383640937006,1608000,APO
2015-08-10T00:00:00.000000000,13.83780574798584,13.926267427714468,13.40813851988088,13.40813851988088,1154100,APO
2015-08-11T00:00:00.000000000,13.218578338623047,13.736705975532747,13.14275422350248,13.654564288903604,955300,APO
2015-08-12T00:00:00.000000000,13.161712646484375,13.21858044057176,12.776275643266235,13.155393868787597,628200,APO
2015-08-13T00:00:00.000000000,13.269128799438477,13.420775841095747,12.946878383972944,13.420775841095747,457700,APO
2015-08-14T00:00:00.000000000,13.352944374084473,13.352944374084473,13.01122324752055,13.120832212401918,851100,APO
2015-08-17T00:00:00.000000000,13.230441093444824,13.307811403589094,13.140174091904637,13.28846944094248,708400,APO
2015-08-18T00:00:00.000000000,12.901613235473633,13.133726608095511,12.624366980348348,12.637262441000413,773600,APO
2015-08-19T00:00:00.000000000,12.559894561767578,12.862931826380143,12.559894561767578,12.830693165368608,1025200,APO
2015-08-20T00:00:00.000000000,12.153696060180664,12.527655882196422,12.018296156982709,12.527655882196422,1531800,APO
2015-08-21T00:00:00.000000000,12.147248268127441,12.256857244540296,11.960267743161204,12.011848365603779,1589300,APO
2015-08-24T00:00:00.000000000,11.657228469848633,11.657228469848633,9.897038839277677,11.605647861875887,2053400,APO
2015-08-25T00:00:00.000000000,11.418670654296875,12.063429053200931,11.367090031575712,11.902239453474916,1784900,APO
2015-08-26T00:00:00.000000000,11.618549346923828,11.818424152754915,11.554073246074637,11.63789131633305,1489900,APO
2015-08-27T00:00:00.000000000,12.115013122558594,12.218174386877813,11.786186131373855,11.792633864116215,1895400,APO
2015-08-28T00:00:00.000000000,12.282649993896484,12.360021561681656,12.03764228383892,12.089222919102584,848600,APO
2015-08-31T00:00:00.000000000,11.979610443115234,12.282646433730857,11.928029822802383,12.256856738463927,722800,APO
2015-09-01T00:00:00.000000000,11.805527687072754,11.992508240726107,11.68302445858873,11.805527687072754,1031300,APO
2015-09-02T00:00:00.000000000,12.185934066772461,12.192381798638403,11.786184529316934,11.966716102446872,2358400,APO
2015-09-03T00:00:00.000000000,12.256856918334961,12.443836208545868,12.05698216541185,12.269752381047164,723800,APO
2015-09-04T00:00:00.000000000,12.127904891967773,12.19238097650043,11.928030136717659,12.089219733159789,413400,APO
2015-09-08T00:00:00.000000000,12.58568286895752,12.605024831756303,12.185932164137451,12.314884321764291,691700,APO
2015-09-09T00:00:00.000000000,12.347123146057129,12.792006787548733,12.327781181065573,12.643712650311217,801300,APO
2015-09-10T00:00:00.000000000,12.276196479797363,12.360014503066369,12.16658753873565,12.301986167811423,885600,APO
2015-09-11T00:00:00.000000000,12.179487228393555,12.289096218597264,12.037640806274307,12.179487228393555,385300,APO
2015-09-14T00:00:00.000000000,12.037640571594238,12.192382455374606,11.94737478016715,12.192382455374606,348700,APO
2015-09-15T00:00:00.000000000,12.237512588500977,12.256855780774035,12.044085584885961,12.08921847041087,558000,APO
2015-09-16T00:00:00.000000000,12.424494743347168,12.424494743347168,12.102115541266208,12.263305142306688,457800,APO
2015-09-17T00:00:00.000000000,12.205273628234863,12.605023046664503,12.153693018444628,12.301987117869212,922200,APO
2015-09-18T00:00:00.000000000,12.031192779541016,12.09566887157361,11.779737373370988,12.09566887157361,983000,APO
2015-09-21T00:00:00.000000000,12.056981086730957,12.179484282200079,11.94092439226219,12.024742432834689,420400,APO
2015-09-22T00:00:00.000000000,11.734607696533203,11.953825731705194,11.612103211047796,11.953825731705194,524900,APO
2015-09-23T00:00:00.000000000,11.579861640930176,11.747498992296457,11.347749425774646,11.747498992296457,754500,APO
2015-09-24T00:00:00.000000000,11.444463729858398,11.483148896719722,11.122084469862388,11.450911462631833,860500,APO
2015-09-25T00:00:00.000000000,11.405776977539062,11.528280193867927,11.205900978684182,11.470253066531635,2039200,APO
2015-09-28T00:00:00.000000000,11.173663139343262,11.418670792795758,11.089845087571875,11.412224290934091,1375400,APO
2015-09-29T00:00:00.000000000,10.780359268188477,11.173662258826266,10.606275446723279,11.141424832942072,1100200,APO
2015-09-30T00:00:00.000000000,11.076951026916504,11.096292994508826,10.780361482782308,10.825495609982571,809600,APO
2015-10-01T00:00:00.000000000,11.347752571105957,11.425122921009983,11.076953886882785,11.076953886882785,976800,APO
2015-10-02T00:00:00.000000000,11.541172981262207,11.541172981262207,11.057604270624584,11.205898380073203,1132900,APO
2015-10-05T00:00:00.000000000,11.786187171936035,11.940929082076497,11.483149855187335,11.624997528483965,2349100,APO
2015-10-06T00:00:00.000000000,11.86355209350586,11.979608780547814,11.773286327930483,11.86355209350586,1153600,APO
2015-10-07T00:00:00.000000000,11.992510795593262,12.037643703047609,11.863558577341278,11.870006311231826,1393000,APO
2015-10-08T00:00:00.000000000,12.031192779541016,12.031192779541017,11.79263283773334,11.93447925638171,1024800,APO
2015-10-09T00:00:00.000000000,12.005404472351074,12.108565739650777,11.973165807707849,12.063431609150259,931400,APO
2015-10-12T00:00:00.000000000,11.979610443115234,12.063428489956493,11.895792396273974,12.011847869643644,839500,APO
2015-10-13T00:00:00.000000000,11.934475898742676,11.979608781534079,11.811971481323992,11.9280281683755,691900,APO
2015-10-14T00:00:00.000000000,11.86355209350586,12.018293932968858,11.799076019618239,11.947371358493415,1135400,APO
2015-10-15T00:00:00.000000000,11.986061096191406,11.986061096191406,11.702367000425772,11.928032730471633,524100,APO
2015-10-16T00:00:00.000000000,11.973159790039062,12.0118449383886,11.895789493339985,11.97315979003906,538000,APO
2015-10-19T00:00:00.000000000,11.979610443115234,11.998953636899675,11.895792396273974,11.895792396273974,791400,APO
2015-10-20T00:00:00.000000000,11.986061096191406,12.044089461911181,11.88289983041832,11.992508829024636,475600,APO
2015-10-21T00:00:00.000000000,11.644336700439453,11.998954568684962,11.63788896867727,11.998954568684962,477800,APO
2015-10-22T00:00:00.000000000,11.992510795593262,12.024748235266511,11.695921185525496,11.715264387197141,1139100,APO
2015-10-23T00:00:00.000000000,11.986061096191406,12.05698492757764,11.947375928971322,12.024746263411492,492700,APO
2015-10-26T00:00:00.000000000,11.85065746307373,11.986057350702238,11.786182614447585,11.934476733933975,663300,APO
2015-10-27T00:00:00.000000000,11.895798683166504,11.915140657394124,11.683028358205167,11.779741918682202,790000,APO
2015-10-28T00:00:00.000000000,11.747498512268066,12.03764030658065,11.676575919042104,12.03764030658065,663500,APO
2015-10-29T00:00:00.000000000,11.85710620880127,11.928030024095447,11.676574649549206,11.741049503694077,482900,APO
2015-10-30T00:00:00.000000000,11.779735565185547,11.928029693251995,11.644335669723022,11.870001342307908,700300,APO
2015-11-02T00:00:00.000000000,12.12145709991455,12.160143488308082,11.83776429703611,11.889344918448463,1213500,APO
2015-11-03T00:00:00.000000000,12.224618911743164,12.353571086165735,12.037639611587421,12.13435312751481,951700,APO
2015-11-04T00:00:00.000000000,12.231067657470703,12.366467574817772,12.121458669058002,12.224619925237112,1055100,APO
2015-11-05T00:00:00.000000000,11.953822135925293,12.263305893739627,11.7023655066444,12.263305893739627,1409000,APO
2015-11-06T00:00:00.000000000,11.91513729095459,11.979613389649094,11.8119760249551,11.92803275664935,607700,APO
2015-11-09T00:00:00.000000000,11.695911407470703,11.92157698586024,11.67012172324878,11.895787301638318,507600,APO
2015-11-10T00:00:00.000000000,11.599203109741211,11.8828971413066,11.483146404565415,11.734603009039311,589300,APO
2015-11-11T00:00:00.000000000,11.753948211669922,11.7732914111214,11.502492767697472,11.599206305396157,1023900,APO
2015-11-12T00:00:00.000000000,11.554072380065918,11.702366540058476,11.508939481788119,11.657233641780675,697700,APO
2015-11-13T00:00:00.000000000,11.450911521911621,11.592757954323643,11.321959325333935,11.592757954323643,576200,APO
2015-11-16T00:00:00.000000000,11.386434555053711,11.573415102850355,11.3155107293682,11.347749390943065,518700,APO
2015-11-17T00:00:00.000000000,10.728780746459961,11.470253984549418,10.670752384700279,11.438015322583366,1442100,APO
2015-11-18T00:00:00.000000000,11.084428787231445,11.23590909374193,10.603642811158291,10.748536853533349,1053100,APO
2015-11-19T00:00:00.000000000,11.196393966674805,11.341288024599207,11.031741114223705,11.097602506444458,688400,APO
2015-11-20T00:00:00.000000000,10.913188934326172,11.222737046297429,10.893431399486374,11.196391991575897,713500,APO
2015-11-23T00:00:00.000000000,10.853915214538574,11.156877101827218,10.774882552603458,11.025154323666674,650200,APO
2015-11-24T00:00:00.000000000,10.788054466247559,10.972466115385707,10.669505466303306,10.827572055763897,1106000,APO
2015-11-25T00:00:00.000000000,10.728780746459961,10.880261073148441,10.656333087521293,10.814399679222525,1412300,APO
2015-11-27T00:00:00.000000000,10.761710166931152,10.952706815987028,10.66950497471118,10.801226498425208,346400,APO
2015-11-30T00:00:00.000000000,10.75512409210205,10.801226689025572,10.669505162987162,10.768296621566359,995100,APO
2015-12-01T00:00:00.000000000,10.62339973449707,10.998809231350274,10.597055935676584,10.946120377507935,1183000,APO
2015-12-02T00:00:00.000000000,10.57071304321289,10.794641031904398,10.53119670879722,10.623401907834326,1086900,APO
2015-12-03T00:00:00.000000000,10.320441246032715,10.57729930393052,10.241407949133329,10.504852272131284,1854900,APO
2015-12-04T00:00:00.000000000,10.438990592956543,10.504851353898715,10.327026608444019,10.333612244867707,951200,APO
2015-12-07T00:00:00.000000000,10.34019660949707,10.531193848907057,10.30726592102625,10.425816148280946,933100,APO
2015-12-08T00:00:00.000000000,10.195302963256836,10.287508774454762,9.925272421728042,10.056995188610998,1264000,APO
2015-12-09T00:00:00.000000000,10.056997299194336,10.333613534637998,9.85941373550529,10.1689606695806,1250000,APO
2015-12-10T00:00:00.000000000,10.175546646118164,10.537783064583381,10.136030311362434,10.142615948421177,1034500,APO
2015-12-11T00:00:00.000000000,9.931859970092773,10.083340920357594,9.806724079092081,10.043823959562186,1447600,APO
2015-12-14T00:00:00.000000000,9.54986572265625,10.04382429451778,9.31935147121388,9.885757702266282,2147300,APO
2015-12-15T00:00:00.000000000,10.208476066589355,10.386301435044105,9.60913983027281,9.714517547238259,2038000,APO
2015-12-16T00:00:00.000000000,10.247993469238281,10.373129356540144,9.958204106906445,10.320440495770857,1226700,APO
2015-12-17T00:00:00.000000000,10.201891899108887,10.294097734455633,10.076755991517677,10.267753299799544,658300,APO
2015-12-18T00:00:00.000000000,9.72110366821289,10.2018896518026,9.72110366821289,10.2018896518026,857900,APO
2015-12-21T00:00:00.000000000,9.872581481933594,9.898925904128257,9.668412366950093,9.773790055728748,663900,APO
2015-12-22T00:00:00.000000000,9.879170417785645,9.991134399435275,9.806723394171483,9.879170417785645,621200,APO
2015-12-23T00:00:00.000000000,10.465337753295898,10.465337753295898,9.879173247809534,9.879173247809534,1084400,APO
2015-12-24T00:00:00.000000000,10.274340629577637,10.432407253884756,10.142617814554105,10.432407253884756,269800,APO
2015-12-28T00:00:00.000000000,10.063581466674805,10.208476142631982,10.024065136568773,10.142614754987608,1062200,APO
2015-12-29T00:00:00.000000000,10.129443168640137,10.208476459405377,10.004306653852934,10.096512473796096,798100,APO
2015-12-30T00:00:00.000000000,10.043824195861816,10.353371740389388,9.97796280235355,10.070168627644962,1030600,APO
2015-12-31T00:00:00.000000000,9.997722625732422,10.116272266901387,9.925274959800477,10.01089452892859,758800,APO
2016-01-04T00:00:00.000000000,10.188718795776367,10.208476962416047,9.694760233078815,9.865998724124031,541000,APO
2016-01-05T00:00:00.000000000,10.030651092529297,10.234820898253151,9.945032165203976,10.188718302293246,928900,APO
2016-01-06T00:00:00.000000000,9.780379295349121,9.846240056832832,9.62889835054514,9.819895626619195,1643500,APO
2016-01-07T00:00:00.000000000,9.589381217956543,9.8330673340947,9.510347305819192,9.62889754592451,958100,APO
2016-01-08T00:00:00.000000000,9.220559120178223,9.714517644473485,9.213972855776774,9.595967397650384,692700,APO
2016-01-11T00:00:00.000000000,9.233732223510742,9.358868114420595,9.095423802978388,9.233732223510742,2428600,APO
2016-01-12T00:00:00.000000000,9.299592971801758,9.411556961003047,9.055906827099182,9.312765501402279,1518200,APO
2016-01-13T00:00:00.000000000,9.174455642700195,9.510346929541168,9.082249834255226,9.3391084682872,1617600,APO
2016-01-14T00:00:00.000000000,8.818806648254395,9.220559365939781,8.65415380243404,9.200801200309552,2320100,APO
2016-01-15T00:00:00.000000000,8.812217712402344,8.94393982350914,8.25898421765323,8.581703546890024,1507300,APO
2016-01-19T00:00:00.000000000,8.693671226501465,9.082252091978793,8.463157590237532,8.904427322752378,1246100,APO
2016-01-20T00:00:00.000000000,8.561949729919434,8.73977514118311,8.166782568067411,8.482916423169208,1298400,APO
2016-01-21T00:00:00.000000000,8.660738945007324,9.055906003680965,8.594878187295533,8.594878187295533,1124800,APO
2016-01-22T00:00:00.000000000,9.088837623596191,9.095423888469348,8.766118182020941,8.766118182020941,825000,APO
2016-01-25T00:00:00.000000000,8.720014572143555,9.134939819375107,8.667325711679302,8.996631403631255,1048700,APO
2016-01-26T00:00:00.000000000,9.042733192443848,9.095422676306299,8.687083102001717,8.726600057873378,849300,APO
2016-01-27T00:00:00.000000000,8.957114219665527,9.128352685823005,8.831977716899663,9.042733138693915,1038100,APO
2016-01-28T00:00:00.000000000,8.8451509475708,9.088837080406757,8.673911839707452,9.036148220771995,771600,APO
2016-01-29T00:00:00.000000000,8.94394302368164,9.108595878503616,8.799048335570081,8.95711555355578,654500,APO
2016-02-01T00:00:00.000000000,8.94394302368164,9.14811284002524,8.654154275559314,8.845151562028773,1153600,APO
2016-02-02T00:00:00.000000000,8.522431373596191,8.864909608467837,8.443398079725993,8.818807010735418,1370400,APO
2016-02-03T00:00:00.000000000,8.384121894836426,8.878080390299393,8.212883427099134,8.73977261454644,2741400,APO
2016-02-04T00:00:00.000000000,8.82539176940918,9.055905991338076,8.318261360506623,8.331433260790739,4021300,APO
2016-02-05T00:00:00.000000000,8.957114219665527,8.996630547201597,8.713427478090047,8.851735880667698,1918600,APO
2016-02-08T00:00:00.000000000,8.522431373596191,8.858323343620123,8.258987060695532,8.79246257944535,2945200,APO
2016-02-09T00:00:00.000000000,8.673914909362793,8.720017520833506,8.272162055444218,8.377539812006404,2161700,APO
2016-02-10T00:00:00.000000000,8.529016494750977,8.924183539213086,8.476327639236123,8.79246140042595,1913600,APO
2016-02-11T00:00:00.000000000,8.298502922058105,8.443396960903371,8.133850091287911,8.338019249706559,2891000,APO
2016-02-12T00:00:00.000000000,8.82539176940918,8.8319780336016,8.351192053367999,8.417052810990022,1994500,APO
2016-02-16T00:00:00.000000000,9.299592971801758,9.365454363602792,8.726601124295577,8.825392583896345,2510100,APO
2016-02-17T00:00:00.000000000,9.850579261779785,9.884176181770533,9.299592080840142,9.407101712164176,1922900,APO
2016-02-18T00:00:00.000000000,10.482202529907227,10.482202529907227,9.628843447482673,9.93121453875135,4840800,APO
2016-02-19T00:00:00.000000000,10.018566131591797,10.179830625429572,9.850582123642079,10.179830625429572,3183100,APO
2016-02-22T00:00:00.000000000,10.079039573669434,10.220146153333129,9.998407333977047,10.21342663982341,1832200,APO
2016-02-23T00:00:00.000000000,9.877457618713379,10.058880619611173,9.769947977058987,9.964809362759574,959000,APO
2016-02-24T00:00:00.000000000,9.79682731628418,9.816985217861088,9.501175743526352,9.743072484873665,1121900,APO
2016-02-25T00:00:00.000000000,9.924495697021484,10.032005361744,9.702756212521109,9.864021350413031,1248600,APO
2016-02-26T00:00:00.000000000,10.12607192993164,10.159668846862264,9.897613663772873,9.958087986086415,606200,APO
2016-02-29T00:00:00.000000000,10.448604583740234,10.468762483649492,9.99168791374316,10.146233521869028,1087300,APO
2016-03-01T00:00:00.000000000,10.582989692687988,10.777851705379794,10.44860265014878,10.59642871734589,1461700,APO
2016-03-02T00:00:00.000000000,10.67706298828125,10.851765856646177,10.482201579067683,10.724098301978566,734300,APO
2016-03-03T00:00:00.000000000,11.133976936340332,11.133976936340332,10.616586660092937,10.670341477344406,1266200,APO
2016-03-04T00:00:00.000000000,11.322122573852539,11.402754181257416,11.0936642168449,11.20117388112893,1181400,APO
2016-03-07T00:00:00.000000000,11.476663589477539,11.476663589477539,11.181011474072024,11.254924823327364,925300,APO
2016-03-08T00:00:00.000000000,11.288522720336914,11.503543287046446,11.120538743655615,11.422910414328367,870700,APO
2016-03-09T00:00:00.000000000,11.295244216918945,11.4833867652262,11.120540696694263,11.301963730960232,470500,APO
2016-03-10T00:00:00.000000000,11.288522720336914,11.382594618777345,11.033187639692395,11.369155593054993,396300,APO
2016-03-11T00:00:00.000000000,11.362438201904297,11.490106406874085,11.275087081629982,11.382596744252034,604400,APO
2016-03-14T00:00:00.000000000,11.409470558166504,11.510260680516057,11.241486593711935,11.456505863155233,737800,APO
2016-03-15T00:00:00.000000000,11.322122573852539,11.3489993491154,11.113822759504265,11.3489993491154,626500,APO
2016-03-16T00:00:00.000000000,11.38259506225586,11.429630372500606,11.133978203170093,11.322120725765162,633700,APO
2016-03-17T00:00:00.000000000,11.597613334655762,11.72528150952004,11.369155035052728,11.402751316093658,840600,APO
2016-03-18T00:00:00.000000000,11.523701667785645,11.718563714914263,11.416192014754738,11.58417600781755,867200,APO
2016-03-21T00:00:00.000000000,11.476663589477539,11.5438574268355,11.301960124993183,11.510259867348594,437700,APO
2016-03-22T00:00:00.000000000,11.73871898651123,11.745438498890087,11.382593801743528,11.469944899436756,584100,APO
2016-03-23T00:00:00.000000000,11.463225364685059,11.711842195753684,11.456505852319319,11.671526403175182,425100,APO
2016-03-24T00:00:00.000000000,11.241490364074707,11.382597607983788,10.455325736293355,11.382597607983788,1500800,APO
2016-03-28T00:00:00.000000000,11.160855293273926,11.281803955826053,11.073502911823624,11.254925905651815,407600,APO
2016-03-29T00:00:00.000000000,11.328838348388672,11.422908953180135,10.885360809206242,11.160854393194846,791400,APO
2016-03-30T00:00:00.000000000,11.449788093566895,11.658087859027871,11.348996685541785,11.375874736112744,289600,APO
2016-03-31T00:00:00.000000000,11.50354290008545,11.570735463204892,11.422910030079734,11.469945336909738,424200,APO
2016-04-01T00:00:00.000000000,11.658086776733398,11.69168305521215,11.37587368001791,11.416189470515588,394000,APO
2016-04-04T00:00:00.000000000,11.577455520629883,11.72528224232718,11.469945876640605,11.644649368527196,991800,APO
2016-04-05T00:00:00.000000000,11.31540298461914,11.463228451625627,11.248209124483,11.456508937450383,549800,APO
2016-04-06T00:00:00.000000000,10.959275245666504,11.375876108461838,10.918959446562486,11.31540176899774,1277400,APO
2016-04-07T00:00:00.000000000,10.7509765625,10.885364282177761,10.562834652082529,10.831609450629912,1377000,APO
2016-04-08T00:00:00.000000000,10.636744499206543,10.939116145631314,10.549392761440274,10.804728462416765,682300,APO
2016-04-11T00:00:00.000000000,10.818168640136719,10.871923462828912,10.630026119906004,10.703939481713796,459500,APO
2016-04-12T00:00:00.000000000,11.013029098510742,11.046626662808695,10.824887864906334,10.845045121869072,462100,APO
2016-04-13T00:00:00.000000000,11.288522720336914,11.335559310365147,11.053346178275921,11.08694246096577,663400,APO
2016-04-14T00:00:00.000000000,11.39603328704834,11.449789394297115,11.234768810150427,11.301962662595258,679300,APO
2016-04-15T00:00:00.000000000,11.369155883789062,11.490104555151085,11.342277831657029,11.342277831657029,381600,APO
2016-04-18T00:00:00.000000000,11.65137004852295,11.65137004852295,11.3489983435064,11.3489983435064,843200,APO
2016-04-19T00:00:00.000000000,11.7252836227417,11.812634738160794,11.617773966095339,11.637931225706405,442000,APO
2016-04-20T00:00:00.000000000,11.658086776733398,11.819351220339982,11.658086776733398,11.731998845709828,591000,APO
2016-04-21T00:00:00.000000000,11.644652366638184,11.78575961171457,11.537142694968736,11.664810910682347,474300,APO
2016-04-22T00:00:00.000000000,11.637930870056152,11.745440523417065,11.557299270843549,11.631211356519074,328900,APO
2016-04-25T00:00:00.000000000,11.496825218200684,11.644650674865515,11.402753307944705,11.577456819430157,397100,APO
2016-04-26T00:00:00.000000000,11.617774963378906,11.691687057657857,11.523703044525945,11.557300616122113,320900,APO
2016-04-27T00:00:00.000000000,11.906700134277344,11.940297688223191,11.557294544549999,11.631206599999587,1181000,APO
2016-04-28T00:00:00.000000000,11.698404312133789,11.852949266772958,11.664808028643904,11.792474931198315,609600,APO
2016-04-29T00:00:00.000000000,11.362438201904297,11.68496718977045,11.207893222087133,11.651370900807162,856200,APO
2016-05-02T00:00:00.000000000,11.637930870056152,11.77903809110245,11.382595763728025,11.382595763728025,532800,APO
2016-05-03T00:00:00.000000000,11.416190147399902,11.530419295262712,11.181012339256947,11.530419295262712,447200,APO
2016-05-04T00:00:00.000000000,11.26164436340332,11.490102642022517,11.154134736007917,11.301960153272635,673300,APO
2016-05-05T00:00:00.000000000,11.181013107299805,11.29524226300921,10.750974535977823,11.08022297734822,623300,APO
2016-05-06T00:00:00.000000000,11.46994400024414,11.523698813444897,11.100379819690918,11.100379819690918,760100,APO
2016-05-09T00:00:00.000000000,11.463225364685059,11.476664389416538,11.221329327598111,11.409470547375077,493800,APO
2016-05-10T00:00:00.000000000,11.564016342163086,11.611052932201886,11.456506699592182,11.557298110916435,517600,APO
2016-05-11T00:00:00.000000000,11.355716705322266,11.543859222873317,11.268365600297592,11.53713970993049,815900,APO
2016-05-12T00:00:00.000000000,11.490103721618652,11.516980490184887,11.160855296582465,11.369155059030671,766400,APO
2016-05-13T00:00:00.000000000,11.174296379089355,11.604336339194633,11.127261058831674,11.436352320207853,474500,APO
2016-05-16T00:00:00.000000000,11.019745826721191,11.254923590914181,10.965991019044141,11.201168783237131,965600,APO
2016-05-17T00:00:00.000000000,11.066783905029297,11.15413629047158,10.8987999286114,10.959274262651125,1044100,APO
2016-05-18T00:00:00.000000000,11.346526145935059,11.42157875353635,11.03267215300229,11.03267215300229,941800,APO
2016-05-19T00:00:00.000000000,10.903033256530762,11.271471811550128,10.746106302223815,11.271471811550128,1145000,APO
2016-05-20T00:00:00.000000000,10.916682243347168,11.128192597428438,10.773400762875838,10.814338607589775,1686900,APO
2016-05-23T00:00:00.000000000,11.039493560791016,11.059961504217043,10.903034531558667,10.930326857953037,1975100,APO
2016-05-24T00:00:00.000000000,11.121369361877441,11.264651491062763,11.059962920993721,11.128192444350068,993700,APO
2016-05-25T00:00:00.000000000,11.353346824645996,11.462513520931463,11.066783921554226,11.12819035088601,698900,APO
2016-05-26T00:00:00.000000000,11.18277359008789,11.4215762238996,11.162305648089806,11.319232609800197,704200,APO
2016-05-27T00:00:00.000000000,11.305585861206055,11.353346125217444,11.17594992933972,11.237356354888533,373000,APO
2016-05-31T00:00:00.000000000,11.203242301940918,11.394284660200606,11.203242301940918,11.380638498602856,828800,APO
2016-06-01T00:00:00.000000000,11.278292655944824,11.380636244921881,10.99855290543518,11.182770845046145,1081800,APO
2016-06-02T00:00:00.000000000,11.353346824645996,11.40793017278873,11.196419861406845,11.223712186163048,620700,APO
2016-06-03T00:00:00.000000000,11.080430030822754,11.210065970054016,11.066783868510061,11.121367216391171,609300,APO
2016-06-06T00:00:00.000000000,11.18277359008789,11.33287877204536,11.019023547254918,11.080429975988489,874300,APO
2016-06-07T00:00:00.000000000,11.1077241897583,11.230535766744438,11.1077241897583,11.175952409849527,703800,APO
2016-06-08T00:00:00.000000000,11.155482292175293,11.19641947653272,11.032669437733386,11.107722026863357,519100,APO
2016-06-09T00:00:00.000000000,11.080430030822754,11.135013378703865,10.916679987179423,11.039492845254339,559300,APO
2016-06-10T00:00:00.000000000,10.984910011291504,11.005377954348452,10.814336878511728,10.909857416430091,774000,APO
2016-06-13T00:00:00.000000000,10.787046432495117,11.11454722310764,10.752931671914759,10.875743899045135,959300,APO
2016-06-14T00:00:00.000000000,10.56871223449707,10.81433798732265,10.336732646021767,10.725639871100627,934700,APO
2016-06-15T00:00:00.000000000,10.53459644317627,11.100899845269199,10.527774012353843,11.100899845269199,811100,APO
2016-06-16T00:00:00.000000000,10.596002578735352,10.623294253315626,10.343554426196604,10.398137775357153,636800,APO
2016-06-17T00:00:00.000000000,10.493656158447266,10.691520908967725,10.480009999460151,10.507301666749708,573700,APO
2016-06-20T00:00:00.000000000,10.500482559204102,10.827982670265849,10.486836395900756,10.596003099588005,1100900,APO
2016-06-21T00:00:00.000000000,10.480010032653809,10.555062605951314,10.377666442664982,10.473187603823316,644800,APO
2016-06-22T00:00:00.000000000,10.432251930236816,10.616471211054169,10.3708455032977,10.514126949260703,559800,APO
2016-06-23T00:00:00.000000000,10.705169677734375,10.787045355224524,10.500482436063615,10.555065787267134,949400,APO
2016-06-24T00:00:00.000000000,10.241209983825684,10.370845264963124,10.111574052003446,10.213918311444917,2208400,APO
2016-06-27T00:00:00.000000000,9.879595756530762,10.06381505633133,9.729491864861645,10.06381505633133,1016500,APO
2016-06-28T00:00:00.000000000,10.261679649353027,10.275325812313916,10.036523165977263,10.036523165977263,870300,APO
2016-06-29T00:00:00.000000000,10.3367280960083,10.41178066552839,10.152509513163247,10.3094364300059,686000,APO
2016-06-30T00:00:00.000000000,10.3367280960083,10.377665920354227,10.234384511170454,10.377665920354227,546000,APO
2016-07-01T00:00:00.000000000,10.241209983825684,10.384491426495906,10.193449069145746,10.234386903059292,252500,APO
2016-07-05T00:00:00.000000000,9.94782543182373,10.159336410855008,9.872773484779026,10.159336410855008,660900,APO
2016-07-06T00:00:00.000000000,10.056990623474121,10.118397048490571,9.722667476923217,9.852302756980885,565700,APO
2016-07-07T00:00:00.000000000,10.22756290435791,10.282146244220527,10.036521214838746,10.091104554701365,418700,APO
2016-07-08T00:00:00.000000000,10.541419982910156,10.548243064714043,10.288971812330374,10.350378247195572,408500,APO
2016-07-11T00:00:00.000000000,10.527771949768066,10.691521969752253,10.452719369261759,10.541417459424379,596200,APO
2016-07-12T00:00:00.000000000,10.63693904876709,10.7188140619844,10.507303123159444,10.507303123159444,534400,APO
2016-07-13T00:00:00.000000000,10.718814849853516,10.848450134305029,10.555064811382717,10.61647123848047,758200,APO
2016-07-14T00:00:00.000000000,10.746105194091797,10.903032132216529,10.705167364193974,10.903032132216529,393300,APO
2016-07-15T00:00:00.000000000,10.855273246765137,10.855273246765137,10.671054615621795,10.739283473173664,579900,APO
2016-07-18T00:00:00.000000000,10.930326461791992,11.019023916619425,10.780221925487755,10.827982193577117,487700,APO
2016-07-19T00:00:00.000000000,10.909856796264648,10.937149120615464,10.793867020512995,10.916679877352353,498800,APO
2016-07-20T00:00:00.000000000,11.087251663208008,11.182772184175867,10.800688798934928,10.916678560697115,419400,APO
2016-07-21T00:00:00.000000000,11.2305326461792,11.237355726566408,10.991731339474523,11.019022359653835,585000,APO
2016-07-22T00:00:00.000000000,11.291939735412598,11.360169241946096,11.141835862134576,11.141835862134576,266400,APO
2016-07-25T00:00:00.000000000,11.251006126403809,11.43522546215853,11.2373599604879,11.312412571655383,618600,APO
2016-07-26T00:00:00.000000000,11.394287109375,11.401108890270601,11.148661353297253,11.223713956847648,362600,APO
2016-07-27T00:00:00.000000000,11.592147827148438,11.592147827148438,11.353345224663858,11.401105484886877,770900,APO
2016-07-28T00:00:00.000000000,11.605798721313477,11.674028250048087,11.428402467151498,11.564861524620719,650900,APO
2016-07-29T00:00:00.000000000,11.70131778717041,11.735433197868254,11.55121388420946,11.598974157816588,880500,APO
2016-08-01T00:00:00.000000000,11.70131778717041,11.796839635754518,11.55121388420946,11.612620322095726,866500,APO
2016-08-02T00:00:00.000000000,11.571680068969727,11.940118640240291,11.489805698489372,11.646732659718099,1326100,APO
2016-08-03T00:00:00.000000000,12.015170097351074,12.158450882857906,11.755898245429856,11.796836728177121,1306500,APO
2016-08-04T00:00:00.000000000,12.356317520141602,12.540535505037706,12.083399480620622,12.206212338131131,1577300,APO
2016-08-05T00:00:00.000000000,12.567827224731445,12.663347753145223,12.294910499713797,12.369961785737653,964300,APO
2016-08-08T00:00:00.000000000,12.554181098937988,12.758869619312117,12.533713157859296,12.738400376863824,1834000,APO
2016-08-09T00:00:00.000000000,12.72475528717041,12.874860475030282,12.56782831928937,12.56782831928937,1093400,APO
2016-08-10T00:00:00.000000000,12.622411727905273,12.813454103631532,12.547359133625365,12.792984859363452,968600,APO
2016-08-11T00:00:00.000000000,12.752046585083008,12.86121327580019,12.68381707804237,12.813453011282624,466500,APO
2016-08-12T00:00:00.000000000,12.752046585083008,12.779337607077501,12.567827306484165,12.62923373268378,505500,APO
2016-08-15T00:00:00.000000000,12.881682395935059,12.915797803262555,12.485952780524176,12.540536130878445,662000,APO
2016-08-16T00:00:00.000000000,12.656522750854492,12.92261765604697,12.642877892702348,12.881679177482344,729000,APO
2016-08-17T00:00:00.000000000,12.7042875289917,12.731578553582102,12.50642206988993,12.622411852481033,917400,APO
2016-08-18T00:00:00.000000000,12.975774765014648,13.003620413473492,12.676440682850082,12.676440682850082,867700,APO
2016-08-19T00:00:00.000000000,12.711247444152832,12.961852963367821,12.648596064349084,12.934007315564571,683800,APO
2016-08-22T00:00:00.000000000,12.739089965820312,12.83654839161988,12.606827140687166,12.704284238733353,655700,APO
2016-08-23T00:00:00.000000000,12.75997543334961,12.829588222012475,12.683401233045105,12.822626810370839,943900,APO
2016-08-24T00:00:00.000000000,12.836551666259766,12.913124550935706,12.746054628342222,12.746054628342222,449100,APO
2016-08-25T00:00:00.000000000,12.85743522644043,12.864396639536142,12.72517236088325,12.780862337895163,419000,APO
2016-08-26T00:00:00.000000000,12.850473403930664,12.982737593027712,12.711249129713435,12.934009030663995,640900,APO
2016-08-29T00:00:00.000000000,12.989700317382812,12.989700317382812,12.808707547648444,12.850474701355182,301200,APO
2016-08-30T00:00:00.000000000,13.031465530395508,13.177652538229195,12.968814145288738,12.968814145288738,443000,APO
2016-08-31T00:00:00.000000000,12.9618501663208,13.142841526971408,12.746050425673891,13.094112981584454,946100,APO
2016-09-01T00:00:00.000000000,13.059310913085938,13.059310913085938,12.836551027381438,12.9200853206438,816500,APO
2016-09-02T00:00:00.000000000,13.15676498413086,13.233339175015368,13.0453850670734,13.0453850670734,784200,APO
2016-09-06T00:00:00.000000000,12.885275840759277,13.212454161810326,12.808701654400265,13.156764206572845,783400,APO
2016-09-07T00:00:00.000000000,12.940971374511719,12.968815700256789,12.746055783280875,12.899204222017195,680100,APO
2016-09-08T00:00:00.000000000,12.892242431640625,13.135886581615948,12.850473952613678,12.878319605298309,564000,APO
2016-09-09T00:00:00.000000000,12.780858993530273,12.94096746957475,12.592904872389314,12.850470450764611,588500,APO
2016-09-12T00:00:00.000000000,12.989700317382812,13.115003106256903,12.55114188407737,12.634676191490847,514500,APO
2016-09-13T00:00:00.000000000,12.843517303466797,12.920090213328939,12.613795918372057,12.885284465914706,785100,APO
2016-09-14T00:00:00.000000000,12.572025299072266,12.871359456056783,12.446722505194659,12.829592300682224,849800,APO
2016-09-15T00:00:00.000000000,12.62770938873291,12.704283577643602,12.488485159876474,12.537213706363891,320300,APO
2016-09-16T00:00:00.000000000,12.502408981323242,12.578983184492294,12.41887469400569,12.578983184492294,424800,APO
2016-09-19T00:00:00.000000000,12.488484382629395,12.63467001299348,12.41887160865702,12.551135746429212,575200,APO
2016-09-20T00:00:00.000000000,12.488484382629395,12.585941469538785,12.460638741939153,12.53025151591153,279600,APO
2016-09-21T00:00:00.000000000,12.565059661865234,12.59986671943967,12.37014545046233,12.47456396767867,324500,APO
2016-09-22T00:00:00.000000000,12.509369850158691,12.690362568494065,12.474564119912985,12.572021226803763,266400,APO
2016-09-23T00:00:00.000000000,12.481526374816895,12.509370695344039,12.377107849271324,12.432797818079202,260500,APO
2016-09-26T00:00:00.000000000,12.265727996826172,12.404952255935813,12.11954099784441,12.391029431698769,466500,APO
2016-09-27T00:00:00.000000000,12.293569564819336,12.328375289864788,12.11257687352573,12.237879608094634,367200,APO
2016-09-28T00:00:00.000000000,12.411914825439453,12.432799063742431,12.196116340656914,12.286612051129037,356400,APO
2016-09-29T00:00:00.000000000,12.377107620239258,12.59290607940734,12.321417652461895,12.41191335219252,847000,APO
2016-09-30T00:00:00.000000000,12.502408981323242,12.627711740053126,12.411913282103635,12.467603249566523,1865500,APO
2016-10-03T00:00:00.000000000,12.66948127746582,12.780861221763017,12.50241003326636,12.50241003326636,746000,APO
2016-10-04T00:00:00.000000000,12.634671211242676,12.697322580984233,12.502407060926792,12.669478265406514,917700,APO
2016-10-05T00:00:00.000000000,12.885275840759277,12.96185002711829,12.704283154299144,12.759973109536627,669900,APO
2016-10-06T00:00:00.000000000,13.066268920898438,13.14284178181128,12.829586272069712,12.927043364733315,812300,APO
2016-10-07T00:00:00.000000000,12.975774765014648,13.15676749673633,12.82262768175181,13.108038939686955,731900,APO
2016-10-10T00:00:00.000000000,13.087157249450684,13.289034256791691,12.98273870292258,13.031467269452104,888300,APO
2016-10-11T00:00:00.000000000,12.975774765014648,13.295993083523348,12.836550505981231,13.295993083523348,679900,APO
2016-10-12T00:00:00.000000000,13.010581016540527,13.1010767128972,12.7460526836453,13.0662709822416,887600,APO
2016-10-13T00:00:00.000000000,12.62770938873291,12.920081995410731,12.523290885152255,12.88527627013495,574400,APO
2016-10-14T00:00:00.000000000,12.460640907287598,12.815664921263124,12.335338157913474,12.683400760506723,603700,APO
2016-10-17T00:00:00.000000000,12.175230979919434,12.530255031818044,12.168269567793548,12.46064223831278,520100,APO
2016-10-18T00:00:00.000000000,12.258764266967773,12.349259951891522,12.210035719104727,12.27964717162145,344000,APO
2016-10-19T00:00:00.000000000,12.189155578613281,12.300535533334454,12.154348512916792,12.244845555973868,247400,APO
2016-10-20T00:00:00.000000000,12.321415901184082,12.342298806286468,12.098654733982745,12.230918886562486,290700,APO
2016-10-21T00:00:00.000000000,12.356226921081543,12.530258286167198,12.265731195448737,12.32142117916599,326500,APO
2016-10-24T00:00:00.000000000,12.460640907287598,12.787820603487464,12.391028121218255,12.411912355365095,433400,APO
2016-10-25T00:00:00.000000000,12.64859676361084,12.662519588282171,12.411914055212769,12.4258368798841,1213300,APO
2016-10-26T00:00:00.000000000,12.606827735900879,12.822626175086079,12.551137773280393,12.558099184577134,340100,APO
2016-10-27T00:00:00.000000000,12.704289436340332,12.815669401890673,12.474568091423514,12.669483695013572,468600,APO
2016-10-28T00:00:00.000000000,12.655559539794922,13.03842796524153,12.530256759756748,12.578985323604085,482600,APO
2016-10-31T00:00:00.000000000,12.72517204284668,12.815667755321636,12.537217877221286,12.808706342399908,294000,APO
2016-11-01T00:00:00.000000000,12.51633358001709,12.87135767084508,12.418876455075434,12.836551934152702,421800,APO
2016-11-02T00:00:00.000000000,12.481526374816895,12.599867724502833,12.453680726536161,12.516332107414222,274800,APO
2016-11-03T00:00:00.000000000,12.446722030639648,12.565063406150516,12.377110550254098,12.474567684996972,349000,APO
2016-11-04T00:00:00.000000000,12.30053424835205,12.572022693654489,12.286611423527912,12.370147044719092,374900,APO
2016-11-07T00:00:00.000000000,12.488484382629395,12.613787110229028,12.404948788311899,12.488484382629396,460000,APO
2016-11-08T00:00:00.000000000,12.572025299072266,12.66252235143006,12.37014960830029,12.425839591384344,375900,APO
2016-11-09T00:00:00.000000000,12.572025299072266,12.718212334514115,12.432801005239092,12.474568160613652,682900,APO
2016-11-10T00:00:00.000000000,13.289030075073242,13.51178992497072,12.606827702823859,12.690361982658693,1878900,APO
2016-11-11T00:00:00.000000000,13.393449783325195,13.553558273750141,13.28903126034169,13.28903126034169,897300,APO
2016-11-14T00:00:00.000000000,13.261185646057129,13.6231710992126,13.261185646057129,13.49090692829934,1296900,APO
2016-11-15T00:00:00.000000000,13.421295166015625,13.49090662812828,13.26118535099734,13.26118535099734,877300,APO
2016-11-16T00:00:00.000000000,13.351682662963867,13.49786832984497,13.052348589536592,13.435216950394908,1399300,APO
2016-11-17T00:00:00.000000000,13.465132713317871,13.550221035880398,13.365864130689094,13.443860294568987,946200,APO
2016-11-18T00:00:00.000000000,13.741670608520508,13.784215455967827,13.465135862279533,13.49349909391108,786800,APO
2016-11-21T00:00:00.000000000,13.812575340270996,13.840938567806155,13.564402509070858,13.826756954038576,612800,APO
2016-11-22T00:00:00.000000000,13.833847045898438,13.890572145603706,13.762940333158591,13.84802865893302,700300,APO
2016-11-23T00:00:00.000000000,13.996933937072754,14.067840661963487,13.741670268439425,13.862211295023686,529600,APO
2016-11-25T00:00:00.000000000,14.18128490447998,14.188375709224147,14.00401884317398,14.00401884317398,474400,APO
2016-11-28T00:00:00.000000000,13.777121543884277,14.18128803653628,13.684942414284302,14.18128803653628,785100,APO
2016-11-29T00:00:00.000000000,13.677852630615234,13.89766221120039,13.592764309377085,13.79839227768372,1154100,APO
2016-11-30T00:00:00.000000000,13.656582832336426,13.897664877593138,13.635310409837336,13.791305469964176,913000,APO
2016-12-01T00:00:00.000000000,13.777121543884277,14.018203548700036,13.663671347786629,13.755849124953587,937300,APO
2016-12-02T00:00:00.000000000,13.692031860351562,13.826754461995806,13.528947388717041,13.805482045178435,655700,APO
2016-12-05T00:00:00.000000000,13.649490356445312,13.93311585959912,13.599856062447532,13.720397070342035,638900,APO
2016-12-06T00:00:00.000000000,13.670761108398438,13.720395396340425,13.585672791617235,13.64948869109491,1574900,APO
2016-12-07T00:00:00.000000000,14.18128490447998,14.294735075521203,13.606943244529702,13.67075913479448,2083400,APO
2016-12-08T00:00:00.000000000,14.528728485107422,14.670541897211871,14.174196307279228,14.259284625028483,1439900,APO
2016-12-09T00:00:00.000000000,14.791085243225098,15.010894849742206,14.401098974155165,14.514549180901618,1343000,APO
2016-12-12T00:00:00.000000000,14.30892276763916,14.776905260228682,14.209654163887834,14.762723644711837,1017700,APO
2016-12-13T00:00:00.000000000,14.216741561889648,14.429461706559424,13.918934441298438,14.429461706559424,1340400,APO
2016-12-14T00:00:00.000000000,13.940205574035645,14.252194279277473,13.727486801444792,14.145834892982048,644000,APO
2016-12-15T00:00:00.000000000,14.004022598266602,14.039475279061133,13.791303808633254,13.897663203449927,759200,APO
2016-12-16T00:00:00.000000000,13.982748985290527,14.160015079004603,13.940205501480378,14.067837305343788,958600,APO
2016-12-19T00:00:00.000000000,13.82675552368164,14.039474298457392,13.798392299080612,13.954387329520287,865100,APO
2016-12-20T00:00:00.000000000,13.93311595916748,13.968569992585742,13.798393337044269,13.876390858131353,1148400,APO
2016-12-21T00:00:00.000000000,13.840936660766602,13.911843367401667,13.720395665216873,13.883480143774465,395700,APO
2016-12-22T00:00:00.000000000,13.656582832336426,13.883483262593744,13.472225894644046,13.819667347529718,519500,APO
2016-12-23T00:00:00.000000000,13.578580856323242,13.699121839483619,13.401314784171678,13.599853271857238,435900,APO
2016-12-27T00:00:00.000000000,13.571492195129395,13.621126486783664,13.465132805522677,13.578583001427578,408300,APO
2016-12-28T00:00:00.000000000,13.592763900756836,13.663670607584894,13.479313710805123,13.571491482978535,626700,APO
2016-12-29T00:00:00.000000000,13.692031860351562,13.75584775837079,13.543128999928623,13.571490869918899,494700,APO
2016-12-30T00:00:00.000000000,13.727485656738281,13.855117450623032,13.670760565282043,13.727485656738281,481700,APO
2017-01-03T00:00:00.000000000,13.954392433166504,14.067842668197656,13.755853845645248,13.755853845645248,1020700,APO
2017-01-04T00:00:00.000000000,14.50745677947998,14.741449326664814,14.046565196172782,14.29473800331758,2235400,APO
2017-01-05T00:00:00.000000000,14.535821914672852,14.599637826395337,14.323103110553348,14.4294625126131,973500,APO
2017-01-06T00:00:00.000000000,15.18816089630127,15.237795192468191,14.528730727379305,14.613819058260551,1546200,APO
2017-01-09T00:00:00.000000000,15.117253303527832,15.344153702822101,15.0818006233005,15.223612696642888,895100,APO
2017-01-10T00:00:00.000000000,14.989622116088867,15.209433070453242,14.869081104881445,15.209433070453242,590800,APO
2017-01-11T00:00:00.000000000,15.202343940734863,15.230705818742052,14.95417108411394,15.039258070568776,1328600,APO
2017-01-12T00:00:00.000000000,15.195252418518066,15.315793437354632,15.060529785128209,15.266159138851316,641700,APO
2017-01-13T00:00:00.000000000,15.18816089630127,15.344154591744896,15.173979282415539,15.209433317129866,459000,APO
2017-01-17T00:00:00.000000000,14.918715476989746,15.181068545021473,14.847808767207415,15.17397773879994,709800,APO
2017-01-18T00:00:00.000000000,15.0321626663208,15.110158814298066,14.677630540722978,14.932892751499153,523900,APO
2017-01-19T00:00:00.000000000,14.74853801727295,15.244883605879402,14.450730934595661,14.493275769573078,3355600,APO
2017-01-20T00:00:00.000000000,14.74853801727295,14.854898752283564,14.62799702303612,14.769810434761657,862100,APO
2017-01-23T00:00:00.000000000,14.677632331848145,14.798173323358442,14.564182146007026,14.74853768367417,734600,APO
2017-01-24T00:00:00.000000000,14.76981258392334,14.890353595700143,14.606728083411527,14.635089958423826,798700,APO
2017-01-25T00:00:00.000000000,15.15980052947998,15.223616451575941,14.769815541056571,14.890356576967452,1324200,APO
2017-01-26T00:00:00.000000000,15.372518539428711,15.514330627627826,15.131436501813695,15.20943402940479,933200,APO
2017-01-27T00:00:00.000000000,15.017984390258789,15.110162168304548,14.954168485291332,15.067618682470584,1786900,APO
2017-01-30T00:00:00.000000000,14.911624908447266,14.989621073261326,14.805264165861965,14.989621073261326,849100,APO
2017-01-31T00:00:00.000000000,15.060529708862305,15.20943395605141,14.713088268665324,14.798176603120982,811100,APO
2017-02-01T00:00:00.000000000,15.195252418518066,15.386700157687883,14.904536082341616,15.095983821511435,638200,APO
2017-02-02T00:00:00.000000000,15.38669490814209,15.393784360566794,15.046343037148457,15.230699906143792,969500,APO
2017-02-03T00:00:00.000000000,15.691596031188965,15.918497796261407,15.46469561854966,15.826318658355978,1795000,APO
2017-02-06T00:00:00.000000000,15.698687553405762,15.918498521544167,15.69868755340576,15.833410186711042,1635600,APO
2017-02-07T00:00:00.000000000,16.17375946044922,16.258847788123706,15.748320526942948,15.847590467968699,2182800,APO
2017-02-08T00:00:00.000000000,16.244667053222656,16.585017677459312,16.02485744412396,16.244667053222656,2463400,APO
2017-02-09T00:00:00.000000000,16.698467254638672,17.017546798075838,16.45029577911322,16.613380278010833,1660300,APO
2017-02-10T00:00:00.000000000,16.748104095458984,16.90409779867979,16.54956554845988,16.87573456949426,1976000,APO
2017-02-13T00:00:00.000000000,16.549564361572266,16.967912495023675,16.542473554784415,16.89700577957828,1240700,APO
2017-02-14T00:00:00.000000000,16.549564361572266,16.641742144948104,16.365207442387483,16.521201134420863,919500,APO
2017-02-15T00:00:00.000000000,16.365205764770508,16.67719446928804,16.30848066871577,16.620469373233306,2502900,APO
2017-02-16T00:00:00.000000000,16.061477661132812,16.473682450754332,16.03255180778692,16.357976278718024,1732800,APO
2017-02-17T00:00:00.000000000,15.981927871704102,16.090402217530087,15.82283087712159,16.018085527204047,1464400,APO
2017-02-21T00:00:00.000000000,16.054250717163086,16.33628440030642,16.047018907425223,16.047018907425223,1568100,APO
2017-02-22T00:00:00.000000000,16.090402603149414,16.133792066654443,15.7360523293183,15.76497817854626,3792200,APO
2017-02-23T00:00:00.000000000,15.772212982177734,16.177185982917617,15.736055318941805,16.068710234556953,1593300,APO
2017-02-24T00:00:00.000000000,15.89515209197998,15.967468802890867,15.468485014864939,15.728824622413516,1814000,APO
2017-02-27T00:00:00.000000000,16.17718505859375,16.191647295465923,15.887918251928546,15.938540908623409,2018500,APO
2017-02-28T00:00:00.000000000,16.444759368896484,16.49538065952387,16.018092234570343,16.365210838295322,2679300,APO
2017-03-01T00:00:00.000000000,16.5821590423584,16.777413751148618,16.213345052196832,16.6544757544281,3915400,APO
2017-03-02T00:00:00.000000000,16.1337890625,16.618309015953475,16.126557256708047,16.596614977903535,1969300,APO
2017-03-03T00:00:00.000000000,16.43029022216797,16.4519856448505,15.953001957762362,16.12656120124383,1661600,APO
2017-03-06T00:00:00.000000000,16.56045913696289,16.63277582947803,16.24226651749198,16.4809120165898,2819900,APO
2017-03-07T00:00:00.000000000,16.451990127563477,16.589391750005134,16.36520979251437,16.488147795893404,1463200,APO
2017-03-08T00:00:00.000000000,16.394136428833008,16.63278061729946,16.19888171663503,16.48814719063579,1622300,APO
2017-03-09T00:00:00.000000000,16.227800369262695,16.58938236531999,16.155483694186067,16.495370273922617,1224300,APO
2017-03-10T00:00:00.000000000,16.50261116027832,16.531538397957146,16.321820062765497,16.321820062765497,2156100,APO
2017-03-13T00:00:00.000000000,16.88588523864746,17.102833958387368,16.589388011317304,16.625545671498518,3855400,APO
2017-03-14T00:00:00.000000000,16.864192962646484,16.9220460573305,16.68340186934311,16.813571677213794,1886000,APO
2017-03-15T00:00:00.000000000,17.146224975585938,17.16792040125058,16.849727721468042,16.94373985335505,2148600,APO
2017-03-16T00:00:00.000000000,16.762948989868164,17.261932751866087,16.762948989868164,17.196847853373903,1906700,APO
2017-03-17T00:00:00.000000000,16.625551223754883,16.856963636580115,16.589393551498485,16.856963636580115,2009400,APO
2017-03-20T00:00:00.000000000,16.88588523864746,17.02328683012344,16.640009287301528,16.67616694748274,2370600,APO
2017-03-21T00:00:00.000000000,16.856958389282227,17.059444877136933,16.82080072828112,16.950970514807267,3025800,APO
2017-03-22T00:00:00.000000000,17.110065460205078,17.160686735283733,16.77741057864461,16.85695770548551,1938900,APO
2017-03-23T00:00:00.000000000,16.994356155395508,17.189610791197875,16.907575857485774,17.131757719033402,1830600,APO
2017-03-24T00:00:00.000000000,16.922042846679688,17.081139861369895,16.81356848714402,16.97989593038713,1839600,APO
2017-03-27T00:00:00.000000000,16.950965881347656,16.994355338553966,16.567688434601642,16.71232179772398,2453800,APO
2017-03-28T00:00:00.000000000,16.98712730407715,17.254698671463924,16.88588475500845,16.893116562702826,2456800,APO
2017-03-29T00:00:00.000000000,16.98712730407715,17.073907617083375,16.762946782856627,17.008822727160275,1515300,APO
2017-03-30T00:00:00.000000000,17.348709106445312,17.355940914011967,16.950969345563042,17.001590619203377,1461300,APO
2017-03-31T00:00:00.000000000,17.58735466003418,17.717524448100196,17.261931569195507,17.30532103877539,1403100,APO
2017-04-03T00:00:00.000000000,17.818763732910156,17.88384861499677,17.594583238681885,17.717521196031473,1390800,APO
2017-04-04T00:00:00.000000000,17.862154006958008,17.992322387673944,17.717520633727762,17.818763167393293,1040100,APO
2017-04-05T00:00:00.000000000,18.05741310119629,18.310520896453415,17.94893872589367,17.977865961615176,2169600,APO
2017-04-06T00:00:00.000000000,18.36837387084961,18.65763932957824,17.934474993093403,18.042950747027337,2553000,APO
2017-04-07T00:00:00.000000000,18.296052932739258,18.563624282301035,18.230968047151965,18.43345451112645,1031100,APO
2017-04-10T00:00:00.000000000,18.447917938232422,18.64317259301169,18.238199669174797,18.296052746962044,1264600,APO
2017-04-11T00:00:00.000000000,18.585315704345703,18.607009741988744,18.238195929472212,18.38282928394666,1295000,APO
2017-04-12T00:00:00.000000000,18.65764045715332,18.961369552005888,18.491312980748162,18.54193426666916,2365800,APO
2017-04-13T00:00:00.000000000,18.5274658203125,18.679329627198328,18.361137020303953,18.5997811306432,2800200,APO
2017-04-17T00:00:00.000000000,18.86736297607422,18.94691151693104,18.476853462042797,18.51301251667176,2346500,APO
2017-04-18T00:00:00.000000000,18.513004302978516,18.9252076875775,18.368370907286177,18.708258973365282,1842000,APO
2017-04-19T00:00:00.000000000,18.41176414489746,18.787809947248743,18.36114285983605,18.607018855271384,1401300,APO
2017-04-20T00:00:00.000000000,18.513004302978516,18.715489401756244,18.440687605132347,18.50577249526127,787100,APO
2017-04-21T00:00:00.000000000,18.086339950561523,18.614249577263305,17.95617015124843,18.614249577263305,1553900,APO
2017-04-24T00:00:00.000000000,18.144189834594727,18.570856821676845,18.12249441210155,18.440687045370268,1215600,APO
2017-04-25T00:00:00.000000000,18.686559677124023,18.693791483342363,18.18757608266674,18.20927150132175,1278700,APO
2017-04-26T00:00:00.000000000,19.06984519958496,19.322951627691328,18.715493441582883,18.715493441582883,2611100,APO
2017-04-27T00:00:00.000000000,19.670072555541992,19.73515746295956,19.077076579145647,19.178320534754445,2510200,APO
2017-04-28T00:00:00.000000000,19.359107971191406,20.089504054400322,19.279559459563522,20.089504054400322,1307100,APO
2017-05-01T00:00:00.000000000,19.416963577270508,19.4820484808057,18.932443395023274,19.30848919782071,2032000,APO
2017-05-02T00:00:00.000000000,19.308488845825195,19.496510364469692,19.243403943476505,19.351878320948806,1843100,APO
2017-05-03T00:00:00.000000000,19.105995178222656,19.35187107743463,19.077067952750177,19.286786199447576,1215700,APO
2017-05-04T00:00:00.000000000,18.917978286743164,19.14939064583184,18.744419017426658,19.14939064583184,1578300,APO
2017-05-05T00:00:00.000000000,19.127700805664062,19.21447976974285,18.860129344546475,18.94690968795203,885300,APO
2017-05-08T00:00:00.000000000,19.26508903503418,19.27232084074714,19.062603992374935,19.20000416294345,1502300,APO
2017-05-09T00:00:00.000000000,19.64837646484375,19.82916756173067,19.286794271069905,19.366342795084666,2697400,APO
2017-05-10T00:00:00.000000000,19.539901733398438,19.655607922992267,19.518206305602128,19.64837611372683,1019200,APO
2017-05-11T00:00:00.000000000,19.56882667541504,19.597753911123142,19.431426443781092,19.539900819033452,853500,APO
2017-05-12T00:00:00.000000000,19.510969161987305,19.597749470120007,19.236167381665123,19.568822240967037,1168100,APO
2017-05-15T00:00:00.000000000,19.60498046875,19.84362458211368,19.568821433800263,19.59774866176005,1055900,APO
2017-05-16T00:00:00.000000000,19.76407814025879,19.778541755743078,19.474812727204444,19.633908359552763,1121300,APO
2017-05-17T00:00:00.000000000,19.476896286010742,19.77880646653954,19.278076975562676,19.484258715724135,2395200,APO
2017-05-18T00:00:00.000000000,19.307527542114258,19.476892890660476,19.18234519119272,19.388528299918644,885400,APO
2017-05-19T00:00:00.000000000,19.21917152404785,19.432717140849736,19.02035217410579,19.432717140849736,1967300,APO
2017-05-22T00:00:00.000000000,19.852439880371094,19.867167547241152,19.388529610025184,19.49162046910036,1981300,APO
2017-05-23T00:00:00.000000000,20.316356658935547,20.35317443085214,19.77144548842375,19.874536373396587,1154400,APO
2017-05-24T00:00:00.000000000,20.257444381713867,20.448899857249526,20.191171278470456,20.448899857249526,1366000,APO
2017-05-25T00:00:00.000000000,20.360530853271484,20.441531607406784,20.24271234062421,20.301621596947847,747500,APO
2017-05-26T00:00:00.000000000,20.294261932373047,20.441535805682932,20.21326256610958,20.404716635101586,667600,APO
2017-05-30T00:00:00.000000000,20.2132625579834,20.367898860839638,20.16171571919024,20.16171571919024,887600,APO
2017-05-31T00:00:00.000000000,19.90398597717285,20.30898696954491,19.800893717408595,20.30898696954491,1086800,APO
2017-06-01T00:00:00.000000000,20.17644500732422,20.191172676733277,19.77144393013013,19.95553558421978,970500,APO
2017-06-02T00:00:00.000000000,20.227991104125977,20.235354939070184,19.859807783963095,20.198537168857058,1162600,APO
2017-06-05T00:00:00.000000000,19.830354690551758,20.23535579812127,19.62417151688461,20.19853802634512,1663700,APO
2017-06-06T00:00:00.000000000,19.83772087097168,19.955539439993117,19.513719103908656,19.68308312131346,974500,APO
2017-06-07T00:00:00.000000000,20.043893814086914,20.06598531271444,19.73461985583909,19.9334391299643,1379200,APO
2017-06-08T00:00:00.000000000,20.588808059692383,20.655081161539663,20.124897751269156,20.18380701907699,1495500,APO
2017-06-09T00:00:00.000000000,20.198530197143555,20.65507657003981,20.124893277625876,20.62562264493719,1386700,APO
2017-06-12T00:00:00.000000000,20.161720275878906,20.41944891006218,19.999720102296195,20.34581195679438,1265600,APO
2017-06-13T00:00:00.000000000,20.5078125,20.53726643711595,20.161719258458646,20.25008387882248,1284600,APO
2017-06-14T00:00:00.000000000,20.250080108642578,20.63299105141513,20.250080108642578,20.61089954931019,1056700,APO
2017-06-15T00:00:00.000000000,20.250080108642578,20.308989376414683,20.102806236958447,20.102806236958447,638000,APO
2017-06-16T00:00:00.000000000,20.257444381713867,20.419444520471227,20.250080547519293,20.353171417227816,574600,APO
2017-06-19T00:00:00.000000000,20.927536010742188,20.927536010742188,20.338443371853845,20.434170398982836,1335900,APO
2017-06-20T00:00:00.000000000,20.257444381713867,20.92753784383479,20.16907977588673,20.802355471542544,993700,APO
2017-06-21T00:00:00.000000000,20.264806747436523,20.389989110657538,19.80825889201057,20.360533776013696,1063600,APO
2017-06-22T00:00:00.000000000,20.242721557617188,20.36054012391006,19.992356753117807,20.25744922953082,1060100,APO
2017-06-23T00:00:00.000000000,20.102807998657227,20.323718825542823,19.977625618107744,20.250081883247624,664300,APO
2017-06-26T00:00:00.000000000,19.314895629882812,20.24271771677585,18.895166891540022,20.110171503718583,3186800,APO
2017-06-27T00:00:00.000000000,19.0718936920166,19.47689614418477,18.858348119188964,19.278076835184457,1858000,APO
2017-06-28T00:00:00.000000000,19.5284423828125,19.60207932301169,19.04244054380879,19.152895251853668,983600,APO
2017-06-29T00:00:00.000000000,19.42534828186035,19.572622148438583,19.01298342175205,19.565258314658905,783000,APO
2017-06-30T00:00:00.000000000,19.476896286010742,19.793532730474094,19.425349446462608,19.46953245178958,476500,APO
2017-07-03T00:00:00.000000000,19.454805374145508,19.70517012723695,19.39589610309504,19.646260856186483,287500,APO
2017-07-05T00:00:00.000000000,19.410625457763672,19.5137163399283,19.086623736593207,19.403261622679352,1083200,APO
2017-07-06T00:00:00.000000000,19.660987854003906,20.02180730243595,19.160258364912007,19.300167001064104,1015600,APO
2017-07-07T00:00:00.000000000,19.395893096923828,19.815621763668105,19.351711501610637,19.815621763668105,780200,APO
2017-07-10T00:00:00.000000000,19.815628051757812,20.080720516773876,19.278080690593494,19.300170793006142,839300,APO
2017-07-11T00:00:00.000000000,19.94816780090332,20.073350157085553,19.793530111733464,19.874530872941847,779500,APO
2017-07-12T00:00:00.000000000,19.889263153076172,20.073354813429145,19.845081547853674,20.051263308563943,361700,APO
2017-07-13T00:00:00.000000000,20.021812438964844,20.03653870662194,19.77881146627125,19.91135770674196,300000,APO
2017-07-14T00:00:00.000000000,20.073348999023438,20.110166758626313,19.867165893527844,20.021803573776413,477700,APO
2017-07-17T00:00:00.000000000,20.065990447998047,20.11753588681293,19.88926262727222,20.065990447998047,782900,APO
2017-07-18T00:00:00.000000000,19.808258056640625,20.11016820146932,19.631530269753654,20.029168843630043,738400,APO
2017-07-19T00:00:00.000000000,20.397354125976562,20.434171891906633,19.77880610769877,19.918714741839224,815600,APO
2017-07-20T00:00:00.000000000,20.52253532409668,20.65508011657793,20.250079096451955,20.426806890934618,1012200,APO
2017-07-21T00:00:00.000000000,20.566720962524414,20.750812626844173,20.47835634566744,20.522539356349895,781700,APO
2017-07-24T00:00:00.000000000,20.61826515197754,20.74344753229486,20.31635495318421,20.647720490644133,805400,APO
2017-07-25T00:00:00.000000000,20.699262619018555,20.80971731234102,20.5151709953119,20.772898144895112,486000,APO
2017-07-26T00:00:00.000000000,20.750808715820312,20.986445777016463,20.55935325247152,20.76553638327199,795400,APO
2017-07-27T00:00:00.000000000,20.662443161010742,21.50190190837353,20.52989696908464,20.81708085309373,1150900,APO
2017-07-28T00:00:00.000000000,20.426807403564453,20.67717213649161,20.323716538655987,20.625626704037376,767000,APO
2017-07-31T00:00:00.000000000,20.691905975341797,20.802360707043945,20.375268047823013,20.529904391304402,476600,APO
2017-08-01T00:00:00.000000000,20.868629455566406,21.008539502152843,20.56671926338524,20.802356349525876,955300,APO
2017-08-02T00:00:00.000000000,20.721355438232422,21.317813388675514,20.124898892297143,20.2132635012728,1095500,APO
2017-08-03T00:00:00.000000000,21.229446411132812,21.406174204858807,20.618262264473373,20.699263029954825,1392600,APO
2017-08-04T00:00:00.000000000,21.354629516601562,21.472448049849785,21.266264914411547,21.347265682710088,1872200,APO
2017-08-07T00:00:00.000000000,22.032089233398438,22.090998506568972,21.280994947093205,21.428268832273474,2958000,APO
2017-08-08T00:00:00.000000000,22.00263786315918,22.149911774903142,21.906910803681285,22.039457043349227,3169900,APO
2017-08-09T00:00:00.000000000,22.105724334716797,22.14990593478768,21.84799575937247,21.928996529925534,1102200,APO
2017-08-10T00:00:00.000000000,21.722814559936523,22.223544069429195,21.708086890949605,21.9658154801894,1337400,APO
2017-08-11T00:00:00.000000000,21.641809463500977,21.759627982854255,21.163171553064846,21.36935466418685,852500,APO
2017-08-14T00:00:00.000000000,21.906906127929688,22.1278155438872,21.678632877505883,21.92163379686227,910600,APO
2017-08-15T00:00:00.000000000,22.38554573059082,22.562273556877443,21.870089921715152,22.090999353446453,1426700,APO
2017-08-16T00:00:00.000000000,22.245634078979492,22.643272712980956,22.238271649023446,22.459181064907938,793800,APO
2017-08-17T00:00:00.000000000,21.303081512451172,22.142538811643817,21.27362618044071,22.105721051138275,2025800,APO
2017-08-18T00:00:00.000000000,21.95545768737793,22.240398100622368,21.28809479941041,21.49055325183479,1337700,APO
2017-08-21T00:00:00.000000000,21.73049545288086,22.172903866805243,21.543034309021884,22.007938575086754,1290900,APO
2017-08-22T00:00:00.000000000,22.090421676635742,22.24788978953494,21.752992457934777,21.76049107571237,780400,APO
2017-08-23T00:00:00.000000000,22.00044059753418,22.120415618675896,21.97044612714122,22.022936450328903,369900,APO
2017-08-24T00:00:00.000000000,21.872968673706055,22.555327196279336,21.872968673706055,22.030435364969808,840000,APO
2017-08-25T00:00:00.000000000,21.917957305908203,22.11291707345538,21.678007262839394,21.902960070662637,355000,APO
2017-08-28T00:00:00.000000000,21.67800521850586,22.045428866082155,21.655509367758967,22.03043163225089,499300,APO
2017-08-29T00:00:00.000000000,21.625518798828125,21.693004928557293,21.31808262126862,21.460553498498545,387500,APO
2017-08-30T00:00:00.000000000,22.037933349609375,22.09042224518834,21.670509650341472,21.693005504253232,569000,APO
2017-08-31T00:00:00.000000000,22.142919540405273,22.23290012394317,21.970454133229055,22.21790288328166,479700,APO
2017-09-01T00:00:00.000000000,22.090421676635742,22.450348178884582,22.075425871295664,22.23289255397976,592200,APO
2017-09-05T00:00:00.000000000,21.453054428100586,22.120415663325307,21.280589083423074,22.022936494781558,906300,APO
2017-09-06T00:00:00.000000000,21.430559158325195,21.625518930932074,21.243098003535714,21.55053418297326,606800,APO
2017-09-07T00:00:00.000000000,21.385570526123047,21.52054279678486,21.070635704650552,21.37807190772903,644600,APO
2017-09-08T00:00:00.000000000,21.33308219909668,21.50554613613368,21.228102968983293,21.40056833623555,546500,APO
2017-09-11T00:00:00.000000000,21.663005828857422,21.685501677365615,21.385564181663664,21.573025295254233,420300,APO
2017-09-12T00:00:00.000000000,21.715499877929688,21.91045965407044,21.4830484422375,21.745494349742945,280600,APO
2017-09-13T00:00:00.000000000,21.445554733276367,21.66300891228127,21.250594975766628,21.618018639075945,610100,APO
2017-09-14T00:00:00.000000000,22.067928314208984,22.210399198400836,21.303086426713985,21.370572559740907,837000,APO
2017-09-15T00:00:00.000000000,22.217897415161133,22.285383551313114,21.94795430076844,21.97794734449419,428000,APO
2017-09-18T00:00:00.000000000,22.540328979492188,22.570323450932175,22.262887269747903,22.307877546692765,539700,APO
2017-09-19T00:00:00.000000000,22.495344161987305,22.705301222376754,22.29288572127771,22.57032892857036,627500,APO
2017-09-20T00:00:00.000000000,22.555322647094727,22.562821263768488,22.12791150819464,22.48033791057202,392400,APO
2017-09-21T00:00:00.000000000,22.742788314819336,22.83277030265814,22.50283825420276,22.50283825420276,335300,APO
2017-09-22T00:00:00.000000000,23.282676696777344,23.297673933599924,22.68280152602637,22.757786279924048,690600,APO
2017-09-25T00:00:00.000000000,23.012731552124023,23.762576164429785,22.92274956935269,23.29767187550557,996000,APO
2017-09-26T00:00:00.000000000,22.5853214263916,23.275178559739953,22.435351924709938,23.080218779639857,652500,APO
2017-09-27T00:00:00.000000000,22.502840042114258,22.780281785414978,22.457849759727846,22.742790121795515,769300,APO
2017-09-28T00:00:00.000000000,22.78777503967285,22.802772273676226,22.360363882081288,22.50283474468346,734300,APO
2017-09-29T00:00:00.000000000,22.570323944091797,22.825271236041786,22.50283781209238,22.66780311797143,511900,APO
2017-10-02T00:00:00.000000000,22.5853214263916,22.705296455650863,22.472843585022773,22.510336675550768,488800,APO
2017-10-03T00:00:00.000000000,22.52533721923828,22.720295597749654,22.487844123205036,22.645312266113912,565100,APO
2017-10-04T00:00:00.000000000,22.780277252197266,22.780277252197266,22.487838329557253,22.622810580072645,249700,APO
2017-10-05T00:00:00.000000000,22.900253295898438,23.012729692612783,22.72778796204046,22.757782430612274,652700,APO
2017-10-06T00:00:00.000000000,22.84026527404785,23.215187564930172,22.825269469375986,22.930247253154224,399200,APO
2017-10-09T00:00:00.000000000,22.915252685546875,23.09521523449179,22.87776102418072,22.87776102418072,424300,APO
2017-10-10T00:00:00.000000000,23.11771011352539,23.297672654873175,22.915251718178453,22.915251718178453,486900,APO
2017-10-11T00:00:00.000000000,23.17769432067871,23.23768182590323,23.057719310229672,23.14770128317392,216300,APO
2017-10-12T00:00:00.000000000,23.125202178955078,23.32016190106009,23.080211913919996,23.275171636025007,411000,APO
2017-10-13T00:00:00.000000000,23.342662811279297,23.515128163945725,23.14020584720024,23.342662811279297,535300,APO
2017-10-16T00:00:00.000000000,23.530122756958008,23.590110267337046,23.35765884339515,23.515126952024545,461100,APO
2017-10-17T00:00:00.000000000,23.80756378173828,23.86755128681438,23.41764428363618,23.59010818195309,1097200,APO
2017-10-18T00:00:00.000000000,23.79256820678711,24.040018291470595,23.74007931496275,23.81506405908971,707700,APO
2017-10-19T00:00:00.000000000,23.890050888061523,23.9800314446943,23.53762298897352,23.605109121555685,571700,APO
2017-10-20T00:00:00.000000000,24.01752471923828,24.34745821645185,23.890052493809776,24.010027530860935,933600,APO
2017-10-23T00:00:00.000000000,24.107505798339844,24.167491880817625,23.702589015001422,24.07001127880721,1473500,APO
2017-10-24T00:00:00.000000000,24.632396697998047,24.632396697998047,23.98753124301727,24.32496049231512,715500,APO
2017-10-25T00:00:00.000000000,24.204984664916992,24.437437538844133,23.882552663091133,24.407443065996045,1187700,APO
2017-10-26T00:00:00.000000000,23.96503448486328,24.437437418385812,23.927542824203158,24.204984545604486,488900,APO
2017-10-27T00:00:00.000000000,24.19748878479004,24.204985973192098,23.882553953938846,24.115005410214764,417600,APO
2017-10-30T00:00:00.000000000,23.582611083984375,24.219977791485352,23.470133260105435,24.219977791485352,876100,APO
2017-10-31T00:00:00.000000000,23.68009376525879,23.732582661426665,23.24518392959117,23.732582661426665,683200,APO
2017-11-01T00:00:00.000000000,23.71758460998535,25.022314072135927,23.620105439055322,24.804861307100154,1191800,APO
2017-11-02T00:00:00.000000000,22.97524070739746,24.324960569290457,21.05563871286524,23.747581248385202,4045300,APO
2017-11-03T00:00:00.000000000,23.462642669677734,23.462642669677734,22.58532426410498,22.765286830605113,1333600,APO
2017-11-06T00:00:00.000000000,23.327669143676758,23.687594257489827,23.267681624707915,23.462641418910476,488000,APO
2017-11-07T00:00:00.000000000,23.545120239257812,23.61260636791951,23.13270627984972,23.29017295991697,503500,APO
2017-11-08T00:00:00.000000000,23.35016441345215,23.822567393846274,23.245186609015818,23.43264779134659,667900,APO
2017-11-09T00:00:00.000000000,22.870262145996094,23.23018723979619,22.742788496498328,23.215190003334055,847000,APO
2017-11-10T00:00:00.000000000,22.78777503967285,23.027725062867063,22.54032639947695,22.82526812468129,1090700,APO
2017-11-13T00:00:00.000000000,21.88796615600586,22.720292761008537,21.87296891946504,22.720292761008537,1364700,APO
2017-11-14T00:00:00.000000000,22.210397720336914,22.337871359769593,21.55803228789553,21.65551145677225,1046100,APO
2017-11-15T00:00:00.000000000,21.752986907958984,22.02293135821922,21.558027186128232,22.007934126490376,1425500,APO
2017-11-16T00:00:00.000000000,21.992944717407227,22.15791003445662,21.790486307699847,21.790486307699847,1059300,APO
2017-11-17T00:00:00.000000000,21.95545768737793,22.105425799006117,21.67051584391794,22.075432748766698,1917900,APO
2017-11-20T00:00:00.000000000,22.738216400146484,22.875010714342434,22.137841676624774,22.153041366984823,1221200,APO
2017-11-21T00:00:00.000000000,22.920612335205078,23.21699910132986,22.753420060638728,22.753420060638728,998300,APO
2017-11-22T00:00:00.000000000,23.125797271728516,23.376586337084326,22.84460882898553,22.99660281687721,715300,APO
2017-11-24T00:00:00.000000000,23.02700424194336,23.323392418393563,22.89780976747079,23.300592881890527,184500,APO
2017-11-27T00:00:00.000000000,23.06500244140625,23.22459484124728,22.768614278166517,22.9738057489812,845200,APO
2017-11-28T00:00:00.000000000,23.224594116210938,23.475383200647766,23.004204411474188,23.224594116210938,1306700,APO
2017-11-29T00:00:00.000000000,23.498184204101562,23.672976299735218,23.194197635712094,23.201797481112116,946100,APO
2017-11-30T00:00:00.000000000,23.794572830200195,23.862969994748575,23.406989380933524,23.634980412602257,1377100,APO
2017-12-01T00:00:00.000000000,23.520980834960938,23.9389621336766,23.01180285223201,23.870564983047185,976200,APO
2017-12-04T00:00:00.000000000,23.59697914123535,24.090958942356526,23.581780900056803,23.893367311812515,1692300,APO
2017-12-05T00:00:00.000000000,23.513383865356445,23.855368210794026,23.498184174575496,23.596979265607075,456400,APO
2017-12-06T00:00:00.000000000,23.019399642944336,23.581775012775513,23.019399642944336,23.41458135585143,739200,APO
2017-12-07T00:00:00.000000000,23.346187591552734,23.528579512245862,22.890208514580973,22.935806132373724,915400,APO
2017-12-08T00:00:00.000000000,24.242950439453125,24.653331923753388,23.32339093514471,23.589379712675335,1781600,APO
2017-12-11T00:00:00.000000000,24.60773468017578,24.92691945987435,24.227749693463327,24.23534953814979,943600,APO
2017-12-12T00:00:00.000000000,24.790130615234375,25.002923414284236,24.630538190230702,24.881328771560728,848700,APO
2017-12-13T00:00:00.000000000,24.448143005371094,24.88132696892497,24.113758486868623,24.790128819205865,1161600,APO
2017-12-14T00:00:00.000000000,24.387348175048828,24.77493018118097,24.387348175048828,24.486144725256974,643800,APO
2017-12-15T00:00:00.000000000,24.55454444885254,24.91932840410838,24.334153236600518,24.57734254010441,1252000,APO
2017-12-18T00:00:00.000000000,24.797727584838867,24.92692060186106,24.660933273259804,24.812927274908144,523500,APO
2017-12-19T00:00:00.000000000,24.698932647705078,25.04091844878992,24.52414054916052,25.018117462687837,439900,APO
2017-12-20T00:00:00.000000000,24.782527923583984,24.949721615496,24.455741834325657,24.797727613670936,960100,APO
2017-12-21T00:00:00.000000000,25.580493927001953,25.70968984886354,24.805327092966188,24.980119188036323,1358500,APO
2017-12-22T00:00:00.000000000,25.84648323059082,25.84648323059082,25.474100925563597,25.70969180153119,470800,APO
2017-12-26T00:00:00.000000000,25.565290451049805,25.861677129200654,25.352500610130047,25.82367935747129,292700,APO
2017-12-27T00:00:00.000000000,25.398103713989258,25.6412958973814,25.07891886542542,25.6412958973814,430400,APO
2017-12-28T00:00:00.000000000,25.299304962158203,25.496895128731303,25.086512206951365,25.496895128731303,411200,APO
2017-12-29T00:00:00.000000000,25.43610191345215,25.542496852592937,24.630535675744582,25.314507283142014,675300,APO
2018-01-02T00:00:00.000000000,25.53489112854004,25.755282263702473,25.24610574354529,25.572891799394647,697600,APO
2018-01-03T00:00:00.000000000,26.044078826904297,26.6064529861783,25.588096723094075,26.386064680000693,1359200,APO
2018-01-04T00:00:00.000000000,26.07447624206543,26.27206644277792,25.975679692186752,26.196070880745005,550500,APO
2018-01-05T00:00:00.000000000,26.203664779663086,26.27206193337078,25.83888092623683,25.968073939326718,360500,APO
2018-01-08T00:00:00.000000000,26.538047790527344,26.553247479295848,26.01367157371283,26.20366333475284,470200,APO
2018-01-09T00:00:00.000000000,27.123231887817383,27.14603287816346,26.553256412933518,26.553256412933518,1104600,APO
2018-01-10T00:00:00.000000000,27.02443504333496,27.389218956412623,26.986434363582106,27.13082998893534,703200,APO
2018-01-11T00:00:00.000000000,27.275222778320312,27.64760798782766,27.062432886627455,27.07763257875478,805000,APO
2018-01-12T00:00:00.000000000,27.50321388244629,27.655207913076524,27.313222068919746,27.50321388244629,473000,APO
2018-01-16T00:00:00.000000000,26.659650802612305,27.814798396972478,26.279667202112435,27.74640123292071,840000,APO
2018-01-17T00:00:00.000000000,26.918033599853516,27.13082636164955,26.44685480417024,26.652046271414033,500800,APO
2018-01-18T00:00:00.000000000,26.652048110961914,26.9788342221966,26.424058542414254,26.910437061727837,496700,APO
2018-01-19T00:00:00.000000000,26.401264190673828,26.5456569280731,25.724890886321294,26.492459451186786,2672800,APO
2018-01-22T00:00:00.000000000,26.340463638305664,26.507657353822836,25.960480029617443,26.22646739608125,1029400,APO
2018-01-23T00:00:00.000000000,26.89523696899414,27.12322653413725,25.33730489163085,25.62609322030258,628400,APO
2018-01-24T00:00:00.000000000,27.009227752685547,27.161221731801692,26.47725027530104,27.02442744050156,527600,APO
2018-01-25T00:00:00.000000000,27.66280174255371,27.76919666556408,27.054825784132923,27.054825784132923,1219300,APO
2018-01-26T00:00:00.000000000,27.678001403808594,27.852796394367296,27.602005850644005,27.784399236901354,793800,APO
2018-01-29T00:00:00.000000000,27.054834365844727,27.678007311754808,26.758447586575926,27.526016172982704,1070900,APO
2018-01-30T00:00:00.000000000,26.978832244873047,27.237221176701215,26.72804170852022,26.887637003946764,520600,APO
2018-01-31T00:00:00.000000000,27.168825149536133,27.351218538007732,27.070028609987162,27.252421998458757,1147100,APO
2018-02-01T00:00:00.000000000,27.95159149169922,28.384772545231172,27.38161611609984,27.73880161250308,2056600,APO
2018-02-02T00:00:00.000000000,27.28281593322754,27.943986398738698,26.88003145964885,27.83759148463851,1262800,APO
2018-02-05T00:00:00.000000000,25.838886260986328,26.750847532359543,25.48170072909595,26.690048761380346,2476300,APO
2018-02-06T00:00:00.000000000,25.52729606628418,25.679290072412364,24.432944440441428,25.139714104749626,3235500,APO
2018-02-07T00:00:00.000000000,25.648893356323242,26.03647535812795,25.45890155368381,25.565296499314716,984100,APO
2018-02-08T00:00:00.000000000,24.34174346923828,25.86167755584037,24.33414507438472,25.808480094732833,1513500,APO
2018-02-09T00:00:00.000000000,24.569740295410156,24.987721664166873,23.45258761427672,24.56213900015301,2753500,APO
2018-02-12T00:00:00.000000000,25.0941104888916,25.17010602867135,24.432940015866944,24.812923512853715,1098200,APO
2018-02-13T00:00:00.000000000,25.512100219726562,25.580497387837557,24.888927309846373,25.048519735757036,823800,APO
2018-02-14T00:00:00.000000000,26.051671981811523,26.074472966793206,25.352503621989253,25.43610046915159,880300,APO
2018-02-15T00:00:00.000000000,26.23406219482422,26.36325519824188,25.778080237895892,26.294858049654838,1836200,APO
2018-02-16T00:00:00.000000000,25.84648323059082,26.317664982526004,25.64129463747897,26.25686621490412,1488300,APO
2018-02-20T00:00:00.000000000,26.040233612060547,26.156485842817663,25.435729107524438,25.792231612434602,2630100,APO
2018-02-21T00:00:00.000000000,26.22623634338379,26.56723835055877,26.040233367204795,26.040233367204795,933700,APO
2018-02-22T00:00:00.000000000,26.27273178100586,26.590484451697883,26.04022737517864,26.288229315405765,877700,APO
2018-02-23T00:00:00.000000000,26.543989181518555,26.598239433843332,26.272737919894663,26.474238434755694,548700,APO
2018-02-26T00:00:00.000000000,26.466489791870117,26.8074918018819,26.41998830833427,26.62148882415554,907600,APO
2018-02-27T00:00:00.000000000,25.342731475830078,26.474241074896593,25.303981714079068,26.427739586944988,2285700,APO
2018-02-28T00:00:00.000000000,25.420228958129883,25.660482191961922,25.26522696715492,25.443481178447225,1352800,APO
2018-03-01T00:00:00.000000000,24.792470932006836,25.644978830659795,24.42821821560248,25.47447636400418,1895500,APO
2018-03-02T00:00:00.000000000,24.838973999023438,24.885475483783473,24.14921823537707,24.57547149821748,941500,APO
2018-03-05T00:00:00.000000000,25.14897346496582,25.187723217093417,24.44371733314387,24.730469046587984,553300,APO
2018-03-06T00:00:00.000000000,25.458974838256836,25.58297582086263,24.90097189473908,25.18772361268686,720700,APO
2018-03-07T00:00:00.000000000,25.381479263305664,25.51322903429453,25.071475280576315,25.218728502760445,906600,APO
2018-03-08T00:00:00.000000000,25.582979202270508,25.606231422118867,25.226476699710524,25.528728949986032,611300,APO
2018-03-09T00:00:00.000000000,26.009233474731445,26.140983232938975,25.68372902880183,25.799981250151724,610200,APO
2018-03-12T00:00:00.000000000,25.993736267089844,26.50524078413378,25.93173428615498,26.365739283447507,529600,APO
2018-03-13T00:00:00.000000000,25.582979202270508,26.125484681532278,25.404727950990516,26.125484681532278,506400,APO
2018-03-14T00:00:00.000000000,25.443483352661133,25.72248341255687,25.296230118264052,25.6527326584786,502700,APO
2018-03-15T00:00:00.000000000,25.08698081970215,25.396984864765347,24.877728532747142,25.396984864765347,806900,APO
2018-03-16T00:00:00.000000000,24.838973999023438,25.210977007852364,24.838973999023438,24.947474507046405,486500,APO
2018-03-19T00:00:00.000000000,24.23447036743164,24.815725644358285,24.071718121223704,24.800225148870176,704900,APO
2018-03-20T00:00:00.000000000,24.614219665527344,24.65296941978578,24.180216209357685,24.226716210109483,359100,APO
2018-03-21T00:00:00.000000000,24.792470932006836,24.908721673139425,24.528968463728496,24.683970437377532,415400,APO
2018-03-22T00:00:00.000000000,23.653207778930664,24.58321504760842,23.637707288233994,24.490215059844722,955200,APO
2018-03-23T00:00:00.000000000,23.374208450317383,23.96321388340916,23.281208448265637,23.645461166350337,2280300,APO
2018-03-26T00:00:00.000000000,23.645465850830078,23.78496735975317,23.211462306120538,23.660966346979016,926100,APO
2018-03-27T00:00:00.000000000,23.4284610748291,23.83146506649599,23.34321131066734,23.73846357680035,776600,APO
2018-03-28T00:00:00.000000000,22.955711364746094,23.575716464599235,22.761959586265895,23.42846469905583,1504200,APO
2018-03-29T00:00:00.000000000,22.955711364746094,23.172712410590314,22.622458069246747,22.862709860663745,917500,APO
2018-04-02T00:00:00.000000000,23.079708099365234,23.149458844923757,22.637952884758427,22.862705615604444,1627300,APO
2018-04-03T00:00:00.000000000,23.35871124267578,23.668715235006456,23.05645897618282,23.05645897618282,835700,APO
2018-04-04T00:00:00.000000000,23.397459030151367,23.451709277345802,22.83170286233193,22.86270384827639,831400,APO
2018-04-05T00:00:00.000000000,23.41295623779297,23.823710400602906,23.296705505890763,23.49045721846386,863300,APO
2018-04-06T00:00:00.000000000,22.955711364746094,23.32771442465798,22.761959586265895,23.095211403556483,603800,APO
2018-04-09T00:00:00.000000000,23.064208984375,23.56796324936983,23.017708977291566,23.141709981653108,1196500,APO
2018-04-10T00:00:00.000000000,23.81596565246582,23.870215907996265,23.219209885213765,23.304461131452232,1187300,APO
2018-04-11T00:00:00.000000000,23.10295867919922,23.653214427944807,22.916957173177895,23.59896417346466,1155300,APO
2018-04-12T00:00:00.000000000,23.087459564208984,23.397462072926707,22.92470732325183,23.211460567696072,766000,APO
2018-04-13T00:00:00.000000000,22.575952529907227,23.58346248426846,22.529452525308553,23.58346248426846,816200,APO
2018-04-16T00:00:00.000000000,22.707706451416016,22.963458724167904,22.575955191016032,22.637955697191984,666800,APO
2018-04-17T00:00:00.000000000,22.81620979309082,23.1572118580891,22.637957033877225,22.79295904757372,915100,APO
2018-04-18T00:00:00.000000000,22.637956619262695,22.90920939915918,22.289204312146122,22.90920939915918,1253200,APO
2018-04-19T00:00:00.000000000,22.80845832824707,22.893709579054708,22.599206064378514,22.599206064378514,1096700,APO
2018-04-20T00:00:00.000000000,22.67670249938965,22.79295324094212,22.420950276690863,22.79295324094212,1139200,APO
2018-04-23T00:00:00.000000000,22.389951705932617,22.81620644188604,22.289201446574047,22.684455193058046,713300,APO
2018-04-24T00:00:00.000000000,22.02569580078125,22.428699737031174,21.948194816393443,22.374449491422208,1589000,APO
2018-04-25T00:00:00.000000000,21.777692794799805,22.079944993469663,21.700191814107768,22.025694750447716,649800,APO
2018-04-26T00:00:00.000000000,22.09544563293457,22.157446122260957,21.715692451034425,21.785443186302643,890200,APO
2018-04-27T00:00:00.000000000,22.064443588256836,22.180695793586363,21.72344165246202,22.095444570533562,1090100,APO
2018-04-30T00:00:00.000000000,22.3512020111084,22.723205016552246,22.025699011792895,22.087699512700205,646300,APO
2018-05-01T00:00:00.000000000,22.16520118713379,22.34345244792468,21.769947427417957,22.2969524403724,1839800,APO
2018-05-02T00:00:00.000000000,22.971206665039062,22.994457406848042,22.110949913026083,22.196199676575304,2031000,APO
2018-05-03T00:00:00.000000000,23.769466400146484,24.001967925012536,22.335703054916117,22.785207087010157,3329400,APO
2018-05-04T00:00:00.000000000,24.14146614074707,24.807971111016194,23.45946067674395,23.560210929598064,1225300,APO
2018-05-07T00:00:00.000000000,24.327468872070312,24.583221118895523,24.0717166252451,24.141467372398203,851900,APO
2018-05-08T00:00:00.000000000,23.81596565246582,24.288720413302983,23.676464150696916,24.071717912972616,1058800,APO
2018-05-09T00:00:00.000000000,23.505958557128906,23.994212239992624,23.281207331114913,23.831461505107487,1418800,APO
2018-05-10T00:00:00.000000000,23.68421745300293,23.877969235291065,23.397465643013415,23.474966651570426,1358000,APO
2018-05-11T00:00:00.000000000,23.467206954956055,23.691958163256498,23.41295523606183,23.645458168126783,1879800,APO
2018-05-14T00:00:00.000000000,23.273460388183594,23.606712151419917,23.226958904580695,23.49821164609686,1481600,APO
2018-05-15T00:00:00.000000000,23.033205032348633,23.250207501181343,23.017706017452884,23.226956761525145,735700,APO
2018-05-16T00:00:00.000000000,23.304460525512695,23.405212264485524,22.947958010891448,23.040958024180224,532400,APO
2018-05-17T00:00:00.000000000,23.398653030395508,23.64982921164901,23.18672406316795,23.249518108481325,629300,APO
2018-05-18T00:00:00.000000000,22.982643127441406,23.422201446276475,22.959094798937905,23.312312240849742,360800,APO
2018-05-21T00:00:00.000000000,24.065839767456055,24.238523011111923,23.13177706953223,23.1553253970377,1382300,APO
2018-05-22T00:00:00.000000000,24.057987213134766,24.144329572358647,23.66552412157587,24.073686096107814,887600,APO
2018-05-23T00:00:00.000000000,24.17572784423828,24.22282449705958,23.594882600260974,23.948100010780692,851100,APO
2018-05-24T00:00:00.000000000,24.544645309448242,24.678082837882243,23.979497425667503,24.15218216665743,1304600,APO
2018-05-25T00:00:00.000000000,24.819372177124023,24.92141194525005,24.33271717488981,24.419059553623676,807200,APO
2018-05-29T00:00:00.000000000,24.646684646606445,24.78797161513693,24.324864994788374,24.68593185849161,752700,APO
2018-05-30T00:00:00.000000000,24.7094783782959,24.968503984974,24.56819141153911,24.7094783782959,605900,APO
2018-05-31T00:00:00.000000000,24.58388900756836,24.7722711209943,24.46615037381814,24.63883360350993,560600,APO
2018-06-01T00:00:00.000000000,25.376667022705078,25.525801931820173,24.772271955601155,24.772271955601155,1140600,APO
2018-06-04T00:00:00.000000000,25.25893211364746,25.61214959700308,25.070549954900567,25.3923681661059,414800,APO
2018-06-05T00:00:00.000000000,25.34526824951172,25.408060789818915,25.156884640078342,25.156884640078342,410700,APO
2018-06-06T00:00:00.000000000,25.298171997070312,25.43161101299078,24.992051246893162,25.43161101299078,545300,APO
2018-06-07T00:00:00.000000000,25.266775131225586,25.39236321255709,25.046996737459462,25.298172900122474,312600,APO
2018-06-08T00:00:00.000000000,25.306018829345703,25.486551473376576,25.117635247516926,25.188278716420786,383700,APO
2018-06-11T00:00:00.000000000,25.376667022705078,25.792676975780243,25.32171943065635,25.32957036991589,293200,APO
2018-06-12T00:00:00.000000000,25.11764144897461,25.557201252263894,24.905710989938143,25.494405711398485,702100,APO
2018-06-13T00:00:00.000000000,25.203981399536133,26.54620451691529,24.999900402711102,25.18828251582776,1259100,APO
2018-06-14T00:00:00.000000000,25.337419509887695,25.47085853528901,24.93710842219605,25.39236411027172,610600,APO
2018-06-15T00:00:00.000000000,25.18828582763672,25.33742075109101,24.89001298647184,25.27462820225731,716900,APO
2018-06-18T00:00:00.000000000,25.266775131225586,25.33741861411556,24.952806425024843,25.14118704989408,622300,APO
2018-06-19T00:00:00.000000000,24.842920303344727,24.99990618246632,24.58389465078391,24.63098981566907,601000,APO
2018-06-20T00:00:00.000000000,24.984201431274414,25.196130372081527,24.874312239957547,24.94495571926923,452600,APO
2018-06-21T00:00:00.000000000,24.874313354492188,25.10194118915179,24.528945384285603,25.10194118915179,297700,APO
2018-06-22T00:00:00.000000000,24.93710708618164,25.125487707618277,24.693778873048668,25.01560000986557,653400,APO
2018-06-25T00:00:00.000000000,23.916702270507812,24.95280617688121,23.74401903467625,24.95280617688121,847200,APO
2018-06-26T00:00:00.000000000,24.2385196685791,24.3562597927418,23.641977091985574,24.003042414509437,803100,APO
2018-06-27T00:00:00.000000000,24.144330978393555,24.505396325032844,24.13648153644992,24.26991905523574,418300,APO
2018-06-28T00:00:00.000000000,24.442604064941406,24.497548665416378,24.026594091557715,24.13648329250766,491500,APO
2018-06-29T00:00:00.000000000,25.015600204467773,25.15688567164434,24.55249359797078,24.6859311201331,680100,APO
2018-07-02T00:00:00.000000000,25.973207473754883,26.03600001128159,24.725174725008056,24.74872304942648,1066100,APO
2018-07-03T00:00:00.000000000,26.569753646850586,27.205545017961178,26.177290502913316,26.177290502913316,1943500,APO
2018-07-05T00:00:00.000000000,27.284032821655273,27.44886959582869,26.31072603087468,26.68749023965321,1309700,APO
2018-07-06T00:00:00.000000000,27.37037467956543,27.6372496968437,27.150596310367696,27.23693866805415,753500,APO
2018-07-09T00:00:00.000000000,27.700044631958008,27.77853604948198,27.14274778247313,27.370374090994904,1202600,APO
2018-07-10T00:00:00.000000000,27.778539657592773,27.911978677822486,27.519515550714917,27.778539657592773,961800,APO
2018-07-11T00:00:00.000000000,27.794240951538086,27.9041301575738,27.456722393424787,27.54306476795465,599000,APO
2018-07-12T00:00:00.000000000,28.163156509399414,28.296592543284397,27.79424018988365,27.904129392908036,912200,APO
2018-07-13T00:00:00.000000000,28.351539611816406,28.390785331417778,27.959076427289713,28.13176118664353,630900,APO
2018-07-16T00:00:00.000000000,28.19455337524414,28.280895753806618,27.96692700679158,28.225951148222574,530200,APO
2018-07-17T00:00:00.000000000,28.27304458618164,28.42217949945171,28.10035984873286,28.194550162679427,789100,APO
2018-07-18T00:00:00.000000000,28.492828369140625,28.64196630485658,28.178859598554215,28.273049930304474,700600,APO
2018-07-19T00:00:00.000000000,27.94337272644043,28.524219456942987,27.88842812961321,28.508520572955785,697700,APO
2018-07-20T00:00:00.000000000,27.786394119262695,27.817788897776477,27.480270326137916,27.817788897776477,1183600,APO
2018-07-23T00:00:00.000000000,28.03757095336914,28.11606239283118,27.60585905355847,27.74714603999533,395600,APO
2018-07-24T00:00:00.000000000,28.139606475830078,28.24949867229662,27.966924727037895,28.076813929248246,608100,APO
2018-07-25T00:00:00.000000000,27.770692825317383,28.241647399015584,27.731447109885227,28.18670279855933,524800,APO
2018-07-26T00:00:00.000000000,27.362533569335938,27.95122834322266,27.284039136263832,27.770695638541508,633400,APO
2018-07-27T00:00:00.000000000,27.4959716796875,27.54306834306869,27.11920735540801,27.370383571594335,527200,APO
2018-07-30T00:00:00.000000000,27.3939266204834,27.645102774504238,27.331131084850217,27.503815813585522,681800,APO
2018-07-31T00:00:00.000000000,27.864879608154297,27.94337102906651,27.393925094169493,27.49596334250421,491600,APO
2018-08-01T00:00:00.000000000,27.53520965576172,27.864877188068046,27.18199230382243,27.864877188068046,1213200,APO
2018-08-02T00:00:00.000000000,26.77383804321289,27.205546933082594,25.95751392773715,26.687495666387676,2088700,APO
2018-08-03T00:00:00.000000000,27.27618408203125,27.4096200920963,26.758132935783042,26.95436447594154,1409500,APO
2018-08-06T00:00:00.000000000,27.67650032043457,27.904129668522692,27.236943503995434,27.299736051662634,1065400,APO
2018-08-07T00:00:00.000000000,28.18670082092285,28.265192246280048,27.51951472261885,27.7078953411785,1274000,APO
2018-08-08T00:00:00.000000000,28.061111450195312,28.257342998798077,27.91982449566086,28.084658277865785,617900,APO
2018-08-09T00:00:00.000000000,27.543060302734375,28.171000659892655,27.503814591834946,28.061111471671932,443100,APO
2018-08-10T00:00:00.000000000,27.111352920532227,27.36252907660876,26.93082024549322,27.31543242449842,460100,APO
2018-08-13T00:00:00.000000000,26.711044311523438,27.158452117934154,26.6325528695855,27.032864014279507,358700,APO
2018-08-14T00:00:00.000000000,26.993610382080078,27.087800683651825,26.758133131022863,26.930817845784148,441700,APO
2018-08-15T00:00:00.000000000,26.836627960205078,27.001464751721794,26.711039877398488,26.781683361118198,288300,APO
2018-08-16T00:00:00.000000000,26.733291625976562,27.305634772374805,26.685595100279198,26.963817252528756,546600,APO
2018-08-17T00:00:00.000000000,26.804832458496094,26.836627107006294,26.455064033340093,26.685592671303137,472200,APO
2018-08-20T00:00:00.000000000,27.19434356689453,27.234089152018626,26.67764489549376,26.84457817245122,549400,APO
2018-08-21T00:00:00.000000000,27.305635452270508,27.44077409558091,27.16254890400966,27.297687547320063,601800,APO
2018-08-22T00:00:00.000000000,27.520265579223633,27.575910011674868,27.011514749729972,27.305635754457093,302700,APO
2018-08-23T00:00:00.000000000,27.42487335205078,27.55206104919932,27.385127765265718,27.512315462414257,257800,APO
2018-08-24T00:00:00.000000000,27.583850860595703,27.734885260239178,27.424865526427663,27.575899926071134,309700,APO
2018-08-27T00:00:00.000000000,27.599761962890625,27.73489758593375,27.54411752606176,27.687204087162943,330300,APO
2018-08-28T00:00:00.000000000,27.623594284057617,27.822325178187526,27.575897777805032,27.663339856405038,334900,APO
2018-08-29T00:00:00.000000000,27.623594284057617,27.71898426416999,27.43281129144007,27.695137527240096,277700,APO
2018-08-30T00:00:00.000000000,27.35332489013672,27.59975233325266,27.289732569831735,27.575902559794134,232700,APO
2018-08-31T00:00:00.000000000,27.448719024658203,27.488467642283368,27.178444799733487,27.289736683732656,310500,APO
2018-09-04T00:00:00.000000000,27.599761962890625,27.639507555997756,27.265892309523075,27.424877714345985,475900,APO
2018-09-05T00:00:00.000000000,27.31357765197754,27.62359739656908,27.186389986699133,27.536155308116463,419400,APO
2018-09-06T00:00:00.000000000,27.019466400146484,27.393078594692987,26.82868331785495,27.32153531788294,627900,APO
2018-09-07T00:00:00.000000000,26.60610580444336,26.971770096796483,26.58225602371129,26.7491923592588,336600,APO
2018-09-10T00:00:00.000000000,26.90817642211914,26.98767064225027,26.51071441864681,26.75714195246165,818800,APO
2018-09-11T00:00:00.000000000,27.249984741210938,27.28973335398619,26.725335195947725,26.765080776329572,374000,APO
2018-09-12T00:00:00.000000000,27.186397552490234,27.257940823643917,26.9558688973957,27.186397552490234,222500,APO
2018-09-13T00:00:00.000000000,27.091007232666016,27.655402458581403,27.067157454285034,27.25794051936314,422200,APO
2018-09-14T00:00:00.000000000,27.34538459777832,27.464621368682607,27.154601518979625,27.154601518979625,552600,APO
2018-09-17T00:00:00.000000000,27.083053588867188,27.393073385288808,26.947917998588487,27.242038955143148,686300,APO
2018-09-18T00:00:00.000000000,27.305635452270508,27.40897641099092,26.98766770355293,27.106904472174232,630800,APO
2018-09-19T00:00:00.000000000,27.377172470092773,27.480513405197428,27.027407116714567,27.35332572829686,379200,APO
2018-09-20T00:00:00.000000000,27.98926544189453,28.394678266036944,27.337428187776883,27.504361453062085,1529800,APO
2018-09-21T00:00:00.000000000,28.67290687561035,29.006776514269742,28.12441043714865,28.12441043714865,1123500,APO
2018-09-24T00:00:00.000000000,28.537765502929688,28.80803971499397,28.30723687420558,28.59340992608466,843400,APO
2018-09-25T00:00:00.000000000,28.712644577026367,28.88752876981034,28.51391364246036,28.633153416157327,689000,APO
2018-09-26T00:00:00.000000000,28.26749038696289,28.7682901793437,28.140302704905196,28.609307851066735,453000,APO
2018-09-27T00:00:00.000000000,27.766681671142578,28.442365520145586,27.64744191783951,28.354923438709054,717500,APO
2018-09-28T00:00:00.000000000,27.464614868164062,27.901822322786778,27.26588393129979,27.623600224134172,435400,APO
2018-10-01T00:00:00.000000000,28.211843490600586,28.466218832399974,27.94156931088958,28.164146976865727,1065700,APO
2018-10-02T00:00:00.000000000,28.16415023803711,28.553661198597457,28.04491045608963,28.20389582122173,709300,APO
2018-10-03T00:00:00.000000000,28.784194946289062,28.943180339700035,28.19595293278088,28.19595293278088,1785000,APO
2018-10-04T00:00:00.000000000,27.941579818725586,28.87959038151077,27.703100192760832,28.6093161001592,813100,APO
2018-10-05T00:00:00.000000000,26.892276763916016,28.021067236770115,26.820733492228502,27.93362512333049,1735800,APO
2018-10-08T00:00:00.000000000,26.288131713867188,26.844579020361717,26.08145284525749,26.629949215039804,898300,APO
2018-10-09T00:00:00.000000000,26.113248825073242,26.311979799487478,25.946315534339845,26.160945350594506,689900,APO
2018-10-10T00:00:00.000000000,24.960609436035156,26.18479141826505,24.897015586519277,26.18479141826505,2233900,APO
2018-10-11T00:00:00.000000000,24.380311965942383,25.532950517022407,24.29286986649198,24.88906269104271,1877600,APO
2018-10-12T00:00:00.000000000,24.690336227416992,25.09574760358136,24.31672253543667,24.873169879081182,880100,APO
2018-10-15T00:00:00.000000000,24.761877059936523,25.04010070433518,24.348516303469772,24.602893203277922,784700,APO
2018-10-16T00:00:00.000000000,25.230884552001953,25.334225508678237,24.809574336700603,24.976509145101904,831400,APO
2018-10-17T00:00:00.000000000,25.18318748474121,25.43756287085829,24.97650710447186,25.23883191092971,751500,APO
2018-10-18T00:00:00.000000000,24.141834259033203,25.127539498688687,24.0543921638697,25.063945661168873,1045400,APO
2018-10-19T00:00:00.000000000,23.442302703857422,24.221327664761134,23.323064436975724,24.221327664761134,1861700,APO
2018-10-22T00:00:00.000000000,23.442302703857422,23.680780753817643,23.35486060058566,23.664881913914265,1521100,APO
2018-10-23T00:00:00.000000000,23.426406860351562,23.47410338616241,22.28171753243748,23.100488181629174,2188500,APO
2018-10-24T00:00:00.000000000,22.536088943481445,23.442301546477534,22.273764162814327,23.418453287799885,1669200,APO
2018-10-25T00:00:00.000000000,23.736425399780273,24.0782428799229,22.703023539326185,22.83021122735179,1517900,APO
2018-10-26T00:00:00.000000000,24.094141006469727,24.261075800187754,23.060740627784963,23.33101485289271,1614300,APO
2018-10-29T00:00:00.000000000,23.474098205566406,24.72212821444073,23.299214015249905,24.523397282678662,1608500,APO
2018-10-30T00:00:00.000000000,23.78412628173828,24.00670554888964,23.346918685623592,23.442308717119026,1044300,APO
2018-10-31T00:00:00.000000000,23.386659622192383,24.133888462358104,22.536091349119285,24.086191939911394,2571800,APO
2018-11-01T00:00:00.000000000,24.31671714782715,24.38031098590836,23.29921422233108,23.5694884132254,1060400,APO
2018-11-02T00:00:00.000000000,23.497943878173828,24.928807431493826,23.458198300107973,24.56314174526218,1255200,APO
2018-11-05T00:00:00.000000000,23.879512786865234,24.10209049081831,23.394608761201358,23.505897613177897,532000,APO
2018-11-06T00:00:00.000000000,24.340564727783203,24.388259725966606,23.90335577647928,23.90335577647928,329400,APO
2018-11-07T00:00:00.000000000,25.238832473754883,25.25473131479097,24.48365420270707,24.57904573272665,677100,APO
2018-11-08T00:00:00.000000000,25.246780395507812,25.580648456461006,24.912912334554616,25.175237131289496,681200,APO
2018-11-09T00:00:00.000000000,24.31671714782715,25.18318413930658,24.229275051891722,25.024198786005204,603700,APO
2018-11-12T00:00:00.000000000,23.410507202148438,24.443907565936943,23.34691335693371,24.245176610116317,924200,APO
2018-11-13T00:00:00.000000000,23.108434677124023,23.696678108547776,23.005095250010413,23.402557150934314,1628300,APO
2018-11-14T00:00:00.000000000,22.44864845275879,23.315115536229666,22.273765758517612,23.148182262117206,1199300,APO
2018-11-15T00:00:00.000000000,22.464542388916016,22.695069457536356,22.13862381577229,22.448643552129365,1194700,APO
2018-11-16T00:00:00.000000000,22.377105712890625,22.464547820161528,22.17837475359995,22.361206872260116,1759900,APO
2018-11-19T00:00:00.000000000,21.4881649017334,22.498326841298205,21.25380659188966,22.328618833931223,1607700,APO
2018-11-20T00:00:00.000000000,21.164913177490234,21.84374211739354,20.890149009368194,21.19723755771265,2961800,APO
2018-11-21T00:00:00.000000000,22.627626419067383,22.64378937929905,21.326537406727898,21.326537406727898,1171200,APO
2018-11-23T00:00:00.000000000,23.193317413330078,23.24180475204921,22.12658517181624,22.369024948181313,432400,APO
2018-11-26T00:00:00.000000000,23.338783264160156,23.815579873828227,23.19332122410266,23.330703324199984,1112700,APO
2018-11-27T00:00:00.000000000,22.716522216796875,23.29837493976952,22.59530155079921,23.160992854172324,497700,APO
2018-11-28T00:00:00.000000000,22.910470962524414,23.112503331609492,22.247805038546915,22.724601552898463,1326200,APO
2018-11-29T00:00:00.000000000,23.10441780090332,23.193312520957626,22.603376935212296,22.886222510616047,881100,APO
2018-11-30T00:00:00.000000000,22.781173706054688,23.249888809322698,22.651873094214196,23.120588197482206,512400,APO
2018-12-03T00:00:00.000000000,23.160991668701172,23.387268486745633,22.967040770970794,23.346861086353023,871400,APO
2018-12-04T00:00:00.000000000,21.37502670288086,23.13674778498696,21.20531869991925,23.08826044473425,1244800,APO
2018-12-06T00:00:00.000000000,21.6093807220459,21.641706639033917,20.728519522121704,21.027528088722622,1545100,APO
2018-12-07T00:00:00.000000000,21.084096908569336,21.851820482041354,21.067933950070344,21.617462207959633,731400,APO
2018-12-10T00:00:00.000000000,20.502248764038086,21.366947195060835,20.461841358943392,21.043695661227783,1394000,APO
2018-12-11T00:00:00.000000000,20.09010124206543,21.213400830916537,19.871905892157933,20.865904875445672,1359200,APO
2018-12-12T00:00:00.000000000,20.510324478149414,20.736601275907613,20.146667155526995,20.38102389125461,1016500,APO
2018-12-13T00:00:00.000000000,20.178993225097656,20.704278637500476,20.08201854748016,20.60730241849827,1485800,APO
2018-12-14T00:00:00.000000000,19.621383666992188,20.130504543997912,19.387025385838154,20.041609810955404,972400,APO
2018-12-17T00:00:00.000000000,19.403188705444336,19.79917195967161,19.306212491106095,19.605221072379763,1770300,APO
2018-12-18T00:00:00.000000000,19.395109176635742,20.049693679759457,19.387027696179302,19.556735702994956,1482100,APO
2018-12-19T00:00:00.000000000,18.918310165405273,19.85574019736621,18.70819632494719,19.38702518138574,1333600,APO
2018-12-20T00:00:00.000000000,18.489999771118164,19.03144652425297,18.287967423551212,18.80517128146406,1213100,APO
2018-12-21T00:00:00.000000000,19.193078994750977,19.82342067031928,18.457681143947106,18.457681143947106,2647300,APO
2018-12-24T00:00:00.000000000,19.193078994750977,19.492087640457534,18.64355059164809,18.72436386411351,848200,APO
2018-12-26T00:00:00.000000000,19.78301239013672,19.799175352193334,18.63546828766032,19.17691518547774,1791100,APO
2018-12-27T00:00:00.000000000,19.766845703125,19.766845703125,19.136505715550154,19.4193513327006,1248900,APO
2018-12-28T00:00:00.000000000,19.5244083404541,20.098181079444046,19.395107745461797,19.799172490158917,2219800,APO
2018-12-31T00:00:00.000000000,19.83150291442871,19.888071744914665,19.217324178009022,19.60522605109987,1329500,APO
2019-01-02T00:00:00.000000000,20.057777404785156,20.251728333289453,19.362785421606038,19.387029865688433,515500,APO
2019-01-03T00:00:00.000000000,19.29813575744629,20.0820225204229,19.225405505536877,19.976964800604275,788700,APO
2019-01-04T00:00:00.000000000,20.502248764038086,20.566899070804695,19.47592379540636,19.47592379540636,655800,APO
2019-01-07T00:00:00.000000000,21.22148323059082,21.28613353617267,20.21940272337976,20.58306011425832,945800,APO
2019-01-08T00:00:00.000000000,21.625545501708984,21.787170476106443,21.16491193552996,21.568976683600642,625600,APO
2019-01-09T00:00:00.000000000,21.74676513671875,21.811415436297192,21.407350678585754,21.665951876899516,942600,APO
2019-01-10T00:00:00.000000000,21.415430068969727,21.67403124204896,21.415430068969727,21.67403124204896,1027500,APO
2019-01-11T00:00:00.000000000,21.294212341308594,21.43967589593567,21.06793552951262,21.399268496658888,1327300,APO
2019-01-14T00:00:00.000000000,21.601301193237305,21.633627113144115,20.80933465213685,21.019448507377017,2279800,APO
2019-01-15T00:00:00.000000000,22.061935424804688,22.401349887096362,21.480082721469564,21.568977462498374,938200,APO
2019-01-16T00:00:00.000000000,22.30437469482422,22.805414125839338,22.215479955837626,22.215479955837626,745700,APO
2019-01-17T00:00:00.000000000,22.530651092529297,22.587221455583467,21.90839251278128,22.142749279895128,654100,APO
2019-01-18T00:00:00.000000000,23.072092056274414,23.51656411840997,22.465995050858613,22.813490913918507,1205900,APO
2019-01-22T00:00:00.000000000,21.932634353637695,23.02360949770274,21.771009376870285,23.02360949770274,1213700,APO
2019-01-23T00:00:00.000000000,22.02960968017578,22.288210865633,21.779089974437184,21.94879642437424,958100,APO
2019-01-24T00:00:00.000000000,21.981122970581055,22.31245594157731,21.86798379267609,22.12658498551368,427800,APO
2019-01-25T00:00:00.000000000,22.554889678955078,22.82157229858769,22.061930289997917,22.183150923690874,558500,APO
2019-01-28T00:00:00.000000000,22.40943145751953,22.668032660042744,22.19931759512323,22.328618196384838,229800,APO
2019-01-29T00:00:00.000000000,22.377105712890625,22.627625419880168,22.304373936444524,22.3851871926496,294100,APO
2019-01-30T00:00:00.000000000,22.3690242767334,22.51448782990914,21.924552137431448,22.51448782990914,721900,APO
2019-01-31T00:00:00.000000000,23.662031173706055,23.726681468932657,22.34477928906016,22.627624908695783,1199200,APO
2019-02-01T00:00:00.000000000,23.718603134155273,24.243887045190775,23.500407780816197,23.78325343795372,739300,APO
2019-02-04T00:00:00.000000000,24.534814834594727,24.639871003038078,23.605464573405335,23.69435932150846,854100,APO
2019-02-05T00:00:00.000000000,24.736846923828125,24.7772527862526,24.268131829333917,24.599464833646124,939300,APO
2019-02-06T00:00:00.000000000,24.494401931762695,24.777247532918935,24.44591459885676,24.70451576286777,623300,APO
2019-02-07T00:00:00.000000000,24.251964569091797,24.534810180082605,23.50040394668763,24.445915448843746,1093400,APO
2019-02-08T00:00:00.000000000,24.10650634765625,24.2519699249408,23.82366067420129,24.146912211841997,570800,APO
2019-02-11T00:00:00.000000000,23.99336051940918,24.24388018304636,23.928710233909765,24.171148419186473,787300,APO
2019-02-12T00:00:00.000000000,24.4055118560791,24.51864949440995,23.977202660222048,24.009527039151696,1540600,APO
2019-02-13T00:00:00.000000000,24.357025146484375,24.62370784730775,24.357025146484375,24.486325756496626,502400,APO
2019-02-14T00:00:00.000000000,24.122665405273438,24.559054525106113,24.03377066879183,24.03377066879183,853500,APO
2019-02-15T00:00:00.000000000,24.43783950805664,24.74492962663394,24.130750930864266,24.130750930864266,903400,APO
2019-02-19T00:00:00.000000000,24.30853271484375,24.502483589264568,24.058013028056596,24.470159214220033,640500,APO
2019-02-20T00:00:00.000000000,24.242656707763672,24.415582510123144,24.119138053131916,24.185014773643847,697500,APO
2019-02-21T00:00:00.000000000,23.962684631347656,24.308537869885157,23.79799201466306,24.209721985749358,298500,APO
2019-02-22T00:00:00.000000000,24.0120906829834,24.267362813533342,23.814460494432627,23.913276374020572,599700,APO
2019-02-25T00:00:00.000000000,23.929744720458984,24.127374911834487,23.84739841472957,24.00385623855294,1236500,APO
2019-02-26T00:00:00.000000000,23.872106552124023,24.061501985809937,23.71564870356265,23.921513715123524,867300,APO
2019-02-27T00:00:00.000000000,24.168546676635742,24.17678146353068,23.69917481799942,23.962681716137357,564700,APO
2019-02-28T00:00:00.000000000,24.127370834350586,24.24265627113878,23.929740676374234,24.16030997932575,759700,APO
2019-03-01T00:00:00.000000000,24.077964782714844,24.687324856848623,24.077964782714844,24.283829736298888,1017900,APO
2019-03-04T00:00:00.000000000,24.16031265258789,24.415584771890952,23.90504053328483,24.168547439742834,706400,APO
2019-03-05T00:00:00.000000000,23.929744720458984,24.11090690718872,23.73211452908348,23.995621450917486,479000,APO
2019-03-06T00:00:00.000000000,23.82269287109375,24.028557826328743,23.740346574874756,23.962681103478545,359000,APO
2019-03-07T00:00:00.000000000,23.493309020996094,23.806223058736997,23.238035348217387,23.674469614359253,711800,APO
2019-03-08T00:00:00.000000000,23.048635482788086,23.328611890261186,22.941586419048203,23.246265610894163,299000,APO
2019-03-11T00:00:00.000000000,23.53449058532715,23.62507170273827,23.073353349701144,23.155699677290748,395400,APO
2019-03-12T00:00:00.000000000,23.336849212646484,23.65799800940888,23.262737710220573,23.592121292877497,468900,APO
2019-03-13T00:00:00.000000000,23.7238826751709,23.86387094103447,23.427438136761538,23.45214093209754,465000,APO
2019-03-14T00:00:00.000000000,23.8309326171875,23.970920878704984,23.732116727035336,23.76505588062782,402500,APO
2019-03-15T00:00:00.000000000,23.970918655395508,24.077967753391672,23.847398411505516,23.880337562042886,542800,APO
2019-03-18T00:00:00.000000000,24.522632598876953,24.629681678263687,23.9297405572739,23.9297405572739,728300,APO
2019-03-19T00:00:00.000000000,24.09443473815918,24.761436758577084,24.045027588290257,24.670855674963242,491200,APO
2019-03-20T00:00:00.000000000,23.7238826751709,24.366182054537635,23.666240725219783,24.366182054537635,971300,APO
2019-03-21T00:00:00.000000000,24.366180419921875,24.55557583437711,23.600362403374362,23.600362403374362,1153400,APO
2019-03-22T00:00:00.000000000,23.056875228881836,24.226188249742986,23.040405655339782,24.1191391629696,805000,APO
2019-03-25T00:00:00.000000000,22.999238967895508,23.196869187296688,22.801608748494328,23.015708545501948,667500,APO
2019-03-26T00:00:00.000000000,23.31214714050293,23.31214714050293,23.015702672360476,23.254505204214812,586700,APO
2019-03-27T00:00:00.000000000,22.974529266357422,23.88033540623621,22.949826476309592,23.427433121609315,682900,APO
2019-03-28T00:00:00.000000000,23.056875228881836,23.369789273055957,22.933356568566396,22.933356568566396,519600,APO
2019-03-29T00:00:00.000000000,23.26274299621582,23.361558878779245,23.023938862885558,23.213335840246692,610000,APO
2019-04-01T00:00:00.000000000,23.592121124267578,23.75681369973141,23.279207115636062,23.468602477982106,528800,APO
2019-04-02T00:00:00.000000000,23.320383071899414,23.60035955100591,23.270975919887988,23.56742197320664,529200,APO
2019-04-03T00:00:00.000000000,23.61682891845703,23.781519947261632,23.386259593380558,23.468605893095372,602500,APO
2019-04-04T00:00:00.000000000,23.39449691772461,23.913277562756104,23.303915821151605,23.468608438443393,576100,APO
2019-04-05T00:00:00.000000000,23.55095100402832,23.600358153113273,23.369788839675252,23.410962772766837,426300,APO
2019-04-08T00:00:00.000000000,23.48508071899414,23.65800657350312,23.303918504984303,23.34509244936171,893400,APO
2019-04-09T00:00:00.000000000,23.15568733215332,23.419194183454543,23.139217761290812,23.386255041729527,570300,APO
2019-04-10T00:00:00.000000000,23.592121124267578,23.633295053445938,23.15568846935059,23.15568846935059,524300,APO
2019-04-11T00:00:00.000000000,23.61682891845703,23.732112795682752,23.476840680129357,23.625063705491016,411300,APO
2019-04-12T00:00:00.000000000,24.00385856628418,24.08620487999898,23.66624009361627,23.74858640733107,559900,APO
2019-04-15T00:00:00.000000000,23.863868713378906,24.077968486515267,23.781522405153353,23.954449809489535,460000,APO
2019-04-16T00:00:00.000000000,24.423818588256836,24.56380682307658,23.847396075322592,23.91327436994364,1345400,APO
2019-04-17T00:00:00.000000000,24.66262435913086,24.75320387909901,24.423820236885057,24.423820236885057,852300,APO
2019-04-18T00:00:00.000000000,26.0625057220459,26.18602439387429,25.502552734423723,25.57666425164578,2867000,APO
2019-04-22T00:00:00.000000000,26.688331604003906,26.910666123718663,25.988390470063877,26.021329615484536,2321000,APO
2019-04-23T00:00:00.000000000,26.622461318969727,27.165944752718783,26.350718031470013,26.87773188949935,2242100,APO
2019-04-24T00:00:00.000000000,26.696569442749023,26.894201208246855,26.391890147971445,26.622461064593974,599300,APO
2019-04-25T00:00:00.000000000,26.67186737060547,26.853029565435286,26.466002382389927,26.721276098627357,359400,APO
2019-04-26T00:00:00.000000000,27.08359146118164,27.14946975089403,26.51540534803613,26.523638563625305,507200,APO
2019-04-29T00:00:00.000000000,27.314167022705078,27.528268384396075,26.844795068325656,27.050660070816654,968200,APO
2019-04-30T00:00:00.000000000,26.918899536132812,27.388271367432402,26.84478802901973,27.28122385590781,658000,APO
2019-05-01T00:00:00.000000000,26.99301528930664,27.412981609425685,26.754214298822628,27.083596383498996,2805800,APO
2019-05-02T00:00:00.000000000,27.20711898803711,28.187035251213015,27.12477110378876,27.800008048372256,3016700,APO
2019-05-03T00:00:00.000000000,27.48708152770996,27.709415990190198,27.264747065229727,27.38003090327526,1557500,APO
2019-05-06T00:00:00.000000000,26.984777450561523,27.124764105792266,26.490699696291763,26.885963156207485,971400,APO
2019-05-07T00:00:00.000000000,26.26836585998535,26.844786745882462,26.153081996930897,26.688330523344227,1387400,APO
2019-05-08T00:00:00.000000000,26.75420570373535,26.91889512254006,26.268362808638454,26.3177699484048,1081100,APO
2019-05-09T00:00:00.000000000,26.729503631591797,26.828321066620617,26.04603207889128,26.400121605245022,894000,APO
2019-05-10T00:00:00.000000000,27.001253128051758,27.215351337767338,26.474239250674493,26.61422593755574,711900,APO
2019-05-13T00:00:00.000000000,25.980159759521484,26.680102573894665,25.938987391911365,26.39188971812325,1186100,APO
2019-05-14T00:00:00.000000000,26.92713737487793,27.00948210231257,26.111910751774975,26.260133774157328,2385300,APO
2019-05-15T00:00:00.000000000,26.984777450561523,27.25651754534758,26.515405625817607,26.729503787126326,794000,APO
2019-05-16T00:00:00.000000000,27.305932998657227,27.462389265081406,26.729510380448883,26.877733429166756,1285800,APO
2019-05-17T00:00:00.000000000,27.001253128051758,27.31416565446295,26.976547192939986,27.05889507456174,1368500,APO
2019-05-20T00:00:00.000000000,26.83421516418457,27.17663731659643,26.683883176692074,26.859269433451747,898200,APO
2019-05-21T00:00:00.000000000,27.460599899291992,27.727856082442933,27.201694078013574,27.502358080544635,1291200,APO
2019-05-22T00:00:00.000000000,27.460599899291992,27.794668535258165,27.31026789802646,27.36037644115163,1045600,APO
2019-05-23T00:00:00.000000000,26.67552947998047,27.368725693599618,26.64212166584352,27.16828199472243,972600,APO
2019-05-24T00:00:00.000000000,26.566959381103516,26.942787784710507,26.349813337854542,26.842567514270968,960100,APO
2019-05-28T00:00:00.000000000,25.948925018310547,26.692231347733415,25.948925018310547,26.566955232759213,513600,APO
2019-05-29T00:00:00.000000000,25.598155975341797,25.890468029756132,25.447823970615993,25.890468029756132,609600,APO
2019-05-30T00:00:00.000000000,25.606504440307617,25.915520362678773,25.548042355987423,25.66496652462781,595900,APO
2019-05-31T00:00:00.000000000,24.562532424926758,25.48122658260998,24.537476564936156,25.322542655280607,1468900,APO
2019-06-03T00:00:00.000000000,24.98847770690918,25.08034761976036,24.32868759274625,24.57088951100025,1029400,APO
2019-06-04T00:00:00.000000000,25.790239334106445,25.82364714541054,25.17220916172973,25.381003203463976,770800,APO
2019-06-05T00:00:00.000000000,26.33310890197754,26.34146085600403,25.52298688410377,25.89046489640762,958000,APO
2019-06-06T00:00:00.000000000,26.592012405395508,26.834214286875472,26.199480134310257,26.39157029294949,996800,APO
2019-06-07T00:00:00.000000000,27.268508911132812,27.66939317401521,26.84256719148314,26.84256719148314,1876400,APO
2019-06-10T00:00:00.000000000,27.443893432617188,27.97005538802333,27.31861571458654,27.552467242514105,1252700,APO
2019-06-11T00:00:00.000000000,27.519058227539062,27.694444476386526,27.360372700153153,27.694444476386526,483600,APO
2019-06-12T00:00:00.000000000,27.368724822998047,27.527407156184093,27.118172596830036,27.46894507627637,625400,APO
2019-06-13T00:00:00.000000000,27.853134155273438,27.978411900849437,27.45224982975382,27.45224982975382,826900,APO
2019-06-14T00:00:00.000000000,27.861478805541992,27.936644791691435,27.585869127679242,27.936644791691435,654000,APO
2019-06-17T00:00:00.000000000,27.77796173095703,28.51291775100831,27.644333653306315,27.911589808607747,1647400,APO
2019-06-18T00:00:00.000000000,27.94499969482422,28.479512045026667,27.86983369645544,27.9784075131981,1343000,APO
2019-06-19T00:00:00.000000000,28.4962158203125,28.5296236385294,28.17049755755996,28.178851105086636,1036500,APO
2019-06-20T00:00:00.000000000,28.546323776245117,29.13929813450236,28.39599180007504,28.780172100978795,1442300,APO
2019-06-21T00:00:00.000000000,28.412694931030273,28.713358875159336,28.345879305248534,28.521268729953412,698600,APO
2019-06-24T00:00:00.000000000,27.828073501586914,28.604787699845147,27.510705621903682,28.44610535297587,1272500,APO
2019-06-25T00:00:00.000000000,27.86983299255371,28.16214661702491,27.485652648791966,27.811370904848438,1259200,APO
2019-06-26T00:00:00.000000000,27.99510383605957,28.12873188739864,27.63597785072131,28.061916268757077,1713600,APO
2019-06-27T00:00:00.000000000,28.60478973388672,28.796879910370233,27.986757838550485,27.986757838550485,1250500,APO
2019-06-28T00:00:00.000000000,28.64653968811035,28.746759928379443,28.18719346877103,28.688297856060473,1944700,APO
2019-07-01T00:00:00.000000000,29.465017318725586,29.47337086542208,28.730064506663496,28.947208931603527,2134500,APO
2019-07-02T00:00:00.000000000,29.80744171142578,30.208325962679666,29.23952155899657,29.439965277595924,2594700,APO
2019-07-03T00:00:00.000000000,29.78238296508789,29.982826653560895,29.431610492690567,29.824141137619332,1487500,APO
2019-07-05T00:00:00.000000000,29.88260269165039,30.066342470695705,29.18105457322972,29.281278008678594,933200,APO
2019-07-08T00:00:00.000000000,29.356449127197266,29.58194393153909,28.913803508066454,29.565243208654017,1228800,APO
2019-07-09T00:00:00.000000000,29.857553482055664,29.957773748532276,28.997322890746336,29.122597427355895,1708100,APO
2019-07-10T00:00:00.000000000,29.94942283630371,30.06634700936675,29.323040606941902,30.06634700936675,1580400,APO
2019-07-11T00:00:00.000000000,29.94942283630371,30.408769167313416,29.632054948029193,30.06634700936675,3227500,APO
2019-07-12T00:00:00.000000000,29.907665252685547,30.208326052561933,29.64040908438776,29.95777379302586,915600,APO
2019-07-15T00:00:00.000000000,29.548540115356445,30.01623683172318,29.52348265844756,29.91601656192244,870300,APO
2019-07-16T00:00:00.000000000,29.715572357177734,29.95777104716112,29.43996266678846,29.581941099332358,1256500,APO
2019-07-17T00:00:00.000000000,29.181060791015625,29.5819450603971,28.930508520895323,29.49842869900532,1033200,APO
2019-07-18T00:00:00.000000000,28.60478973388672,29.247875899998437,28.00346174771578,29.139302083396483,2802200,APO
2019-07-19T00:00:00.000000000,28.58808708190918,29.331393549755347,28.462812536577776,28.621494901708907,1203400,APO
2019-07-22T00:00:00.000000000,29.356449127197266,29.356449127197266,28.22060881432136,28.60478915957502,1420300,APO
2019-07-23T00:00:00.000000000,29.373146057128906,29.47336949716659,28.838633787372352,29.439961683820695,1016700,APO
2019-07-24T00:00:00.000000000,30.149864196777344,30.15821774419487,29.181059782759732,29.181059782759732,1328000,APO
2019-07-25T00:00:00.000000000,30.108104705810547,30.27514060149047,29.707220467745554,30.2667902403816,740100,APO
2019-07-26T00:00:00.000000000,30.18327522277832,30.4254771485129,29.890964750991888,30.08305494472943,1285400,APO
2019-07-29T00:00:00.000000000,29.498424530029297,30.14986097746436,29.122594584991944,30.14986097746436,1220100,APO
2019-07-30T00:00:00.000000000,29.272930145263672,29.389854323373925,28.596439347355812,29.29798760196223,1429800,APO
2019-07-31T00:00:00.000000000,27.56081771850586,29.640408093626984,27.310265467344752,29.18941212997015,4032000,APO
2019-08-01T00:00:00.000000000,26.433330535888672,28.20390505706524,26.308054404935845,27.694446985821653,4376400,APO
2019-08-02T00:00:00.000000000,26.33310890197754,26.46673698045669,25.481228706943664,26.46673698045669,2071200,APO
2019-08-05T00:00:00.000000000,26.249589920043945,26.399921900650668,25.10539775107121,26.22453405895206,2142900,APO
2019-08-06T00:00:00.000000000,27.77796173095703,27.9199433555548,26.541902809174072,26.541902809174072,1982300,APO
2019-08-07T00:00:00.000000000,28.295772552490234,28.45445489479106,26.53355013590621,27.101470247012283,1981400,APO
2019-08-08T00:00:00.000000000,28.39599609375,29.181060721166432,28.053573915351404,28.404346455491204,2286900,APO
2019-08-09T00:00:00.000000000,27.42719268798828,28.39599716987565,27.126528678791328,28.39599716987565,1451800,APO
2019-08-12T00:00:00.000000000,27.61927604675293,27.652683858614672,26.792453411812726,27.168280144452297,819000,APO
2019-08-13T00:00:00.000000000,28.053565979003906,28.763464406139565,27.368721815948966,27.468942058215916,1564200,APO
2019-08-14T00:00:00.000000000,26.825857162475586,27.5775169751187,26.550250688469234,27.468943183082654,1920500,APO
2019-08-15T00:00:00.000000000,26.3931884765625,27.114312536097355,26.342284345316827,26.8767663962644,1493000,APO
2019-08-16T00:00:00.000000000,27.14824867248535,27.648794636837238,26.545897681782208,26.571348129289163,1630200,APO
2019-08-19T00:00:00.000000000,28.55655860900879,29.260717730860954,26.342279472439408,27.99662621417814,3994100,APO
2019-08-20T00:00:00.000000000,29.523717880249023,29.701877473956102,28.42082099631345,28.60746622952461,3080500,APO
2019-08-21T00:00:00.000000000,30.16000747680664,30.389071218006507,29.591592562080802,29.77823457480686,2244200,APO
2019-08-22T00:00:00.000000000,31.01687240600586,31.593772895869918,30.33816366287887,30.372099747299846,3399800,APO
2019-08-23T00:00:00.000000000,30.329683303833008,31.144129966882666,30.185459789809432,30.932034279443275,2085100,APO
2019-08-26T00:00:00.000000000,30.787811279296875,30.95748847934513,30.24484682820119,30.838712173884964,1875000,APO
2019-08-27T00:00:00.000000000,31.050809860229492,31.525905403630176,30.847199796146068,30.932036783460227,2162900,APO
2019-08-28T00:00:00.000000000,31.483474731445312,31.644666239519097,30.77931571109287,30.948992856409802,1428600,APO
2019-08-29T00:00:00.000000000,31.76344871520996,32.314898792383154,31.59377475576282,31.687094138929417,1367200,APO
2019-08-30T00:00:00.000000000,32.009483337402344,32.34035211863766,31.58529192836761,32.07735551628324,887100,APO
2019-09-03T00:00:00.000000000,31.305330276489258,31.94161745091933,30.46542978225903,31.73800413111918,2023300,APO
2019-09-04T00:00:00.000000000,32.96814727783203,33.163274881104925,31.771927980325884,31.831314501481867,3717200,APO
2019-09-05T00:00:00.000000000,34.74127960205078,35.04669795682775,33.51960618294291,34.35102425375748,11311300,APO
2019-09-06T00:00:00.000000000,34.512203216552734,34.76671734036229,33.90985236839482,34.74126689887814,6492300,APO
2019-09-09T00:00:00.000000000,34.749759674072266,34.82611425764072,34.020149928045655,34.60553614751166,4468300,APO
2019-09-10T00:00:00.000000000,33.706241607666016,35.453910996044826,33.44324182646171,34.61401076571831,3379300,APO
2019-09-11T00:00:00.000000000,34.189815521240234,34.37646071460714,33.63836881515465,33.76562425364092,3960800,APO
2019-09-12T00:00:00.000000000,34.427364349365234,35.21635711862709,34.11346048558825,34.66491042026891,3321900,APO
2019-09-13T00:00:00.000000000,34.08802795410156,34.664928631940626,33.93531876077215,34.65644298990888,2265700,APO
2019-09-16T00:00:00.000000000,34.410404205322266,34.60553184209308,33.578989530085366,33.884404590037576,2761500,APO
2019-09-17T00:00:00.000000000,34.469783782958984,34.79216682059358,34.21526966618125,34.34252510640883,1865900,APO
2019-09-18T00:00:00.000000000,34.529178619384766,34.85156497099525,33.96076049322093,34.359501421888545,4879800,APO
2019-09-19T00:00:00.000000000,34.681888580322266,34.84308014171572,34.461307247548675,34.53766182638208,5458600,APO
2019-09-20T00:00:00.000000000,33.986202239990234,34.99577619421398,33.73168491497454,34.656421918407865,6831700,APO
2019-09-23T00:00:00.000000000,34.04560852050781,34.130445520556634,33.417803716644585,33.748672547688734,4279500,APO
2019-09-24T00:00:00.000000000,34.10499572753906,34.817637545236565,33.850481486145135,34.0625772266941,5305500,APO
2019-09-25T00:00:00.000000000,34.24073791503906,34.45283366204865,33.54506412375357,33.858964923156954,1849900,APO
2019-09-26T00:00:00.000000000,34.40192413330078,34.47827871972663,33.99470075113753,34.189828419487185,1491600,APO
2019-09-27T00:00:00.000000000,32.98512268066406,34.690370607677956,32.64576828145884,34.51221100444075,3216200,APO
2019-09-30T00:00:00.000000000,32.08583068847656,33.03601832437565,32.06886264758086,32.99359984029784,2124000,APO
2019-10-01T00:00:00.000000000,31.458036422729492,32.57790148279524,31.381681839710296,32.39973863153471,1681000,APO
2019-10-02T00:00:00.000000000,30.29574203491211,31.38167396954849,29.693391162336468,31.19502876090479,3190500,APO
2019-10-03T00:00:00.000000000,31.28835678100586,31.96706233493067,30.176974211481664,30.236360745179876,3484900,APO
2019-10-04T00:00:00.000000000,31.890697479248047,32.340339156989934,31.37318364982767,31.37318364982767,2611500,APO
2019-10-07T00:00:00.000000000,32.230064392089844,32.54396512577709,31.568323599257038,31.814355390998422,2378200,APO
2019-10-08T00:00:00.000000000,32.11128234863281,32.586377802749276,31.71254469960231,32.00099493311534,2346500,APO
2019-10-09T00:00:00.000000000,32.82392883300781,33.002091677715704,31.559840293910728,32.33186849989993,1246800,APO
2019-10-10T00:00:00.000000000,33.02753829956055,33.120860913043245,32.69666956908416,32.75605609833258,972600,APO
2019-10-11T00:00:00.000000000,32.84938430786133,33.79957217402816,32.84089866719563,33.51112188154419,1641300,APO
2019-10-14T00:00:00.000000000,32.80696105957031,33.00209194997078,32.45912424381166,32.74757452295226,5448500,APO
2019-10-15T00:00:00.000000000,33.42628479003906,33.56202591335976,32.94270683593886,32.97663968952628,1403500,APO
2019-10-16T00:00:00.000000000,33.46869659423828,33.52808312155013,32.85786004323288,33.426278108490244,1133800,APO
2019-10-17T00:00:00.000000000,33.960758209228516,34.09649931083171,33.48566597177892,33.612921434100144,1067300,APO
2019-10-18T00:00:00.000000000,33.90986633300781,34.054089875908424,33.62989841609627,33.87593023950508,971300,APO
2019-10-21T00:00:00.000000000,33.90986633300781,34.24073515384946,33.706253008315414,34.01167137719201,1308500,APO
2019-10-22T00:00:00.000000000,33.78260803222656,34.30860454294438,33.7571575799363,34.03712226410138,872400,APO
2019-10-23T00:00:00.000000000,35.021240234375,35.140013306141725,33.833506280384256,33.833506280384256,2461900,APO
2019-10-24T00:00:00.000000000,34.91944122314453,35.68298715366389,34.656441350115855,35.02973191006934,2587600,APO
2019-10-25T00:00:00.000000000,34.96184539794922,35.23332756505392,34.605526267245324,34.902458876165234,1031700,APO
2019-10-28T00:00:00.000000000,34.995784759521484,35.34362152101169,33.93530643347538,35.11455781422697,2662100,APO
2019-10-29T00:00:00.000000000,34.97032928466797,35.462389474280144,34.783684090510306,34.783684090510306,1004100,APO
2019-10-30T00:00:00.000000000,34.78369140625,35.35210627335601,34.52917723834696,35.03820557415304,2135600,APO
2019-10-31T00:00:00.000000000,34.91944122314453,35.233342000658475,33.8844130142903,34.10499438813991,2138700,APO
2019-11-01T00:00:00.000000000,36.69255447387695,36.95555429529793,34.78369325847295,35.14849810521159,2377200,APO
2019-11-04T00:00:00.000000000,37.09129333496094,37.48154860713849,36.4889391477128,36.955552230015556,2474900,APO
2019-11-05T00:00:00.000000000,37.08281326293945,37.48155423447333,36.726494022582656,37.311877018736126,1553500,APO
2019-11-06T00:00:00.000000000,36.37016677856445,37.27793604199744,36.115652606481774,37.18461666008164,1639300,APO
2019-11-07T00:00:00.000000000,36.11566162109375,37.37975363002349,35.962952432462664,37.32884948837176,2083700,APO
2019-11-08T00:00:00.000000000,35.86114501953125,36.28533646300384,35.47937207314115,35.801758476351,2226300,APO
2019-11-11T00:00:00.000000000,35.99687957763672,36.06474851330856,35.470883189967665,35.71691172264177,1641300,APO
2019-11-12T00:00:00.000000000,36.39562225341797,36.590749902834084,35.682980594700076,36.06475025346183,1765200,APO
2019-11-13T00:00:00.000000000,36.62468338012695,36.6755875124495,35.82720472501466,36.28533220694712,2932900,APO
2019-11-14T00:00:00.000000000,37.07432174682617,37.210062838790414,36.48045325586151,36.650130429897544,1757100,APO
2019-11-15T00:00:00.000000000,37.269447326660156,37.4391244914196,37.09977016190071,37.286415366768374,751300,APO
2019-11-18T00:00:00.000000000,37.07432174682617,37.32883588971876,36.684066511969334,37.32883588971876,1491600,APO
2019-11-19T00:00:00.000000000,36.74821090698242,37.33178855316425,36.56798926519182,37.28029525246081,1353900,APO
2019-11-20T00:00:00.000000000,36.75679397583008,37.2373850103435,36.4564213054783,36.62806236371062,1512800,APO
2019-11-21T00:00:00.000000000,36.362022399902344,36.919855079624064,36.301948514243854,36.76537843827901,638900,APO
2019-11-22T00:00:00.000000000,36.422088623046875,36.7224612619279,36.07022596373751,36.48216249606697,539100,APO
2019-11-25T00:00:00.000000000,37.100074768066406,37.100074768066406,36.28478215395618,36.6194804345176,966000,APO
2019-11-26T00:00:00.000000000,37.12582015991211,37.37469954626934,36.73104799286477,36.773957441668855,2765000,APO
2019-11-27T00:00:00.000000000,37.93252944946289,37.94111002908861,36.99708912877794,37.220220210636164,1448300,APO
2019-11-29T00:00:00.000000000,37.58924865722656,38.07842355760331,37.503429762830315,37.81238302070636,413100,APO
2019-12-02T00:00:00.000000000,36.97134017944336,37.74371994096953,36.3276887412813,37.735139362257456,1642300,APO
2019-12-03T00:00:00.000000000,36.74821090698242,36.79970420768586,36.044485499606864,36.63664372568211,2096900,APO
2019-12-04T00:00:00.000000000,37.53775405883789,37.90677787882764,37.07432422845926,37.24596527013067,1226300,APO
2019-12-05T00:00:00.000000000,38.22431564331055,38.27580566509714,37.5549158960591,37.7265569408359,2311300,APO
2019-12-06T00:00:00.000000000,38.318721771240234,38.85938669050965,38.24148345794733,38.559017290915534,2630700,APO
2019-12-09T00:00:00.000000000,37.6150016784668,38.43887495396779,37.469105611094804,38.20715998139913,1691000,APO
2019-12-10T00:00:00.000000000,38.009765625,38.2758061375966,37.503426337237244,37.58924522379473,2097700,APO
2019-12-11T00:00:00.000000000,38.584754943847656,38.75639597106615,38.06125128403239,38.10416399617223,1808300,APO
2019-12-12T00:00:00.000000000,38.164241790771484,38.62766835602196,37.70939253078289,38.04409404149245,1144100,APO
2019-12-13T00:00:00.000000000,38.11275863647461,38.198577544857585,37.48627143869068,38.1556680906661,874700,APO
2019-12-16T00:00:00.000000000,39.88923263549805,40.24967921462647,38.31872451768603,38.361633967306254,5475500,APO
2019-12-17T00:00:00.000000000,39.811981201171875,40.163843810191366,39.53735688553618,39.90638392350541,2741000,APO
2019-12-18T00:00:00.000000000,40.17243576049805,40.386986254954024,39.57169372126516,39.88064695708669,1900400,APO
2019-12-19T00:00:00.000000000,40.95340347290039,41.43399453271326,40.16385587298044,40.27542305777174,2390600,APO
2019-12-20T00:00:00.000000000,41.40824890136719,41.88025937398408,40.81609066558756,41.06496677194708,12432200,APO
2019-12-23T00:00:00.000000000,40.60153579711914,41.58846608420018,40.60153579711914,41.4597377548143,2267100,APO
2019-12-24T00:00:00.000000000,40.93623733520508,41.05638509515826,40.45564302161142,40.59295521495519,326100,APO
2019-12-26T00:00:00.000000000,41.09070587158203,41.19368917786822,40.73025938890994,41.0306320034334,598100,APO
2019-12-27T00:00:00.000000000,41.25376892089844,41.48548384837572,41.090711723242904,41.11645673503568,607200,APO
2019-12-30T00:00:00.000000000,40.93623733520508,41.356754495041216,40.69593854151779,41.27951618167404,901100,APO
2019-12-31T00:00:00.000000000,40.94481658935547,41.06496434541867,40.60153775400071,40.798923820930376,1220200,APO
2020-01-02T00:00:00.000000000,40.90190887451172,41.26235543173083,40.738851666353646,41.04780492288975,1376400,APO
2020-01-03T00:00:00.000000000,40.60153579711914,40.67019025136881,40.22392484051365,40.46422361483914,1026500,APO
2020-01-06T00:00:00.000000000,40.833255767822266,40.86758136230133,39.76050318805116,40.103782049309274,1374400,APO
2020-01-07T00:00:00.000000000,40.87615966796875,40.996307416789996,40.35265595629278,40.74742806635705,665400,APO
2020-01-08T00:00:00.000000000,41.75153350830078,41.820187973990116,40.55004925781597,40.91049256869269,1499000,APO
2020-01-09T00:00:00.000000000,42.74705123901367,42.91868905387909,41.81161074335868,42.00899684947908,2987200,APO
2020-01-10T00:00:00.000000000,42.79853439331055,43.21047097556782,42.65264161937359,42.91010157406177,1527300,APO
2020-01-13T00:00:00.000000000,43.00450134277344,43.07315579817074,42.06047720926004,42.27502770227026,1726900,APO
2020-01-14T00:00:00.000000000,42.02614974975586,43.13322775638895,42.01756589709993,42.858603399449514,1956500,APO
2020-01-15T00:00:00.000000000,41.88883590698242,42.60972563375159,41.82876203590003,42.09480252961336,1243900,APO
2020-01-16T00:00:00.000000000,42.12056350708008,42.65264792864688,41.957503001758575,42.146308524222874,2973600,APO
2020-01-17T00:00:00.000000000,43.21905517578125,43.510843999776014,42.189212074989086,42.403762584579916,2642500,APO
2020-01-21T00:00:00.000000000,43.56233215332031,44.01718144026167,42.781368462948784,42.987338383761205,1545600,APO
2020-01-22T00:00:00.000000000,44.63508224487305,44.63508224487305,43.81979300654187,43.845538017585405,1543500,APO
2020-01-23T00:00:00.000000000,44.74665832519531,44.87538995360599,44.27464781065832,44.53210779369838,1950800,APO
2020-01-24T00:00:00.000000000,43.776878356933594,44.9869429292627,43.53658286772173,44.74664744005084,1479200,APO
2020-01-27T00:00:00.000000000,42.781368255615234,43.098905351736356,41.562722990871926,42.446670000475336,1759700,APO
2020-01-28T00:00:00.000000000,43.55374526977539,44.00859121710126,42.798526701148376,43.08173489205114,1404100,APO
2020-01-29T00:00:00.000000000,43.905609130859375,44.437693392901444,43.54516590379939,43.78546138850605,2627200,APO
2020-01-30T00:00:00.000000000,40.01795959472656,45.20149711127531,39.88064740767456,44.11158346805171,8452000,APO
2020-01-31T00:00:00.000000000,40.6101188659668,41.20227707451959,38.859385979226985,39.47729247426007,4165500,APO
2020-02-03T00:00:00.000000000,39.42580032348633,41.12503996054237,39.039612026622514,41.0048921994042,3254100,APO
2020-02-04T00:00:00.000000000,40.38698196411133,41.23659999857363,40.00937103876773,40.00937103876773,1985500,APO
2020-02-05T00:00:00.000000000,41.15937042236328,41.270937607934606,40.344077802476384,41.06496767101686,1655500,APO
2020-02-06T00:00:00.000000000,40.37839889526367,41.519808998060356,40.12951955760087,41.502644567140806,2291400,APO
2020-02-07T00:00:00.000000000,40.644447326660156,40.75601450354622,40.12094358178804,40.421312972888025,2052200,APO
2020-02-10T00:00:00.000000000,40.775634765625,40.84560742796747,39.979714082120374,40.66193419403876,2037700,APO
2020-02-11T00:00:00.000000000,40.968074798583984,41.431632218794476,40.696935613970886,41.05553732962992,1409500,APO
2020-02-12T00:00:00.000000000,40.53074264526367,41.1517350940418,40.27709671441718,41.073017506416356,1237300,APO
2020-02-13T00:00:00.000000000,40.0496940612793,40.57447577880129,39.227531810952506,40.55698261001979,2662000,APO
2020-02-14T00:00:00.000000000,39.9797248840332,40.320833363914616,39.83103794110277,40.23337084883567,1524400,APO
2020-02-18T00:00:00.000000000,39.94473648071289,40.224623854770876,39.734825120770545,39.82228763133304,1500700,APO
2020-02-19T00:00:00.000000000,40.73190689086914,40.968059641098684,40.102166223590345,40.452022891296444,1636500,APO
2020-02-20T00:00:00.000000000,40.626949310302734,41.03802703852978,39.99720867270514,40.731904971075565,1256900,APO
2020-02-21T00:00:00.000000000,39.96222686767578,40.71441641747188,39.9447336994851,40.58322266076276,2031500,APO
2020-02-24T00:00:00.000000000,39.288753509521484,39.56864085413993,38.13423114183257,38.53656732295127,2475000,APO
2020-02-25T00:00:00.000000000,37.75813674926758,39.68234182637866,37.661929331420524,39.56864124079198,1978500,APO
2020-02-26T00:00:00.000000000,37.78437805175781,38.18671089907776,37.30332761809434,37.670674130043714,1862300,APO
2020-02-27T00:00:00.000000000,37.00595474243164,38.43161304147276,35.82519081001238,36.927237146937024,2833700,APO
2020-02-28T00:00:00.000000000,36.43743133544922,36.62985282854683,34.79311040215773,35.77270769749071,4728900,APO
2020-03-02T00:00:00.000000000,37.950557708740234,38.07300654466506,36.175042914869145,36.603613840606045,3216500,APO
2020-03-03T00:00:00.000000000,37.44327163696289,38.59779407444283,36.612364477864865,38.07300902510055,2118700,APO
2020-03-04T00:00:00.000000000,37.55696105957031,38.46658553874025,37.137135146833366,38.247926000659774,2476000,APO
2020-03-05T00:00:00.000000000,37.38205337524414,37.79313122801805,36.33248644008099,36.71732620383224,4115200,APO
2020-03-06T00:00:00.000000000,35.422855377197266,36.297493781572506,33.918476253998016,35.921399000772695,3942200,APO
2020-03-09T00:00:00.000000000,29.790185928344727,32.61526763803437,29.60650932354373,31.72313604500383,4771200,APO
2020-03-10T00:00:00.000000000,30.99717903137207,32.16044952986992,28.47822322061259,31.644412818047904,3700200,APO
2020-03-11T00:00:00.000000000,29.6677303314209,31.1108848997789,28.90679592419525,29.755196165658596,3793200,APO
2020-03-12T00:00:00.000000000,26.326616287231445,28.320792448401633,25.801832911319252,26.9388621689287,5056600,APO
2020-03-13T00:00:00.000000000,31.443246841430664,31.78435523688207,26.658974380919254,28.189591371315238,4320000,APO
2020-03-16T00:00:00.000000000,27.244983673095703,30.078811664940574,24.62981526396948,26.23914992623796,4739300,APO
2020-03-17T00:00:00.000000000,27.28871726989746,28.784348052169324,25.364512226776903,27.629825693593094,5416100,APO
2020-03-18T00:00:00.000000000,26.23914909362793,27.183758394268928,17.020460577978035,25.443228371247095,8310400,APO
2020-03-19T00:00:00.000000000,26.1429386138916,28.22457873082922,22.521936535764734,26.02048978403887,4288000,APO
2020-03-20T00:00:00.000000000,23.47529411315918,27.043818615623895,22.653133573737513,26.85139877373385,4638400,APO
2020-03-23T00:00:00.000000000,20.816394805908203,24.017571455303084,20.554003933626188,22.66188250144521,4032300,APO
2020-03-24T00:00:00.000000000,24.035062789916992,25.21582496151622,22.224561571977006,22.35575699810129,5971900,APO
2020-03-25T00:00:00.000000000,30.341205596923828,32.17794828131215,25.443231778183232,25.784340228239135,7012300,APO
2020-03-26T00:00:00.000000000,32.9738655090332,34.76687340740187,30.6823140324957,30.787269697246924,4341200,APO
2020-03-27T00:00:00.000000000,31.014673233032227,31.836835368147266,29.650239624084413,31.32079863908922,2305500,APO
2020-03-30T00:00:00.000000000,31.005929946899414,31.696895039076075,29.055486841113026,30.83100161088905,1831700,APO
2020-03-31T00:00:00.000000000,29.300382614135742,31.15461484833821,28.959274216046826,30.682312709089096,1497000,APO
2020-04-01T00:00:00.000000000,26.204164505004883,27.691050386579782,25.871802661721233,27.691050386579782,2956400,APO
2020-04-02T00:00:00.000000000,27.087549209594727,27.94469606395904,25.618158176913617,25.906788766863155,1534800,APO
2020-04-03T00:00:00.000000000,27.918460845947266,28.749366415812993,26.37909689352084,27.078807022696243,1773200,APO
2020-04-06T00:00:00.000000000,31.417009353637695,32.15170573437768,29.212923547898427,29.212923547898427,4103000,APO
2020-04-07T00:00:00.000000000,30.682310104370117,33.98844148084731,30.411171057288442,33.962203402138755,2998400,APO
2020-04-08T00:00:00.000000000,32.597774505615234,33.16628748007245,30.656076134114507,31.12838168444941,2864400,APO
2020-04-09T00:00:00.000000000,34.2508430480957,35.77271548488857,33.27124887599422,34.102156106683616,3831900,APO
2020-04-13T00:00:00.000000000,31.600685119628906,33.90972987362744,30.551118412407597,33.76978786842997,3226500,APO
2020-04-14T00:00:00.000000000,31.801856994628906,34.11090214441378,31.49573151195701,32.973872740229545,2563300,APO
2020-04-15T00:00:00.000000000,29.75519371032715,31.504470212969686,29.58901364370896,30.612338796244373,2219700,APO
2020-04-16T00:00:00.000000000,31.775615692138672,31.941795792332837,29.440329354306648,29.89514173726421,1409900,APO
2020-04-17T00:00:00.000000000,33.997196197509766,34.189617727467684,33.01760205100585,33.201275327885156,1976100,APO
2020-04-20T00:00:00.000000000,32.597774505615234,33.64734128308808,32.39660806820906,32.7989409430214,1845400,APO
2020-04-21T00:00:00.000000000,31.04966163635254,32.07298691130758,30.481145370390486,31.644415985319426,1914800,APO
2020-04-22T00:00:00.000000000,31.59193992614746,32.30914318928151,31.35578714392319,32.01176598238586,1888700,APO
2020-04-23T00:00:00.000000000,33.27997970581055,34.25957346326193,31.670645436043454,31.906798128161846,1884300,APO
2020-04-24T00:00:00.000000000,34.05841827392578,34.119642695329205,33.00010660511718,33.726058082444546,861300,APO
2020-04-27T00:00:00.000000000,36.19253921508789,36.68233460118262,34.4520072690533,34.4520072690533,2232500,APO
2020-04-28T00:00:00.000000000,35.52781295776367,37.37330062385257,35.25667717320714,37.27708986037216,2612200,APO
2020-04-29T00:00:00.000000000,37.591957092285156,37.94181377813533,36.166295601694586,36.75230505002152,1756800,APO
2020-04-30T00:00:00.000000000,35.41410827636719,36.86600780459738,35.07299651706158,36.86600780459738,2499200,APO
2020-05-01T00:00:00.000000000,34.6006965637207,35.239182200114726,30.62983739728919,32.44033863190148,4026000,APO
2020-05-04T00:00:00.000000000,34.941802978515625,35.16920748295272,33.02634284413001,33.93596753483949,2605500,APO
2020-05-05T00:00:00.000000000,35.772708892822266,36.81352730035175,35.16046139690121,35.431597142801934,2551400,APO
2020-05-06T00:00:00.000000000,36.454933166503906,36.813534820204694,35.60653274871964,36.14006277077032,1895400,APO
2020-05-07T00:00:00.000000000,37.609458923339844,37.70566970093425,36.62111639416287,36.75231351569731,1539300,APO
2020-05-08T00:00:00.000000000,38.42285919189453,38.63277050675709,37.67066975126327,38.125482048772405,1757700,APO
2020-05-11T00:00:00.000000000,39.4286994934082,39.63861083469635,37.714405744991744,38.29166693825506,3816200,APO
2020-05-12T00:00:00.000000000,38.62403106689453,39.848526144251636,38.615286151069135,39.64735971546081,3232400,APO
2020-05-13T00:00:00.000000000,36.43743133544922,38.387874338232066,35.4315959588685,38.16046984896425,2985200,APO
2020-05-14T00:00:00.000000000,36.53365707397461,36.53365707397461,34.60070644431008,34.9855462519481,2118000,APO
2020-05-15T00:00:00.000000000,35.95051574707031,36.16256255002548,35.173018667097075,35.51759177282583,1274900,APO
2020-05-18T00:00:00.000000000,38.442047119140625,39.05167955738721,37.38182323941869,37.38182323941869,1491500,APO
2020-05-19T00:00:00.000000000,38.21233367919922,39.17537297494643,38.176991983670796,38.45971880715901,1415500,APO
2020-05-20T00:00:00.000000000,39.749671936035156,40.22677144267241,38.892654179599795,39.316744502371954,1075100,APO
2020-05-21T00:00:00.000000000,39.72315216064453,40.32394744849655,38.73360836845208,39.92636183589311,1117300,APO
2020-05-22T00:00:00.000000000,39.94404220581055,40.26211077172961,39.502281057671865,39.6348107502615,1493400,APO
2020-05-26T00:00:00.000000000,42.06449508666992,42.37372652767536,40.774553403661635,41.136797393283686,1888000,APO
2020-05-27T00:00:00.000000000,42.126338958740234,43.35443428311077,41.622731572061234,43.10704914449505,1678700,APO
2020-05-28T00:00:00.000000000,41.70225143432617,43.23957828257236,41.54321715756002,42.57693658617005,2103700,APO
2020-05-29T00:00:00.000000000,42.0556526184082,42.78897761417383,41.40184812062076,41.71991663105552,9712100,APO
2020-06-01T00:00:00.000000000,42.629947662353516,43.19540135115457,41.77293001943138,41.870118004138405,1793000,APO
2020-06-02T00:00:00.000000000,44.02590560913086,44.02590560913086,42.303036928170826,43.06286643456944,2125100,APO
2020-06-03T00:00:00.000000000,45.589752197265625,45.66043560348588,44.03475433449352,44.176117776563714,1868300,APO
2020-06-04T00:00:00.000000000,45.34235763549805,45.36886222216203,43.97289894182162,45.209827961438876,1393900,APO
2020-06-05T00:00:00.000000000,46.959205627441406,48.46119065033285,46.093350917514066,46.19053889742651,2895800,APO
2020-06-08T00:00:00.000000000,46.66764831542969,47.65719236254896,45.89014773607947,47.65719236254896,2027000,APO
2020-06-09T00:00:00.000000000,46.00501251220703,46.5262908790419,44.821092325007704,45.616263857593296,1184500,APO
2020-06-10T00:00:00.000000000,44.900604248046875,46.01384426399162,44.66205281605872,45.969665451483664,1341000,APO
2020-06-11T00:00:00.000000000,41.58738708496094,43.18656338033791,41.55204539028123,42.462075491251426,1979900,APO
2020-06-12T00:00:00.000000000,43.486968994140625,43.77852960262405,41.59623179793801,43.283759268138205,2120100,APO
2020-06-15T00:00:00.000000000,45.31585693359375,45.801793496185546,42.05565767965388,42.31187994060279,1861600,APO
2020-06-16T00:00:00.000000000,46.8001708984375,47.36562455371769,45.88130702342238,47.12707316095205,2017200,APO
2020-06-17T00:00:00.000000000,46.84435272216797,47.1270795883677,46.349579021133394,46.78250643083491,1454700,APO
2020-06-18T00:00:00.000000000,48.00176239013672,48.549545206397546,46.07568373869703,46.48210313881411,1680400,APO
2020-06-19T00:00:00.000000000,46.897369384765625,48.938303918417006,46.649980827375764,48.92063306643413,1798200,APO
2020-06-22T00:00:00.000000000,45.651588439941406,46.711815707188585,45.103805643838704,46.38491345133031,1698400,APO
2020-06-23T00:00:00.000000000,45.33352279663086,46.65880602358363,44.99778343543269,46.19937410046232,1603100,APO
2020-06-24T00:00:00.000000000,43.74318313598633,45.474889229140544,43.195400309466706,44.99778642683164,1426400,APO
2020-06-25T00:00:00.000000000,43.76969909667969,45.01546550578463,42.84200128060075,43.12472816987489,2311100,APO
2020-06-26T00:00:00.000000000,40.85407257080078,43.955234355967505,40.200264586864755,43.3367680728648,12956900,APO
2020-06-29T00:00:00.000000000,42.303043365478516,42.47091136810486,39.8556864967836,41.00426466874783,1708800,APO
2020-06-30T00:00:00.000000000,44.10542297363281,44.39698689339663,42.152839881339254,42.152839881339254,2218500,APO
2020-07-01T00:00:00.000000000,44.317481994628906,45.25401692122401,43.22191277162387,44.38816540208682,1367500,APO
2020-07-02T00:00:00.000000000,44.096595764160156,45.324691163582095,43.5311420582712,45.16565688750458,2182000,APO
2020-07-06T00:00:00.000000000,44.299800872802734,45.58974242653091,44.211450004332974,45.23633558228229,945300,APO
2020-07-07T00:00:00.000000000,43.31026077270508,44.25562930344348,43.23074363599017,43.858043619868944,1164200,APO
2020-07-08T00:00:00.000000000,44.48533630371094,44.5471825809658,43.345595358321766,43.345595358321766,1372600,APO
2020-07-09T00:00:00.000000000,44.087764739990234,44.36165449981649,41.79060470536755,44.36165449981649,2462000,APO
2020-07-10T00:00:00.000000000,44.25562286376953,44.29979829543428,43.115878526824346,44.22028117028998,871300,APO
2020-07-13T00:00:00.000000000,43.46929931640625,45.16566057247566,43.40745302292686,44.63554852254652,1075100,APO
2020-07-14T00:00:00.000000000,44.80341339111328,44.85642594051431,43.27492027226832,43.46045913961696,846000,APO
2020-07-15T00:00:00.000000000,45.81062698364258,46.00500295575774,45.08613901350229,45.51022928599637,1047600,APO
2020-07-16T00:00:00.000000000,45.254005432128906,45.69576650547536,44.370483285436,45.589741421206156,798000,APO
2020-07-17T00:00:00.000000000,45.78413009643555,46.005010694496455,45.13032541358271,45.43071979138991,590400,APO
2020-07-20T00:00:00.000000000,45.607418060302734,45.92548661276305,45.11264775235996,45.757618596906745,1192900,APO
2020-07-21T00:00:00.000000000,47.224273681640625,47.259615387074035,45.63393401121296,45.94316550782898,1383700,APO
2020-07-22T00:00:00.000000000,46.99454116821289,47.69252446406192,46.71181435451673,46.879685717277845,517200,APO
2020-07-23T00:00:00.000000000,46.47327423095703,47.93992119616721,46.18171360824341,46.90620166513216,802300,APO
2020-07-24T00:00:00.000000000,45.96083068847656,46.44676728191922,45.6692667101889,46.349579289156665,394500,APO
2020-07-27T00:00:00.000000000,46.058013916015625,46.075684764723306,45.28051342472654,45.94315508460059,717400,APO
2020-07-28T00:00:00.000000000,46.058013916015625,46.72065557588967,45.58091111201757,45.73994538001692,626100,APO
2020-07-29T00:00:00.000000000,47.736698150634766,47.860390705806196,46.23471327170241,46.35840582687384,905400,APO
2020-07-30T00:00:00.000000000,44.65321350097656,47.6130115694985,44.28213241853313,47.38329727683906,1667700,APO
2020-07-31T00:00:00.000000000,43.38093948364258,45.08613763118164,42.54159607423166,44.56485938861214,2482600,APO
2020-08-03T00:00:00.000000000,43.875709533691406,44.24679058674212,42.868494828848696,43.548807284133744,1897000,APO
2020-08-04T00:00:00.000000000,43.34559631347656,43.84920365100319,42.64761303151181,43.58414768973171,1359000,APO
2020-08-05T00:00:00.000000000,43.63717269897461,44.255639080008926,43.50464635541981,43.50464635541981,870600,APO
2020-08-06T00:00:00.000000000,42.92151641845703,44.05242392258305,42.470918142652295,43.50464102156829,983600,APO
2020-08-07T00:00:00.000000000,43.098209381103516,43.54880756482876,42.629943720310585,42.629943720310585,1122000,APO
2020-08-10T00:00:00.000000000,43.08938217163086,43.486967873288094,42.64762102987172,43.098215911503225,1003100,APO
2020-08-11T00:00:00.000000000,42.20586013793945,43.60182360156897,41.90546242495031,43.49580187062281,1747500,APO
2020-08-12T00:00:00.000000000,42.49741744995117,43.69017446962489,42.35605402951241,42.56810084535545,909400,APO
2020-08-13T00:00:00.000000000,42.84199142456055,43.230739965286126,42.37372238350223,42.37372238350223,894100,APO
2020-08-14T00:00:00.000000000,42.29420471191406,42.89500004830402,42.22352469194618,42.73596579041435,1041400,APO
2020-08-17T00:00:00.000000000,43.32969665527344,43.561786646835635,42.37455118095315,42.66020197298018,1298700,APO
2020-08-18T00:00:00.000000000,42.75839614868164,43.60642004344148,42.713760444556485,43.588569848062775,839600,APO
2020-08-19T00:00:00.000000000,42.5709342956543,43.31184338419666,42.54415559783144,43.0083389897087,804800,APO
2020-08-20T00:00:00.000000000,41.6425666809082,42.46381177937547,41.419401807817,42.36561869037922,945500,APO
2020-08-21T00:00:00.000000000,41.981773376464844,42.33883852308528,41.65149032923759,41.65149032923759,547600,APO
2020-08-24T00:00:00.000000000,40.6695671081543,42.01748142377582,40.30357685780204,42.01748142377582,2184000,APO
2020-08-25T00:00:00.000000000,40.78561782836914,40.946296836391646,40.116123096684134,40.83025353466251,1614400,APO
2020-08-26T00:00:00.000000000,41.86574172973633,42.33885028600951,40.83918170191453,40.901667609149605,1035700,APO
2020-08-27T00:00:00.000000000,42.222801208496094,42.59772003616111,41.83003218424232,41.85681088435183,908300,APO
2020-08-28T00:00:00.000000000,41.58901596069336,42.490600768097245,40.88381397363125,42.41026125811261,968700,APO
2020-08-31T00:00:00.000000000,41.838951110839844,42.312062976085784,41.59793262972796,41.59793262972796,790800,APO
2020-09-01T00:00:00.000000000,42.99940490722656,43.052965701148146,41.78539089203462,42.00855575886945,1090500,APO
2020-09-02T00:00:00.000000000,43.2672119140625,43.41003731389436,42.17816611207827,43.061900614630844,1062700,APO
2020-09-03T00:00:00.000000000,41.4283332824707,43.14224154239036,41.17838967580114,42.97263403338494,1534600,APO
2020-09-04T00:00:00.000000000,41.60686492919922,42.231727336677714,40.58923351955839,41.865737033118705,704100,APO
2020-09-08T00:00:00.000000000,39.84832763671875,40.66957631440403,39.32165828843269,40.42855779177552,1318600,APO
2020-09-09T00:00:00.000000000,40.464256286621094,40.839171637638614,39.384135716539326,40.16967702062814,772500,APO
2020-09-10T00:00:00.000000000,40.17860794067383,41.3479932670897,40.16075774489832,40.7142057550467,757000,APO
2020-09-11T00:00:00.000000000,39.92866516113281,40.83917839965389,39.857254160878405,40.44640938518895,935500,APO
2020-09-14T00:00:00.000000000,40.54459762573242,40.705276627055035,39.84832422348519,40.00900322480781,2004200,APO
2020-09-15T00:00:00.000000000,40.48210525512695,41.231939339703395,40.098261413901774,40.83024530582991,923400,APO
2020-09-16T00:00:00.000000000,40.642784118652344,41.49973978810835,40.35713336390887,40.660637716477005,1097200,APO
2020-09-17T00:00:00.000000000,39.696571350097656,40.16967982278257,38.89317639155163,39.90188263834254,1371500,APO
2020-09-18T00:00:00.000000000,39.8751106262207,40.22325079983452,39.669799286023924,40.00008585546061,2158900,APO
2020-09-21T00:00:00.000000000,39.009220123291016,39.50018215833822,38.19690012923817,38.839612642023766,1528100,APO
2020-09-22T00:00:00.000000000,39.57160186767578,39.71442726806287,38.42007016161515,39.18775796565557,1435100,APO
2020-09-23T00:00:00.000000000,39.21453094482422,40.3035765922095,39.21453094482422,39.58052119276467,745000,APO
2020-09-24T00:00:00.000000000,38.250465393066406,39.14312506063133,37.66131014868262,39.00922815363243,1674000,APO
2020-09-25T00:00:00.000000000,39.91974639892578,40.10720413522553,38.161205544959174,38.20583785285528,1592900,APO
2020-09-28T00:00:00.000000000,41.33013916015625,41.59793636145142,40.455333153138085,40.69635165587159,1152800,APO
2020-09-29T00:00:00.000000000,40.48210525512695,41.8210944486402,40.4731801588028,41.446179108964785,859700,APO
2020-09-30T00:00:00.000000000,39.94651794433594,40.70527725828312,39.47340943600837,40.44640855678336,1241700,APO
2020-10-01T00:00:00.000000000,41.981773376464844,42.25849903535696,40.348208332956546,40.41961931914526,1476300,APO
2020-10-02T00:00:00.000000000,42.25850296020508,42.74946502848811,40.74990955633243,40.74990955633243,742200,APO
2020-10-05T00:00:00.000000000,42.92799758911133,43.070822979882216,42.37454962552739,42.669125504206,930400,APO
2020-10-06T00:00:00.000000000,41.52653121948242,42.94586033224479,41.4015594016033,42.79410640680111,884500,APO
2020-10-07T00:00:00.000000000,41.06233596801758,42.088895729308284,40.66956702376995,41.36584032659891,1099400,APO
2020-10-08T00:00:00.000000000,41.91036605834961,42.12460244089175,41.374768291542445,41.49974348745558,656900,APO
2020-10-09T00:00:00.000000000,41.55330276489258,42.740541640713595,41.5443776673927,42.320990548472174,804200,APO
2020-10-12T00:00:00.000000000,39.187747955322266,41.62470764235636,39.16096585849807,41.55329325779223,2298500,APO
2020-10-13T00:00:00.000000000,38.50040054321289,39.05384841297365,37.13462935744595,38.848537161372484,3082600,APO
2020-10-14T00:00:00.000000000,38.366512298583984,39.393072283599,38.35758720016253,38.77713493049943,1543800,APO
2020-10-15T00:00:00.000000000,38.420066833496094,38.66108531425111,37.66130419292086,37.866615475365684,1104400,APO
2020-10-16T00:00:00.000000000,36.117008209228516,38.884255135757684,35.67960689265112,38.41114321110752,3409100,APO
2020-10-19T00:00:00.000000000,34.795875549316406,36.29554415445247,34.62627142804536,36.26876545246931,2402600,APO
2020-10-20T00:00:00.000000000,35.893836975097656,36.31338802155688,35.027959592601356,35.304681852839835,1670200,APO
2020-10-21T00:00:00.000000000,36.83113098144531,38.14334158990637,35.643895568496745,35.643895568496745,6425600,APO
2020-10-22T00:00:00.000000000,36.27768325805664,36.99181021092667,36.170565066432616,36.79542742715361,2027300,APO
2020-10-23T00:00:00.000000000,36.73294448852539,36.77757678819271,35.90277077485372,36.59904418429724,1297900,APO
2020-10-26T00:00:00.000000000,35.84920883178711,36.938254616204354,35.688529833914856,36.732943320084495,1872100,APO
2020-10-27T00:00:00.000000000,35.8759880065918,36.28661400951607,35.54570490889773,35.893841607173385,1072100,APO
2020-10-28T00:00:00.000000000,34.715538024902344,35.34040054700754,34.34954765420494,35.12616070320152,1475100,APO
2020-10-29T00:00:00.000000000,33.79610061645508,35.51000580015821,33.02841264262796,34.56378859028219,2567400,APO
2020-10-30T00:00:00.000000000,32.903438568115234,34.37632509628716,32.44818019369312,33.84073061426586,2489100,APO
2020-11-02T00:00:00.000000000,34.29597473144531,34.70660066997217,33.3497578855968,33.367611483378454,1304600,APO
2020-11-03T00:00:00.000000000,35.09938430786133,35.286842055252286,34.12638495515925,34.85836574468995,1261600,APO
2020-11-04T00:00:00.000000000,36.35802459716797,37.170344685738534,34.98332801490206,35.60819040731621,1730200,APO
2020-11-05T00:00:00.000000000,37.22391128540039,38.33973594380432,36.75079931468302,37.09893946849541,1191700,APO
2020-11-06T00:00:00.000000000,37.18819808959961,38.04515047197992,36.77757549869563,38.01837177416369,882300,APO
2020-11-09T00:00:00.000000000,39.27701950073242,39.9375890542714,38.187973779448924,39.25024080438148,2974800,APO
2020-11-10T00:00:00.000000000,39.241310119628906,39.589446773732384,38.250457547041655,38.875319867209136,857300,APO
2020-11-11T00:00:00.000000000,38.268314361572266,39.6340858031349,37.96480997513901,39.55374630657239,1319500,APO
2020-11-12T00:00:00.000000000,38.22368240356445,39.027077376313066,37.80413131721507,38.11656420893998,948100,APO
2020-11-13T00:00:00.000000000,39.49126052856445,39.69657181923573,38.59860096639752,38.59860096639752,809100,APO
2020-11-16T00:00:00.000000000,40.48210525512695,40.642784230766594,39.518034806514734,40.14289711119937,1288800,APO
2020-11-17T00:00:00.000000000,40.857025146484375,40.90165743980875,39.562668208723196,40.00899795241838,1393800,APO
2020-11-18T00:00:00.000000000,40.49996566772461,41.08912087579557,40.285729267640356,40.94629547399734,960200,APO
2020-11-19T00:00:00.000000000,40.35551834106445,41.00553776002783,39.80480490932079,40.5360806300862,1336900,APO
2020-11-20T00:00:00.000000000,38.983253479003906,40.25621274413931,38.86588746337028,40.193016453553405,1253900,APO
2020-11-23T00:00:00.000000000,40.08467483520508,40.32842995394321,39.100614020221926,39.4165954289114,897300,APO
2020-11-24T00:00:00.000000000,41.14998245239258,41.35762783955522,40.43676344174358,40.626352259074004,1526700,APO
2020-11-25T00:00:00.000000000,39.59715270996094,41.240262715550585,39.31728103764717,41.240262715550585,1994400,APO
2020-11-27T00:00:00.000000000,39.606178283691406,40.3916235703879,39.552012018359605,39.73257082805033,1695300,APO
2020-11-30T00:00:00.000000000,39.38048553466797,39.71452698735838,38.72143608218533,39.57910440449045,1712200,APO
2020-12-01T00:00:00.000000000,40.90623092651367,40.96942720977296,39.82286065873589,39.904113514917704,1426700,APO
2020-12-02T00:00:00.000000000,41.52915954589844,41.60138582428614,40.38259320603254,40.933306524953956,1247600,APO
2020-12-03T00:00:00.000000000,42.09793472290039,42.96462950879883,41.565277906661755,41.727783609510084,1318100,APO
2020-12-04T00:00:00.000000000,43.786190032958984,43.80424660707004,42.206275959604795,42.26947224702381,899600,APO
2020-12-07T00:00:00.000000000,43.596595764160156,43.97577344165133,42.97365608836903,43.41603348938101,1465000,APO
2020-12-08T00:00:00.000000000,43.62368392944336,43.95772193773626,43.18130992136831,43.190336486375436,1535000,APO
2020-12-09T00:00:00.000000000,42.38683319091797,44.11119620713418,41.92639921596313,44.029943355315034,983500,APO
2020-12-10T00:00:00.000000000,42.910465240478516,42.991718102217334,41.655562610020716,41.98960062208503,1016900,APO
2020-12-11T00:00:00.000000000,43.244503021240234,43.60562414188025,42.35974818241536,42.72087274699445,618200,APO
2020-12-14T00:00:00.000000000,43.18130874633789,44.02091702672666,43.06394274080299,43.61465617761376,1202700,APO
2020-12-15T00:00:00.000000000,43.62368392944336,43.95772193773626,43.2535327732433,43.78618965108625,845400,APO
2020-12-16T00:00:00.000000000,44.535526275634766,44.59872256860891,43.226453810996674,43.95772618510882,1161100,APO
2020-12-17T00:00:00.000000000,44.27370071411133,44.68899152598934,43.56950820273246,44.55356896197139,1271100,APO
2020-12-18T00:00:00.000000000,43.13616943359375,44.63483072507824,42.79310483906638,44.544551293663574,1890500,APO
2020-12-21T00:00:00.000000000,42.215301513671875,43.10908296909744,41.76389750352426,42.63059582040154,1240000,APO
2020-12-22T00:00:00.000000000,43.27159118652344,43.4611800551858,42.242390534996915,42.278503684439116,1720200,APO
2020-12-23T00:00:00.000000000,43.47922897338867,44.093138630041224,42.97365530204572,43.56950838715686,1259300,APO
2020-12-24T00:00:00.000000000,44.31883239746094,44.363972095982014,43.11809644195857,43.406998089157575,458300,APO
2020-12-28T00:00:00.000000000,43.659793853759766,44.815386949951815,43.20838987006736,44.78830381299078,968800,APO
2020-12-29T00:00:00.000000000,43.39797592163086,44.01188557542888,43.00976824514274,43.76812702666153,480800,APO
2020-12-30T00:00:00.000000000,43.85841751098633,44.53552356066565,43.53340605610994,43.53340605610994,606500,APO
2020-12-31T00:00:00.000000000,44.21953582763672,44.45426783837084,43.46117696300361,43.87646782022337,487900,APO
2021-01-04T00:00:00.000000000,43.127140045166016,44.318846370322824,42.982690897993656,44.2195369359032,1064700,APO
2021-01-05T00:00:00.000000000,43.461181640625,44.020921701640276,43.136170171667864,43.40701535842522,655500,APO
2021-01-06T00:00:00.000000000,42.883384704589844,44.0480079789021,41.93543688938156,43.280619028350955,1782000,APO
2021-01-07T00:00:00.000000000,42.34170150756836,43.40701534712172,41.93543717147774,43.298675894871145,1283700,APO
2021-01-08T00:00:00.000000000,42.3958625793457,43.569512282969676,41.86320572503201,42.88337972273909,1248000,APO
2021-01-11T00:00:00.000000000,42.84726333618164,43.569508988105646,42.01668169745376,42.368776237520535,1047600,APO
2021-01-12T00:00:00.000000000,42.41392517089844,43.072974686881636,42.21530628193869,43.018808403666924,839400,APO
2021-01-13T00:00:00.000000000,42.55836486816406,42.811149984121734,41.92639863433097,42.5764214398666,1847500,APO
2021-01-14T00:00:00.000000000,43.52436828613281,43.894519389532654,42.64864695990715,43.03685119074604,963500,APO
2021-01-15T00:00:00.000000000,43.28963851928711,43.31672165361701,42.44099690827018,43.063936549367924,648900,APO
2021-01-19T00:00:00.000000000,43.506317138671875,44.08411716298227,43.28964514300234,43.741049151909685,562800,APO
2021-01-20T00:00:00.000000000,43.37992477416992,43.62368335341555,43.33478506185169,43.524373919951856,482700,APO
2021-01-21T00:00:00.000000000,43.16325759887695,43.71396766097757,43.0007518612277,43.33478990242243,458600,APO
2021-01-22T00:00:00.000000000,41.91737365722656,43.4340912982656,41.8993170848405,43.235472445957924,1104300,APO
2021-01-25T00:00:00.000000000,41.420833587646484,41.99863017870293,41.35763730074589,41.736815022149436,1522300,APO
2021-01-26T00:00:00.000000000,44.40010070800781,44.788308449687506,42.69379402403586,43.4250663492013,4533000,APO
2021-01-27T00:00:00.000000000,42.95560836791992,45.20359846789572,42.35072518785465,43.82230326323735,2815500,APO
2021-01-28T00:00:00.000000000,43.38895034790039,43.69590518180335,42.23335385582746,42.973656082780664,1300600,APO
2021-01-29T00:00:00.000000000,41.474998474121094,43.61465592376247,41.46597190941213,43.199361624426736,1467400,APO
2021-02-01T00:00:00.000000000,43.009765625,43.262550722127045,41.664583850786904,41.82708954006533,1353300,APO
2021-02-02T00:00:00.000000000,44.13827896118164,44.84246804156187,43.03685218914985,43.18130476352418,1325600,APO
2021-02-03T00:00:00.000000000,45.24873733520508,45.80848079141151,43.75910615747073,45.3570767780485,2634300,APO
2021-02-04T00:00:00.000000000,45.99806213378906,46.06125840981763,44.76121630359433,45.68207730970745,1703900,APO
2021-02-05T00:00:00.000000000,45.763336181640625,46.223770189255134,45.36610190231409,46.223770189255134,1315800,APO
2021-02-08T00:00:00.000000000,45.989036560058594,46.29599140633516,45.34804373057899,46.20571198728756,1299800,APO
2021-02-09T00:00:00.000000000,45.68208312988281,46.14251713554022,45.54666399711354,45.98001142106574,1237400,APO
2021-02-10T00:00:00.000000000,46.819618225097656,46.94601078001363,45.71819148550614,46.07931602292793,1519900,APO
2021-02-11T00:00:00.000000000,45.58277893066406,46.96407411391653,45.43832978368302,46.95504410501435,1553100,APO
2021-02-12T00:00:00.000000000,46.45850372314453,46.521700014253504,45.239714172969066,45.3209670392434,744100,APO
2021-02-16T00:00:00.000000000,46.51266098022461,46.9369817730161,45.925834498446534,46.85572892852281,975200,APO
2021-02-17T00:00:00.000000000,46.90087127685547,46.946010983243895,45.88069738157056,46.494607031481934,614500,APO
2021-02-18T00:00:00.000000000,46.6907958984375,47.03787243762518,46.12451569126353,46.58119406444436,1505000,APO
2021-02-19T00:00:00.000000000,47.33928298950195,47.84162851540196,46.93740378143829,46.98307092303292,2301700,APO
2021-02-22T00:00:00.000000000,46.581207275390625,47.12008804794373,46.45333785210352,46.81867856375517,1165000,APO
2021-02-23T00:00:00.000000000,46.09712219238281,46.69080206542427,45.34816984017794,46.68167002979346,851000,APO
2021-02-24T00:00:00.000000000,46.590328216552734,46.65426639714938,45.21116099989792,45.6952389825351,984500,APO
2021-02-25T00:00:00.000000000,44.64487838745117,46.882603095316284,44.35260450964294,46.809532883774494,1076200,APO
2021-02-26T00:00:00.000000000,45.17462921142578,45.49430620117897,43.79546189343542,44.690551193220536,1282400,APO
2021-03-01T00:00:00.000000000,46.01492691040039,46.60860687343795,45.722652947389186,45.987523830994014,760300,APO
2021-03-02T00:00:00.000000000,45.603912353515625,46.024055710270495,45.21116859005948,45.89618629596947,588200,APO
2021-03-03T00:00:00.000000000,46.042320251464844,46.57206891507701,45.2477007402266,46.39852887773785,1580300,APO
2021-03-04T00:00:00.000000000,45.265968322753906,46.29805909072517,44.325208365123636,46.02405272298218,597900,APO
2021-03-05T00:00:00.000000000,45.265968322753906,45.75917839101928,43.55798844493527,45.64957654075809,1021300,APO
2021-03-08T00:00:00.000000000,43.3479118347168,46.16105238252194,42.608095074632935,45.48516683396499,9803300,APO
2021-03-09T00:00:00.000000000,41.804344177246094,43.78632690416993,41.70387436451172,43.38445113741236,5882900,APO
2021-03-10T00:00:00.000000000,41.58513259887695,42.74509611420109,41.466398727455584,42.215350999683835,3861200,APO
2021-03-11T00:00:00.000000000,43.68585968017578,43.95073051792463,41.466402262430734,42.04181456763881,5367900,APO
2021-03-12T00:00:00.000000000,43.91420364379883,44.471348454245266,43.1104485556072,44.10600776628925,3361800,APO
2021-03-15T00:00:00.000000000,44.57181167602539,45.04675763580499,43.786324261166044,44.24300266662569,4817800,APO
2021-03-16T00:00:00.000000000,43.90506362915039,45.12896195109644,43.813729337555266,44.54441412285592,2703300,APO
2021-03-17T00:00:00.000000000,44.01466751098633,44.2795418467109,43.51232191562665,43.71326154744254,3675600,APO
2021-03-18T00:00:00.000000000,43.329654693603516,44.73622530551886,43.11045096541282,43.777201155278554,3342000,APO
2021-03-19T00:00:00.000000000,43.19264602661133,43.43011727321918,42.699432494218264,43.037373551222466,5285700,APO
2021-03-22T00:00:00.000000000,45.138099670410156,45.603913675068675,42.92777748102763,42.92777748102763,5544700,APO
2021-03-23T00:00:00.000000000,44.86409378051758,45.27510511742367,44.50788511659241,45.27510511742367,4285800,APO
2021-03-24T00:00:00.000000000,43.53972244262695,45.768315543924125,43.52145837041512,44.99196007607645,1995100,APO
2021-03-25T00:00:00.000000000,42.90037536621094,43.576257531440994,42.19709012431796,43.44838812094775,3717100,APO
2021-03-26T00:00:00.000000000,42.644630432128906,43.08304130572764,41.58513661655365,43.08304130572764,3899900,APO
2021-03-29T00:00:00.000000000,42.46195602416992,42.863831732138884,41.51206418622936,41.93220744694865,2914600,APO
2021-03-30T00:00:00.000000000,43.06477737426758,43.93246360456025,42.160552549165004,42.160552549165004,2228900,APO
2021-03-31T00:00:00.000000000,42.93690872192383,43.77719892839159,42.927776685455605,43.06478162174086,2076200,APO
2021-04-01T00:00:00.000000000,43.85026550292969,43.859401023542816,43.20178290660768,43.59452667264613,1923500,APO
2021-04-05T00:00:00.000000000,43.548851013183594,44.28867125018337,43.53971549435544,44.197333482799685,1854000,APO
2021-04-06T00:00:00.000000000,43.65845489501953,43.850258989240864,43.311378331062066,43.42098365705689,1478500,APO
2021-04-07T00:00:00.000000000,42.97343826293945,43.758925696187326,42.76336660961174,43.4940513786168,2998900,APO
2021-04-08T00:00:00.000000000,42.525901794433594,43.366188534761534,42.50763423692468,43.366188534761534,2225100,APO
2021-04-09T00:00:00.000000000,42.955169677734375,43.019104375727345,42.315822697804705,42.315822697804705,2138900,APO
2021-04-12T00:00:00.000000000,43.43925476074219,43.4666543523898,42.644631761161165,42.644631761161165,1970500,APO
2021-04-13T00:00:00.000000000,43.265716552734375,43.41185352133695,42.70856827113074,43.38445392853027,1796400,APO
2021-04-14T00:00:00.000000000,45.18376541137695,45.71351058347107,43.35705167390214,43.39358330067488,4158800,APO
2021-04-15T00:00:00.000000000,45.887046813964844,45.932713956779516,45.22029328898794,45.49430311423529,2754700,APO
2021-04-16T00:00:00.000000000,47.10181427001953,47.16574897322061,46.0331883872186,46.124522682025855,2898500,APO
2021-04-19T00:00:00.000000000,47.028743743896484,47.36668478848575,46.873471274211866,47.028743743896484,1834800,APO
2021-04-20T00:00:00.000000000,46.873470306396484,46.983072145912224,45.82310860148338,46.983072145912224,1894700,APO
2021-04-21T00:00:00.000000000,47.768558502197266,47.814225643983754,46.380255789974676,46.800402553277266,2070100,APO
2021-04-22T00:00:00.000000000,48.143035888671875,48.36224305278606,47.52195298855798,48.28917283668811,2209900,APO
2021-04-23T00:00:00.000000000,48.581443786621094,48.84631807764403,48.024299101469374,48.22523521519413,1904500,APO
2021-04-26T00:00:00.000000000,49.80534744262695,49.86928214278546,48.818923865767246,49.001595930868625,2500000,APO
2021-04-27T00:00:00.000000000,50.389896392822266,50.39903191258097,49.82361611407976,50.23462739872348,2110900,APO
2021-04-28T00:00:00.000000000,50.609107971191406,50.992719698259016,50.143297464230976,50.23463176467648,1904300,APO
2021-04-29T00:00:00.000000000,50.718711853027344,51.412865107169495,50.07936475602848,51.14799074745261,1584800,APO
2021-04-30T00:00:00.000000000,50.572566986083984,50.78263864006441,49.878417324417356,50.663904760105794,1908200,APO
2021-05-03T00:00:00.000000000,50.29855728149414,51.23931364407684,50.28028972790676,50.78263525693112,2467400,APO
2021-05-04T00:00:00.000000000,50.23462677001953,50.919644407792525,49.622679352682,50.29856147081062,2859400,APO
2021-05-05T00:00:00.000000000,51.73252487182617,51.96086405539474,50.31682263053693,50.78263303197786,2744800,APO
2021-05-06T00:00:00.000000000,52.234886169433594,52.371891114663065,51.30326160074244,51.732540510559666,1935100,APO
2021-05-07T00:00:00.000000000,53.17564392089844,53.2030435150672,51.71427067804504,52.25315142983954,2336300,APO
2021-05-10T00:00:00.000000000,52.63676071166992,53.42224822685254,52.50889129927837,53.22130858784856,3855900,APO
2021-05-11T00:00:00.000000000,52.782901763916016,52.94730630233185,51.04752207360681,51.568135283863484,3210200,APO
2021-05-12T00:00:00.000000000,50.92877960205078,52.910765902044396,50.782642636295776,52.536289709535936,2884500,APO
2021-05-13T00:00:00.000000000,51.330650329589844,52.0887346244924,50.73696704514775,51.35804991730334,2043800,APO
2021-05-14T00:00:00.000000000,52.44495391845703,52.82856564573341,51.622934761459476,51.622934761459476,1571500,APO
2021-05-17T00:00:00.000000000,52.40842819213867,52.709834205067914,51.63207261375852,52.26229120437709,1315200,APO
2021-05-18T00:00:00.000000000,52.052207946777344,52.70982250362544,52.03394039183992,52.435816147923745,2205600,APO
2021-05-19T00:00:00.000000000,52.5129280090332,52.5129280090332,50.72533008759977,51.1307664071094,2190800,APO
2021-05-20T00:00:00.000000000,52.310211181640625,52.81700307891714,51.61913036307662,52.59585918538719,2038500,APO
2021-05-21T00:00:00.000000000,52.91836166381836,53.40672431287248,52.605071555080926,52.69721425734891,1990100,APO
2021-05-24T00:00:00.000000000,52.927581787109375,53.544949225037534,52.75250922278131,53.25930118479982,1863600,APO
2021-05-25T00:00:00.000000000,52.171993255615234,53.240864773760364,52.0706341738484,53.093434340741,1435600,APO
2021-05-26T00:00:00.000000000,52.79856872558594,53.12107518538247,52.024558143100116,52.374706708158065,2278300,APO
2021-05-27T00:00:00.000000000,53.32379150390625,53.618652352758254,52.55899727563966,53.213219564341394,2901900,APO
2021-05-28T00:00:00.000000000,52.83543395996094,53.7476622153444,52.63271578876041,53.526514799942106,1302200,APO
2021-06-01T00:00:00.000000000,52.181209564208984,53.462012108396216,51.97849140094984,53.10265064808685,1955400,APO
2021-06-02T00:00:00.000000000,52.23649215698242,52.70642906357278,51.30583823778339,52.070632485835084,2502700,APO
2021-06-03T00:00:00.000000000,53.010501861572266,53.19479077242016,51.702057273087526,51.96005963926342,2843900,APO
2021-06-04T00:00:00.000000000,52.899932861328125,53.26851070351004,52.64193048081207,53.20401010838102,1647000,APO
2021-06-07T00:00:00.000000000,53.20400619506836,53.23164830094226,52.60506812433113,53.03814652978785,1689000,APO
2021-06-08T00:00:00.000000000,53.00129318237305,53.36986751815011,52.31021234839481,53.167152863729335,2444700,APO
2021-06-09T00:00:00.000000000,52.7064323425293,53.02893532592443,52.61428612226005,52.90914699708385,1604100,APO
2021-06-10T00:00:00.000000000,52.79856872558594,53.2500763632937,52.45763653896078,53.03814535457976,922200,APO
2021-06-11T00:00:00.000000000,53.25008773803711,53.25008773803711,52.706437289983235,52.899939098183964,1087400,APO
2021-06-14T00:00:00.000000000,52.99207305908203,53.58179828169668,52.84464263218303,53.43436785479768,1302300,APO
2021-06-15T00:00:00.000000000,53.452796936035156,53.72923207945505,52.8354330831068,53.084222603173394,1306000,APO
2021-06-16T00:00:00.000000000,53.968807220458984,54.12545404187109,53.22243863259449,53.683159202012796,1436700,APO
2021-06-17T00:00:00.000000000,53.83979797363281,54.36501906304037,52.73406806934694,54.20837578006759,3035300,APO
2021-06-18T00:00:00.000000000,52.863075256347656,53.480442625052895,52.55900151923883,53.35144143264194,3706200,APO
2021-06-21T00:00:00.000000000,53.87665557861328,53.96879827121,52.7709256923606,52.90913973125568,1477300,APO
2021-06-22T00:00:00.000000000,53.6739501953125,53.830593512965116,53.25930095002727,53.60944959215916,2720800,APO
2021-06-23T00:00:00.000000000,53.71080017089844,54.005661028566976,53.60944109200888,53.65551244195358,1722400,APO
2021-06-24T00:00:00.000000000,54.475589752197266,54.69673713400049,53.637078601016434,53.97801429442218,1509500,APO
2021-06-25T00:00:00.000000000,56.742347717285156,56.843703291192526,54.51245830596139,54.77967708312754,6650900,APO
2021-06-28T00:00:00.000000000,56.69626998901367,56.898988156645,55.903830077384505,56.871346048338495,3529500,APO
2021-06-29T00:00:00.000000000,57.50713348388672,57.663780283914946,56.69626440819702,57.03720011383906,2941800,APO
2021-06-30T00:00:00.000000000,57.31363296508789,57.67299440561438,56.43826328058932,57.27677448015733,3880700,APO
2021-07-01T00:00:00.000000000,58.06000518798828,58.06000518798828,55.74718945315184,55.99597898491034,3979200,APO
2021-07-02T00:00:00.000000000,59.18416213989258,59.18416213989258,57.479494076711184,58.17057486894234,2307000,APO
2021-07-06T00:00:00.000000000,58.70500946044922,59.38687388075322,58.13371698383962,59.26708907300874,3004100,APO
2021-07-07T00:00:00.000000000,58.31801223754883,58.5944438843346,56.89899199835767,58.53915614896981,2336200,APO
2021-07-08T00:00:00.000000000,55.75640106201172,57.461069256396534,55.43389807348919,57.203066865578506,3780500,APO
2021-07-09T00:00:00.000000000,56.36455535888672,56.7884209735938,55.77483356540452,56.07891084236705,2222600,APO
2021-07-12T00:00:00.000000000,56.50277328491211,57.00035236931419,56.07891118265219,56.38298494644068,1278300,APO
2021-07-13T00:00:00.000000000,55.18510055541992,55.95911113080061,54.189946109941005,55.8024678490659,6256200,APO
2021-07-14T00:00:00.000000000,55.295684814453125,55.74719254864566,54.899468332635806,55.304901194855404,1839900,APO
2021-07-15T00:00:00.000000000,54.77045440673828,55.29567552077775,54.33737950613823,55.166674336981195,2756300,APO
2021-07-16T00:00:00.000000000,52.28256607055664,54.89945876047028,52.0890607810595,54.65066925827563,4090000,APO
2021-07-19T00:00:00.000000000,51.794193267822266,51.97848215481959,50.57789153466536,51.32425994524635,2948100,APO
2021-07-20T00:00:00.000000000,52.91836166381836,53.52651263783588,51.77577317459396,51.77577317459396,3014000,APO
2021-07-21T00:00:00.000000000,53.56336975097656,54.64145410294052,53.18557905733722,53.18557905733722,1980400,APO
2021-07-22T00:00:00.000000000,53.913516998291016,54.12545154365811,53.10265136435476,53.64630175177641,2154100,APO
2021-07-23T00:00:00.000000000,54.77045440673828,55.0468895320379,54.38345085534862,54.696740951005374,1883700,APO
2021-07-26T00:00:00.000000000,54.669097900390625,55.24960321745024,54.38344991618929,54.521663961433624,1494400,APO
2021-07-27T00:00:00.000000000,54.57695388793945,54.74281356093148,53.701584172707875,54.25445092102089,1671500,APO
2021-07-28T00:00:00.000000000,54.2083854675293,54.76124876096399,53.56337594850943,54.72439027072991,1530000,APO
2021-07-29T00:00:00.000000000,54.844173431396484,55.820902240320876,54.46638272969324,54.49402483725094,2883900,APO
2021-07-30T00:00:00.000000000,54.236026763916016,54.9363204927604,54.07937994028115,54.58617538584773,1950800,APO
2021-08-02T00:00:00.000000000,54.549312591552734,55.249606265135306,53.81216043119772,54.64145529346507,1665100,APO
2021-08-03T00:00:00.000000000,55.894615173339844,56.14340468407654,54.66910037787987,54.798101565294736,3036700,APO
2021-08-04T00:00:00.000000000,56.10654830932617,56.31847934162963,54.05173506740769,55.203536448417076,3235400,APO
2021-08-05T00:00:00.000000000,56.336910247802734,57.09249169483754,55.57211593605632,56.51198631249402,1909200,APO
2021-08-06T00:00:00.000000000,56.79762649536133,57.13855870407259,56.50276563674315,56.862127088495384,2106200,APO
2021-08-09T00:00:00.000000000,56.47512435913086,57.009558355093425,56.06047517216583,56.806843708702885,1597800,APO
2021-08-10T00:00:00.000000000,55.37860870361328,56.401408887009296,55.31410810781523,56.20790709961514,2153600,APO
2021-08-11T00:00:00.000000000,54.669097900390625,55.6089646561115,54.59538093091212,55.378604399019046,1727800,APO
2021-08-12T00:00:00.000000000,54.17152786254883,54.595389962109984,53.793737119023604,54.56774785149226,1864100,APO
2021-08-13T00:00:00.000000000,54.70595932006836,54.85338976138917,53.922735759617595,54.19916739771675,1561700,APO
2021-08-16T00:00:00.000000000,54.77967834472656,55.12061059395161,54.2913121336538,54.49403031617529,2374000,APO
2021-08-17T00:00:00.000000000,53.738441467285156,54.59538192040181,52.73407058755803,54.42952225108771,1850200,APO
2021-08-18T00:00:00.000000000,53.004215240478516,53.63621389575838,52.929864334489025,53.403861553241235,1890700,APO
2021-08-19T00:00:00.000000000,52.01904296875,53.28304026452343,51.582219435394826,52.37221597254555,2166000,APO
2021-08-20T00:00:00.000000000,52.29786682128906,52.91127687711335,51.926101646976875,52.10269170021212,1208300,APO
2021-08-23T00:00:00.000000000,53.35738754272461,53.54327011101175,52.40938963533382,52.474448002422044,2018700,APO
2021-08-24T00:00:00.000000000,53.626922607421875,54.231036584746604,53.45033255394204,53.561864233639454,1061900,APO
2021-08-25T00:00:00.000000000,54.0451545715332,54.54703292091817,53.55256521015581,53.73844778735019,2032900,APO
2021-08-26T00:00:00.000000000,53.831382751464844,54.51914716530474,53.72915071079679,54.1287969770768,1053700,APO
2021-08-27T00:00:00.000000000,54.50986099243164,54.612093045027294,53.766330659775164,53.766330659775164,1228600,APO
2021-08-30T00:00:00.000000000,54.71432876586914,55.727385123701694,54.57491948724462,54.835152977009365,1605700,APO
2021-08-31T00:00:00.000000000,55.560081481933594,55.86678822326821,54.70502670987606,54.83514343210962,1915200,APO
2021-09-01T00:00:00.000000000,56.66609191894531,57.08432331015083,55.17903476045017,55.718093911076224,2547500,APO
2021-09-02T00:00:00.000000000,56.879852294921875,57.344556964740825,56.52667575314321,56.93561458623438,1625600,APO
2021-09-03T00:00:00.000000000,57.4467887878418,57.84643506128153,56.7590243616805,56.82408272755069,2035800,APO
2021-09-07T00:00:00.000000000,57.53043746948242,57.90219906469742,56.87985024608726,57.4839641678423,2210000,APO
2021-09-08T00:00:00.000000000,56.95419692993164,57.62337271535236,56.591727894633706,57.59549157276479,1200700,APO
2021-09-09T00:00:00.000000000,56.8240852355957,57.604789205910905,56.749734333640305,56.8240852355957,1156500,APO
2021-09-10T00:00:00.000000000,56.4337272644043,57.56760406759416,56.405842577766435,57.40960620677665,1027800,APO
2021-09-13T00:00:00.000000000,57.623374938964844,57.641963549878824,56.35008522738457,56.7311428875837,1479900,APO
2021-09-14T00:00:00.000000000,56.712562561035156,57.9765599245061,56.127033640665275,57.78138125410578,1869000,APO
2021-09-15T00:00:00.000000000,58.571372985839844,58.77584416104681,56.56384909194647,56.8612597765666,2148500,APO
2021-09-16T00:00:00.000000000,58.283260345458984,59.19408109641532,57.93008733995973,58.76655364002231,1706900,APO
2021-09-17T00:00:00.000000000,58.36690902709961,59.101143296655124,57.957970171539614,58.38549764036354,2607100,APO
2021-09-20T00:00:00.000000000,54.30537796020508,56.65678202029378,53.58043994382682,56.60101973928906,3519300,APO
2021-09-21T00:00:00.000000000,54.95596694946289,55.57866941121904,54.686437430755866,54.77937693252359,2611600,APO
2021-09-22T00:00:00.000000000,55.21620559692383,55.60655934106602,54.38903189878914,55.20691306403678,1782000,APO
2021-09-23T00:00:00.000000000,56.935611724853516,57.762788973709085,55.61585223069345,55.7645575757455,3116300,APO
2021-09-24T00:00:00.000000000,58.00443649291992,58.07879094156716,56.54526411966264,56.54526411966264,2040800,APO
2021-09-27T00:00:00.000000000,58.543495178222656,59.11043189061405,57.948670229671045,58.0880830471503,3745500,APO
2021-09-28T00:00:00.000000000,57.1029052734375,58.58066618045855,56.508083897476965,58.43196083646841,2939100,APO
2021-09-29T00:00:00.000000000,57.94866943359375,57.957965512186114,56.74973411048666,57.428202485707004,1863500,APO
2021-09-30T00:00:00.000000000,57.2423210144043,58.54349549997781,57.112204274929994,58.29255455438512,3228400,APO
2021-10-01T00:00:00.000000000,57.5025520324707,57.85572855694014,56.65678971666778,57.2516110976173,3167400,APO
2021-10-04T00:00:00.000000000,54.639976501464844,57.87432061188789,54.50056368089041,57.12149776253349,3591200,APO
2021-10-05T00:00:00.000000000,57.20513916015625,57.493257306683766,54.80726511648304,55.08608718499179,2507300,APO
2021-10-06T00:00:00.000000000,58.190311431884766,58.190311431884766,55.281259600544516,56.535964166177585,1904200,APO
2021-10-07T00:00:00.000000000,59.101139068603516,59.87254696408547,58.24608064671046,58.64572693975582,2351500,APO
2021-10-08T00:00:00.000000000,60.74618911743164,61.11795423541502,59.00819481350141,59.17548521663752,1557600,APO
2021-10-11T00:00:00.000000000,60.80194854736328,62.093826776280586,60.79265956070165,61.0435969263263,1734300,APO
2021-10-12T00:00:00.000000000,61.25736999511719,61.61983905265266,60.41160413364763,60.87630878082953,1573900,APO
2021-10-13T00:00:00.000000000,61.37818908691406,61.95442538743735,60.764775564663786,61.43395137408954,1629900,APO
2021-10-14T00:00:00.000000000,63.013954162597656,63.31136485867543,61.94513203609523,62.14960321917938,1800300,APO
2021-10-15T00:00:00.000000000,62.660762786865234,63.94335194371959,62.279708725055215,63.94335194371959,2219500,APO
2021-10-18T00:00:00.000000000,63.47865295410156,63.664531962916904,62.35406155103088,62.92100174599622,2751700,APO
2021-10-19T00:00:00.000000000,68.01416015625,69.8358011931659,63.89687744250352,64.8541677082004,8887700,APO
2021-10-20T00:00:00.000000000,69.05510711669922,69.67780958539603,67.66099330215613,67.84687230776339,4850900,APO
2021-10-21T00:00:00.000000000,71.83404541015625,71.99204328883408,69.24099262083864,69.66852004652407,4027700,APO
2021-10-22T00:00:00.000000000,74.0925064086914,74.45497544826047,71.32286372880415,72.17792562626715,4953900,APO
2021-10-25T00:00:00.000000000,74.31555938720703,75.12414795050037,73.48838575972708,74.09250316282007,3986700,APO
2021-10-26T00:00:00.000000000,74.12968444824219,75.34720830789126,74.01815278451612,74.91968089985289,3890900,APO
2021-10-27T00:00:00.000000000,72.00135040283203,74.32487400126688,71.30429332330158,74.25051954431746,2843000,APO
2021-10-28T00:00:00.000000000,72.80062103271484,73.34896903222217,72.09426808735039,72.09426808735039,2331100,APO
2021-10-29T00:00:00.000000000,71.51805114746094,72.5311110899541,70.90464462508551,72.29875873783001,4587000,APO
2021-11-01T00:00:00.000000000,70.94181060791016,72.50321845033106,70.23545758397857,72.14074940573603,3864500,APO
2021-11-02T00:00:00.000000000,71.02544403076172,71.5273258119881,68.99933184321621,70.55145047973869,2887600,APO
2021-11-03T00:00:00.000000000,72.46604919433594,72.95863502237447,71.02546184482301,71.5924021237283,3049100,APO
2021-11-04T00:00:00.000000000,71.83404541015625,72.82851307423174,70.67228378900124,72.49392516007268,2495000,APO
2021-11-05T00:00:00.000000000,71.5087661743164,73.20958009834153,71.16488212116293,73.03299712257642,2897000,APO
2021-11-08T00:00:00.000000000,71.60169219970703,72.59615985147393,71.02545589004738,71.55521889910395,1566600,APO
2021-11-09T00:00:00.000000000,70.9046401977539,71.74111003133712,70.69087292718186,71.26710927716819,1879900,APO
2021-11-10T00:00:00.000000000,68.7762680053711,70.73732161981752,68.69262459652964,70.17038154602051,2420700,APO
2021-11-11T00:00:00.000000000,69.63134765625,70.00311281898661,69.04582231125056,69.52911205922666,1730500,APO
2021-11-12T00:00:00.000000000,69.69639587402344,70.01239869810264,69.04581225213929,69.58487130503168,1443400,APO
2021-11-15T00:00:00.000000000,70.7280502319336,71.02546094078436,69.50123017157034,69.7986408804211,1547900,APO
2021-11-16T00:00:00.000000000,70.43992614746094,70.9510969676842,70.13321940082918,70.62580515648217,1506900,APO
2021-11-17T00:00:00.000000000,70.17041015625,70.73735046120274,69.70570545322848,70.5142941891851,1139400,APO
2021-11-18T00:00:00.000000000,70.54464721679688,70.9095327446582,69.16930616342607,70.2452537801388,2308500,APO
2021-11-19T00:00:00.000000000,70.12361907958984,70.71305502648032,69.32835594891004,70.61949591783019,1625200,APO
2021-11-22T00:00:00.000000000,70.96566772460938,72.87430358540779,70.4417309880343,70.7411244286633,3144700,APO
2021-11-23T00:00:00.000000000,69.0570068359375,70.83465786832986,68.9821638564821,70.56333154576627,2494200,APO
2021-11-24T00:00:00.000000000,69.1880111694336,69.7400220249189,67.84074435065165,68.40210611998597,2496900,APO
2021-11-26T00:00:00.000000000,67.12032318115234,67.8688102870742,66.28763502331786,67.36358256129225,1650700,APO
2021-11-29T00:00:00.000000000,68.62664031982422,69.16929305155772,67.50391692970774,68.5892152550735,2736500,APO
2021-11-30T00:00:00.000000000,66.2221450805664,68.53309142144741,65.83855060148822,68.05593069752365,3916300,APO
2021-12-01T00:00:00.000000000,66.10053253173828,69.80552959692528,66.04439134567986,67.74720027341154,3214900,APO
2021-12-02T00:00:00.000000000,67.17645263671875,68.56114426161889,66.62444188631201,67.1577365363791,4396500,APO
2021-12-03T00:00:00.000000000,65.59529113769531,67.9717295643615,64.21995014204067,67.44778571862021,3827600,APO
2021-12-06T00:00:00.000000000,65.63270568847656,66.91448023395319,65.1929701058586,66.31569348173758,5566300,APO
2021-12-07T00:00:00.000000000,66.41862487792969,67.97173325724268,65.79177097750451,67.07355293616273,6081600,APO
2021-12-08T00:00:00.000000000,66.47476959228516,67.50393415214869,65.89469164780427,65.89469164780427,4225600,APO
2021-12-09T00:00:00.000000000,65.95082092285156,67.86881479794101,65.95082092285156,66.42798166304354,3489300,APO
2021-12-10T00:00:00.000000000,65.16490173339844,67.55069064191953,65.16490173339844,66.55895144263553,5360700,APO
2021-12-13T00:00:00.000000000,65.12750244140625,65.67015536967554,64.60356562134146,65.02458526059299,3151000,APO
2021-12-14T00:00:00.000000000,64.11703491210938,66.14729685338804,63.85506655040923,64.5567705784357,3278200,APO
2021-12-15T00:00:00.000000000,65.6420669555664,65.91338619318604,63.331120874511846,64.20123403178944,3782100,APO
2021-12-16T00:00:00.000000000,65.30525970458984,67.03612826509674,64.10767879787917,66.65252662522244,5325600,APO
2021-12-17T00:00:00.000000000,65.81047821044922,66.6618825222862,64.30416013384202,65.17427341228858,8529300,APO
2021-12-20T00:00:00.000000000,64.16382598876953,64.93102220231236,63.312421569612916,64.5287115575214,3477900,APO
2021-12-21T00:00:00.000000000,67.27003479003906,67.90624679581973,64.76261184232743,64.76261184232743,5211800,APO
2021-12-22T00:00:00.000000000,67.61619567871094,67.84074610272572,66.66188136000642,67.12968403621699,2292800,APO
2021-12-23T00:00:00.000000000,69.48738098144531,69.88034051076801,67.8687883107938,67.8687883107938,1761100,APO
2021-12-27T00:00:00.000000000,69.25349426269531,70.08618946375385,68.97281698353177,69.7587219309112,1891800,APO
2021-12-28T00:00:00.000000000,68.73892974853516,70.5352903999524,68.65472155088291,69.25350843468865,1647100,APO
2021-12-29T00:00:00.000000000,68.11206817626953,68.79505604272849,67.70039956321355,68.3366114478901,1354600,APO
2021-12-30T00:00:00.000000000,68.33662414550781,69.15060347126789,68.26177399502575,68.4021162426538,1654600,APO
2021-12-31T00:00:00.000000000,67.76588439941406,68.70148959220559,66.9706214131615,68.24304504640607,4888500,APO
2022-01-03T00:00:00.000000000,66.92384338378906,68.53308557977213,66.7367251862522,68.25240114536516,5403400,APO
2022-01-04T00:00:00.000000000,68.8231201171875,69.25349767693716,67.03611779601181,67.53198743793854,4594500,APO
2022-01-05T00:00:00.000000000,65.11813354492188,69.64646733241204,64.60355486463837,69.59032615525007,6102500,APO
2022-01-06T00:00:00.000000000,65.09005737304688,65.58592701662035,63.368547128331336,65.4923679186426,6427500,APO
2022-01-07T00:00:00.000000000,64.51934051513672,65.49237088195514,63.59309326847475,65.49237088195514,4810400,APO
2022-01-10T00:00:00.000000000,63.948631286621094,63.99541441451358,61.99321931608887,63.63987977397818,7635600,APO
2022-01-11T00:00:00.000000000,66.03502655029297,66.05373551631095,63.37790367529615,63.770863342696515,2747600,APO
2022-01-12T00:00:00.000000000,66.20343780517578,67.28873631969867,64.73453766367591,66.38119797109702,3440100,APO
2022-01-13T00:00:00.000000000,65.07135009765625,66.39054983101664,64.20123690148593,66.19407357873327,6472800,APO
2022-01-14T00:00:00.000000000,64.39769744873047,64.52868158497553,62.77909756784491,64.25735526329645,5505600,APO
2022-01-18T00:00:00.000000000,63.29369354248047,64.24800771076481,62.72297379641294,63.73342913090312,5575800,APO
2022-01-19T00:00:00.000000000,62.73234558105469,63.78957712439016,62.114842584309905,63.49954173155096,2770800,APO
2022-01-20T00:00:00.000000000,62.68556213378906,64.10767920859638,62.273893471404136,62.779121246666705,3794000,APO
2022-01-21T00:00:00.000000000,61.6563835144043,62.760397925306265,61.020171699001445,62.189678187749244,6943200,APO
2022-01-24T00:00:00.000000000,61.141815185546875,61.422499677879955,58.27886477140335,60.25299285666405,6968800,APO
2022-01-25T00:00:00.000000000,60.01908874511719,61.21666253312823,58.94314109122817,60.25299009865381,4442700,APO
2022-01-26T00:00:00.000000000,59.45771408081055,61.27278701627583,58.82150221290501,61.09502686922547,4038300,APO
2022-01-27T00:00:00.000000000,61.965145111083984,63.04108554684805,61.15116589159851,62.12419630651491,8089300,APO
2022-01-28T00:00:00.000000000,63.77085876464844,63.88312682890128,60.44009914247986,61.54411364894384,4131600,APO
2022-01-31T00:00:00.000000000,65.49237823486328,65.66078749299132,63.66795055356176,63.8550687789917,4188600,APO
2022-02-01T00:00:00.000000000,66.10053253173828,66.25958375967902,64.98715965994565,65.7262888897984,2966500,APO
2022-02-02T00:00:00.000000000,66.4560546875,67.10162473914933,65.56723235566375,66.50283781574535,2325900,APO
2022-02-03T00:00:00.000000000,64.53805541992188,66.02566439032567,64.41642216501468,65.20233431281619,3003000,APO
2022-02-04T00:00:00.000000000,65.80113220214844,66.39056105868006,64.00477147339231,64.28544882207751,2495300,APO
2022-02-07T00:00:00.000000000,66.3156967163086,66.8957745337302,65.61399278763311,65.86661019929312,2825700,APO
2022-02-08T00:00:00.000000000,63.24692153930664,66.17537091370528,63.08787033966458,66.11922973763559,4497500,APO
2022-02-09T00:00:00.000000000,65.3707504272461,65.64207684383963,63.67729983665211,63.67729983665211,3031700,APO
2022-02-10T00:00:00.000000000,65.18363189697266,66.99870880731224,64.49128584236921,64.55677794026273,3859600,APO
2022-02-11T00:00:00.000000000,61.441200256347656,64.85616113559968,61.17923190626404,63.62116238656111,6191100,APO
2022-02-14T00:00:00.000000000,61.403770446777344,62.93816249719882,60.842408720201476,61.21665225061926,4379100,APO
2022-02-15T00:00:00.000000000,63.22820281982422,63.387253994932856,61.871570960688075,62.713617090824066,3074200,APO
2022-02-16T00:00:00.000000000,63.58372497558594,64.11701962420449,62.47035256572759,62.94751318968128,2739900,APO
2022-02-17T00:00:00.000000000,61.390869140625,63.8848967375933,61.04264303257476,63.244918083565004,3650900,APO
2022-02-18T00:00:00.000000000,60.39325714111328,62.18143360979275,59.6873985756107,61.67321458098713,2309200,APO
2022-02-22T00:00:00.000000000,59.48035430908203,61.042654592074975,58.95331190884753,60.167389608030106,3994100,APO
2022-02-23T00:00:00.000000000,58.44508743286133,60.51561018732252,58.23803802956105,60.23326389068908,2986000,APO
2022-02-24T00:00:00.000000000,58.501556396484375,58.68978606091751,55.62165222414939,56.26163092911272,3798200,APO
2022-02-25T00:00:00.000000000,61.80497360229492,62.00261313684993,59.01918602228001,59.06624254143373,3668400,APO
2022-02-28T00:00:00.000000000,61.41911315917969,62.830830393672734,60.477968336184325,60.797954129427474,4106900,APO
2022-03-01T00:00:00.000000000,58.72743606567383,61.83320955036648,58.46391308434515,61.13676441942787,3140600,APO
2022-03-02T00:00:00.000000000,61.10853576660156,61.53204807951198,58.6803803156561,59.22624605523896,3476500,APO
2022-03-03T00:00:00.000000000,60.769718170166016,62.08732229851609,60.205032738120224,61.22147082402155,3397500,APO
2022-03-04T00:00:00.000000000,59.743865966796875,60.44972809192255,58.595668267763806,59.706219316622835,4879600,APO
2022-03-07T00:00:00.000000000,54.85932540893555,59.028596715956304,54.47345622565332,58.529787583775295,7956100,APO
2022-03-08T00:00:00.000000000,56.48751449584961,57.67335543069663,54.812277806724914,55.37696328233155,4981500,APO
2022-03-09T00:00:00.000000000,59.5650520324707,60.58149008479112,57.95569537314567,58.42626774769795,4116900,APO
2022-03-10T00:00:00.000000000,58.4168586730957,60.03562891188056,58.0874594222651,58.407448804578785,3978800,APO
2022-03-11T00:00:00.000000000,59.33917236328125,60.56265975001427,58.84977669055163,58.84977669055163,3916400,APO
2022-03-14T00:00:00.000000000,55.91340255737305,59.25446528974032,55.19813421527652,58.92506610394228,5877100,APO
2022-03-15T00:00:00.000000000,56.045166015625,56.72279134665349,54.52992247828747,55.90399646511547,4868700,APO
2022-03-16T00:00:00.000000000,58.61449432373047,58.72743427951452,56.054583025724945,57.22160051403482,4473700,APO
2022-03-17T00:00:00.000000000,57.955692291259766,58.60508084114401,56.365155452135724,58.11568516681216,4657900,APO
2022-03-18T00:00:00.000000000,58.89684295654297,59.42388174368754,57.43806565308434,57.475712306503944,7437700,APO
2022-03-21T00:00:00.000000000,58.82154846191406,59.57446356419008,58.3603859422924,59.17918448181357,3932600,APO
2022-03-22T00:00:00.000000000,60.87324523925781,61.39087774534972,58.82154931203928,59.16036201050582,2873900,APO
2022-03-23T00:00:00.000000000,59.08506774902344,60.67560471442766,59.009778034015916,60.67560471442766,2446200,APO
2022-03-24T00:00:00.000000000,60.12973403930664,60.43090005474343,59.47093203422037,59.77209804965717,2969900,APO
2022-03-25T00:00:00.000000000,58.82154846191406,60.53443166591041,58.3227428798154,60.26149881940335,2846300,APO
2022-03-28T00:00:00.000000000,59.48975372314453,60.26149206525328,58.360379401220364,58.77448535369569,2457900,APO
2022-03-29T00:00:00.000000000,61.84263229370117,62.068505065686644,60.51562168037479,60.79796085026515,2098300,APO
2022-03-30T00:00:00.000000000,59.329769134521484,61.42851802037808,59.07565960735319,61.343818434837814,2043200,APO
2022-03-31T00:00:00.000000000,58.34157180786133,60.25209114630369,58.28510182345021,59.48035623378158,2625400,APO
2022-04-01T00:00:00.000000000,58.66155242919922,59.12271133392093,58.18156660897449,58.76507533319027,2409900,APO
2022-04-04T00:00:00.000000000,59.63093185424805,59.96033108023221,58.80272347011063,58.88742664110403,1723400,APO
2022-04-05T00:00:00.000000000,57.53218078613281,59.82857273209921,57.278071267451644,59.41447032583122,2200800,APO
2022-04-06T00:00:00.000000000,55.55577850341797,57.287485144741495,55.05697288934728,56.628683041704235,2498200,APO
2022-04-07T00:00:00.000000000,54.27581787109375,55.5087188283529,53.24997350497813,55.23578597984643,3068200,APO
2022-04-08T00:00:00.000000000,54.172298431396484,54.755807228545216,53.61702283066671,53.87113236898535,2784400,APO
2022-04-11T00:00:00.000000000,53.52290344238281,54.1158256679963,52.948804543475745,53.64525327088329,2262800,APO
2022-04-12T00:00:00.000000000,52.24293899536133,54.90638013186013,52.045299476519354,53.79582913524999,3129200,APO
2022-04-13T00:00:00.000000000,54.35110855102539,54.45463504650412,52.44999575183865,53.212324281123834,2794300,APO
2022-04-14T00:00:00.000000000,54.10641098022461,55.03814223301255,53.889944537473724,54.49228016787882,2314400,APO
2022-04-18T00:00:00.000000000,53.41937255859375,53.98406154291737,52.92998046510166,53.87112518212551,2072300,APO
2022-04-19T00:00:00.000000000,55.14167022705078,55.33930975997136,53.42878709470798,53.42878709470798,1626000,APO
2022-04-20T00:00:00.000000000,55.67812728881836,56.365162575130846,55.07579517973249,55.35813790709367,2047400,APO
2022-04-21T00:00:00.000000000,52.85468673706055,57.53217709170443,52.58175390968689,56.74161539218972,2606100,APO
2022-04-22T00:00:00.000000000,50.75593566894531,52.78880814585607,50.614762523114216,52.62881167456868,2233500,APO
2022-04-25T00:00:00.000000000,51.18886184692383,51.264155149430074,49.26892571520175,50.266540432315914,3536700,APO
2022-04-26T00:00:00.000000000,48.13955307006836,51.59355241221131,47.979556603412576,50.98180691822844,3575400,APO
2022-04-27T00:00:00.000000000,47.9230842590332,49.11833840543923,47.405455415202425,48.03602420291705,2614100,APO
2022-04-28T00:00:00.000000000,49.231285095214844,49.730090683413565,47.076062671569616,48.13955728601792,3038400,APO
2022-04-29T00:00:00.000000000,46.83135986328125,50.191249829258766,46.75607015229342,48.69482957523531,2688700,APO
2022-05-02T00:00:00.000000000,48.86423110961914,48.948934276241864,46.7184223420863,46.86900535050646,3958500,APO
2022-05-03T00:00:00.000000000,48.6854133605957,49.880667522619945,48.45954065024048,48.95834617660844,3940300,APO
2022-05-04T00:00:00.000000000,50.5018310546875,50.71829393313894,47.49016690328268,48.704244586503094,4223600,APO
2022-05-05T00:00:00.000000000,50.2288932800293,53.13703064195242,49.57009125040027,51.77237006418848,5274500,APO
2022-05-06T00:00:00.000000000,49.786563873291016,51.02887478488788,49.061881909829054,50.14419633044158,5437800,APO
2022-05-09T00:00:00.000000000,46.633724212646484,49.74891479916992,46.32314829493744,49.014823002600814,4133400,APO
2022-05-10T00:00:00.000000000,47.47134017944336,48.73247429553991,46.28549936708145,48.054852512839815,3712600,APO
2022-05-11T00:00:00.000000000,48.00779724121094,49.65480072947912,46.6619634080513,47.198415685586895,4726900,APO
2022-05-12T00:00:00.000000000,48.53483581542969,48.71365203041995,46.69960278402969,47.99838358027648,4017600,APO
2022-05-13T00:00:00.000000000,51.01004409790039,51.725312499192505,49.80537642546535,49.85243653320135,4345800,APO
2022-05-16T00:00:00.000000000,50.36065673828125,51.1888651686829,49.91832112299085,50.87828925114635,2554300,APO
2022-05-17T00:00:00.000000000,51.963172912597656,52.560560775615244,50.967528885716476,51.726114638710605,2260400,APO
2022-05-18T00:00:00.000000000,51.52698516845703,52.38987711746761,50.920116582412945,51.024422798868414,2964800,APO
2022-05-19T00:00:00.000000000,51.15717697143555,52.28557306933025,50.7589171845642,50.96752962612644,3890500,APO
2022-05-20T00:00:00.000000000,51.65972900390625,52.351938600855085,50.29427490245914,51.5838722513255,3309300,APO
2022-05-23T00:00:00.000000000,52.36142349243164,52.7407144936664,51.4226713012241,52.2286714611384,3243000,APO
2022-05-24T00:00:00.000000000,50.80632781982422,51.65025464335251,49.63999800205194,51.2140646975778,2967100,APO
2022-05-25T00:00:00.000000000,52.89244079589844,53.091572494614695,49.933954557113665,50.35117581603774,4193500,APO
2022-05-26T00:00:00.000000000,55.10182189941406,55.25353903938024,52.702793493316996,53.167425651928816,4110500,APO
2022-05-27T00:00:00.000000000,57.197418212890625,57.36810045403246,55.56645618296739,55.71817332873546,2566200,APO
2022-05-31T00:00:00.000000000,54.65614700317383,57.13103559700278,54.39064293301404,57.093105410630905,5144900,APO
2022-06-01T00:00:00.000000000,54.7794189453125,55.585415520486464,53.62257356789987,54.656147646763195,3137600,APO
2022-06-02T00:00:00.000000000,55.50007629394531,55.756099637834126,54.096691888986555,54.98803322338951,2594300,APO
2022-06-03T00:00:00.000000000,54.78890609741211,55.5949063841643,54.40013068006364,54.54236708867347,2199900,APO
2022-06-06T00:00:00.000000000,56.1069450378418,57.20689879359203,54.475986732782225,55.16819639074026,3279600,APO
2022-06-07T00:00:00.000000000,56.021610260009766,56.20177323708389,54.76993930773523,55.907819689752614,1853600,APO
2022-06-08T00:00:00.000000000,54.35271453857422,56.03108736003572,54.01135008441638,55.66127707377199,2960600,APO
2022-06-09T00:00:00.000000000,53.72688674926758,54.438061566960265,52.87347552114749,54.03980540531901,2898800,APO
2022-06-10T00:00:00.000000000,51.631290435791016,52.6933104418454,50.7683985026427,51.8967945329991,2629300,APO
2022-06-13T00:00:00.000000000,47.48751449584961,49.308120277522264,46.3970450043617,49.308120277522264,4119200,APO
2022-06-14T00:00:00.000000000,46.804786682128906,47.94266713255974,46.23584464830237,47.601302635708265,3689100,APO
2022-06-15T00:00:00.000000000,47.93317794799805,48.94778697965775,47.22200319026151,47.392685421496026,6371400,APO
2022-06-16T00:00:00.000000000,44.35834503173828,46.78582316686861,43.59027850509125,46.78582316686861,7054400,APO
2022-06-17T00:00:00.000000000,45.75224685668945,46.036716061887645,44.28248628214698,44.35834304882947,8850500,APO
2022-06-21T00:00:00.000000000,47.269412994384766,48.02800227839327,47.01339327083695,47.222002068439686,5890300,APO
2022-06-22T00:00:00.000000000,47.59181594848633,48.094381929673,46.178950715642486,46.45393917099832,3995700,APO
2022-06-23T00:00:00.000000000,47.35476303100586,48.50212791151622,46.44446005933393,47.914220743908444,1924400,APO
2022-06-24T00:00:00.000000000,49.30812072753906,49.801202368881114,47.97111221403891,47.990077309923855,8289600,APO
2022-06-27T00:00:00.000000000,49.66844940185547,50.66409340556807,48.98572043143672,50.20894196436294,2016700,APO
2022-06-28T00:00:00.000000000,48.61590576171875,50.38910043765634,48.4736693665338,49.867573017347844,1733500,APO
2022-06-29T00:00:00.000000000,47.108219146728516,48.54953384535179,46.35911415425328,48.511603654466995,2440000,APO
2022-06-30T00:00:00.000000000,45.9703369140625,46.67203094866028,44.75659979175493,46.08412386497334,3794400,APO
2022-07-01T00:00:00.000000000,46.709957122802734,46.975464828961606,45.33502213318905,45.610006960778634,2213900,APO
2022-07-05T00:00:00.000000000,48.4262580871582,48.44522318085925,45.11692700659306,45.5151831226498,3061000,APO
2022-07-06T00:00:00.000000000,47.63922882080078,49.12795438233625,47.392686208381065,48.34091923444044,1950700,APO
2022-07-07T00:00:00.000000000,49.60206985473633,49.69689170846417,48.22713127235145,48.22713127235145,2109100,APO
2022-07-08T00:00:00.000000000,48.890892028808594,49.772748958522754,48.426256293397905,49.48827618076596,1865500,APO
2022-07-11T00:00:00.000000000,48.075416564941406,48.49263780653356,47.59181568171988,48.369366496681906,1443400,APO
2022-07-12T00:00:00.000000000,48.08489990234375,49.01416791148488,47.80043069419397,48.1038649985167,1750300,APO
2022-07-13T00:00:00.000000000,47.69612503051758,47.9995593383817,45.486743750305536,46.97546945364586,2363700,APO
2022-07-14T00:00:00.000000000,46.1505012512207,46.77633854277467,45.27812857309468,46.77633854277467,2740500,APO
2022-07-15T00:00:00.000000000,48.217647552490234,48.31247302469039,45.979820666894994,46.99442970749434,2967500,APO
2022-07-18T00:00:00.000000000,48.64435577392578,49.81068201611186,48.464192792802145,49.01416609251867,1580100,APO
2022-07-19T00:00:00.000000000,50.32272720336914,50.436514155482534,48.540048073223375,48.596943357891064,1931600,APO
2022-07-20T00:00:00.000000000,51.384742736816406,51.451118754556795,50.16152496901374,50.341687928991696,1520800,APO
2022-07-21T00:00:00.000000000,51.754554748535156,51.953682794520276,49.68740668402467,51.2614731937947,1987300,APO
2022-07-22T00:00:00.000000000,51.14768600463867,52.494178726819634,50.73994553094612,51.98213204582595,1264100,APO
2022-07-25T00:00:00.000000000,51.24250793457031,51.6692134725945,50.322720843409456,50.7399420265767,1342700,APO
2022-07-26T00:00:00.000000000,50.77788162231445,51.35630439025606,50.180493758365664,51.23303307482042,1103400,APO
2022-07-27T00:00:00.000000000,51.99162292480469,52.200231748359634,50.967529434322785,51.176141875099965,1116300,APO
2022-07-28T00:00:00.000000000,53.58464431762695,53.63205886058965,51.726108537697165,52.2191901232907,1900600,APO
2022-07-29T00:00:00.000000000,54.14410400390625,54.51391792023272,53.58464637732649,53.58464637732649,2341800,APO
2022-08-01T00:00:00.000000000,54.16307067871094,54.28634198774982,52.78813203592615,53.42345005892163,1535400,APO
2022-08-02T00:00:00.000000000,53.48982620239258,54.36220248929227,52.85451179519975,53.470861107327146,2108700,APO
2022-08-03T00:00:00.000000000,54.26737594604492,54.77942265106899,53.49930588850883,54.06824787760955,2621800,APO
2022-08-04T00:00:00.000000000,54.988037109375,56.06902222626163,51.868349452941075,53.74585049025292,3056100,APO
2022-08-05T00:00:00.000000000,54.551841735839844,55.556969988621134,53.82170191314331,54.21047728707557,1764400,APO
2022-08-08T00:00:00.000000000,54.447540283203125,55.4431878847558,54.324272590449894,54.874245881408264,3243000,APO
2022-08-09T00:00:00.000000000,54.90269088745117,54.99751273838728,53.62257419648325,54.14410161107533,1976200,APO
2022-08-10T00:00:00.000000000,56.88450241088867,57.18793669831003,55.55697469050369,55.83196314386118,1873500,APO
2022-08-11T00:00:00.000000000,57.737911224365234,58.59132243677894,56.770713056037074,56.89398436832397,3045300,APO
2022-08-12T00:00:00.000000000,57.84221649169922,58.45856942579467,57.54826294175458,58.27840282989678,2733600,APO
2022-08-15T00:00:00.000000000,58.297367095947266,58.53442535688584,57.19741690988116,57.3680991471347,1971100,APO
2022-08-16T00:00:00.000000000,57.5861930847168,58.20254601830427,57.0646656271085,57.91807682481084,1554000,APO
2022-08-17T00:00:00.000000000,56.545772552490234,57.194842873179745,56.25941360837973,56.86076229332446,1670800,APO
2022-08-18T00:00:00.000000000,56.841670989990234,57.194842405981674,56.44077429743864,56.60304096598423,2528800,APO
2022-08-19T00:00:00.000000000,55.48625183105469,56.11623492186961,54.98035372575426,56.11623492186961,1987900,APO
2022-08-22T00:00:00.000000000,54.4840087890625,54.97081243554915,53.91129454714299,54.37901099598366,2201100,APO
2022-08-23T00:00:00.000000000,55.44807052612305,55.820332767568544,54.636729930213896,54.77036215625022,1448400,APO
2022-08-24T00:00:00.000000000,56.278499603271484,56.51712960868685,55.38125209374346,55.40034293112129,2413500,APO
2022-08-25T00:00:00.000000000,57.56710433959961,57.62437321104781,56.53622095907265,56.6984912576541,1756800,APO
2022-08-26T00:00:00.000000000,53.806297302246094,57.56710884652248,53.79675370332588,57.47165465129414,2401400,APO
2022-08-29T00:00:00.000000000,53.13813781738281,53.34813342669175,52.422247666963,53.34813342669175,2208500,APO
2022-08-30T00:00:00.000000000,52.45087814331055,53.815842123479555,52.13588477502305,53.4244890436468,2522900,APO
2022-08-31T00:00:00.000000000,53.052223205566406,54.03537763774541,52.784955130263555,53.52948320428706,1836500,APO
2022-09-01T00:00:00.000000000,52.336326599121094,52.804039299735834,51.04772258056092,52.44132072697026,2714800,APO
2022-09-02T00:00:00.000000000,52.49860382080078,54.130832265703724,52.23133936653506,53.453123890269886,1609100,APO
2022-09-06T00:00:00.000000000,53.09040451049805,53.42448871491745,51.72544053872788,52.746776707646106,2582700,APO
2022-09-07T00:00:00.000000000,54.15946960449219,54.350370702815994,52.30769836462885,52.8708653435762,2968700,APO
2022-09-08T00:00:00.000000000,54.274009704589844,54.35036941386744,53.09995049995764,53.519938003996856,2275300,APO
2022-09-09T00:00:00.000000000,55.467159271240234,55.696242038313734,54.63672786849017,54.69399673965608,1757100,APO
2022-09-12T00:00:00.000000000,56.25940704345703,56.593491225533185,55.6866965044762,55.83941955761808,1439100,APO
2022-09-13T00:00:00.000000000,54.08311080932617,54.85627343102366,53.78720825606298,54.52218919839644,2071400,APO
2022-09-14T00:00:00.000000000,54.80854034423828,55.19989706615752,53.96856530932331,54.264464198884575,2361200,APO
2022-09-15T00:00:00.000000000,54.55082321166992,55.572159390680625,54.36946206881423,54.407643745331754,2212400,APO
2022-09-16T00:00:00.000000000,52.317237854003906,53.605838282821864,51.954519266752634,53.24311969557059,11100600,APO
2022-09-19T00:00:00.000000000,52.92813491821289,53.59629964885206,51.62044353305662,51.62044353305662,3776100,APO
2022-09-20T00:00:00.000000000,51.41045379638672,52.756327008173514,51.03819153543371,52.384064747220506,2459800,APO
2022-09-21T00:00:00.000000000,50.26502227783203,52.35541973470476,50.26502227783203,51.81134363440631,1824900,APO
2022-09-22T00:00:00.000000000,49.16733169555664,50.40821081288894,48.65189357798147,50.28412217291462,2052600,APO
2022-09-23T00:00:00.000000000,47.34419631958008,48.60416258200144,46.609219034172014,48.32735451554612,4279000,APO
2022-09-26T00:00:00.000000000,46.647396087646484,48.126901508702254,45.93150601540609,46.9337513883016,2418200,APO
2022-09-27T00:00:00.000000000,46.6282958984375,47.8309930177003,46.00786014496781,47.4014583322493,1845900,APO
2022-09-28T00:00:00.000000000,47.77372741699219,48.08872077891498,46.25604040319372,46.70466598852437,2073800,APO
2022-09-29T00:00:00.000000000,45.46379470825195,46.91466573950367,44.80517348967536,46.89557490000235,2383000,APO
2022-09-30T00:00:00.000000000,44.38518524169922,45.93150680477578,44.31836912510491,45.48288482781474,3011400,APO
2022-10-03T00:00:00.000000000,46.70466995239258,47.10556665664061,44.48063631599041,45.26334252626968,3561900,APO
2022-10-04T00:00:00.000000000,49.5682258605957,49.72094892101505,47.36328326216165,47.87872495652883,2645200,APO
2022-10-05T00:00:00.000000000,49.2818717956543,49.606408762218244,48.06963088058324,48.43234952349708,1881300,APO
2022-10-06T00:00:00.000000000,48.690067291259766,49.873673783172485,48.42280283617194,48.92869730936107,1485000,APO
2022-10-07T00:00:00.000000000,46.55194091796875,48.24144175785393,46.036499243182455,48.06008062716717,2330300,APO
2022-10-10T00:00:00.000000000,46.341957092285156,47.51601655481003,45.70243027693822,47.05784727488855,1672800,APO
2022-10-11T00:00:00.000000000,45.511512756347656,46.47557633017608,45.081978038818264,46.29421884553245,2912000,APO
2022-10-12T00:00:00.000000000,46.10331344604492,46.28467456923402,44.55699212681736,45.23470042609062,2141400,APO
2022-10-13T00:00:00.000000000,46.35149383544922,47.51600579270892,43.545202624881,44.9006229570422,5415900,APO
2022-10-14T00:00:00.000000000,45.2060661315918,47.33464521690795,45.129702786602394,46.97192661061769,2134200,APO
2022-10-17T00:00:00.000000000,46.69511795043945,47.22965047613427,46.24649601398615,46.54239489184164,2264100,APO
2022-10-18T00:00:00.000000000,47.96463394165039,49.043242649825935,47.363285272695244,47.945543103136956,1624400,APO
2022-10-19T00:00:00.000000000,47.21056365966797,47.86918486444601,46.80011972200217,47.516009802879,1767900,APO
2022-10-20T00:00:00.000000000,46.91466522216797,48.67098238366281,46.571037397344256,47.17238244958047,1838500,APO
2022-10-21T00:00:00.000000000,48.87142562866211,48.91915090130045,46.418309474761585,46.97192919153512,1999400,APO
2022-10-24T00:00:00.000000000,49.377315521240234,49.68276160741572,48.08871507276266,49.16731997154287,2265400,APO
2022-10-25T00:00:00.000000000,51.839988708496094,51.92589566441478,49.45368842320507,49.45368842320507,2220100,APO
2022-10-26T00:00:00.000000000,51.67771530151367,53.02358843618668,51.4486325269168,51.62999002690641,1708100,APO
2022-10-27T00:00:00.000000000,51.820892333984375,52.699048997392026,51.64907844049942,52.01179706465709,2639300,APO
2022-10-28T00:00:00.000000000,53.099952697753906,53.11904353616471,51.095458359080546,51.56317479713253,2430100,APO
2022-10-31T00:00:00.000000000,52.842227935791016,53.45312015496932,52.07861266181814,52.57496350020172,2667400,APO
2022-11-01T00:00:00.000000000,54.569908142089844,55.3907959470945,53.5676628429675,53.78720201201678,3180600,APO
2022-11-02T00:00:00.000000000,56.72713088989258,58.89389199415697,55.37171042924378,55.83942688907749,5102900,APO
2022-11-03T00:00:00.000000000,57.777099609375,59.09433834688525,55.2762580049351,55.801243323712214,3857600,APO
2022-11-04T00:00:00.000000000,59.733863830566406,60.459297434299465,58.11117908921039,58.655255202311395,3327200,APO
2022-11-07T00:00:00.000000000,60.277950286865234,60.54521476970017,59.35206455532205,60.13477080465766,3104200,APO
2022-11-08T00:00:00.000000000,60.81247329711914,61.85290396902034,59.571597923926944,60.144308514260224,2559200,APO
2022-11-09T00:00:00.000000000,58.23526382446289,60.53565688776551,58.1684477154993,59.97249358113089,3252400,APO
2022-11-10T00:00:00.000000000,61.3088264465332,63.256040953694026,60.974742241962815,61.413816952953646,5560300,APO
2022-11-11T00:00:00.000000000,62.25379180908203,62.883771184218986,61.49972018069004,61.8719823756367,3787500,APO
2022-11-14T00:00:00.000000000,59.72431564331055,62.425608970039434,59.72431564331055,61.346996717702176,2547500,APO
2022-11-15T00:00:00.000000000,61.6047248840332,62.740606073593625,60.80292789660439,61.461545420090374,2897900,APO
2022-11-16T00:00:00.000000000,59.895084381103516,61.16290818371271,59.18433289713753,60.60583220115654,1762200,APO
2022-11-17T00:00:00.000000000,59.155513763427734,59.645353228503865,58.3006936463088,58.77132321770767,1852800,APO
2022-11-18T00:00:00.000000000,59.49168395996094,60.221645340328514,58.85777205801697,59.83745475446,1691300,APO
2022-11-21T00:00:00.000000000,60.16400909423828,60.57701264665205,58.973025002929454,59.1074905941502,1477100,APO
2022-11-22T00:00:00.000000000,62.20022201538086,62.24824125979359,60.10639096994191,60.63465028935162,2218800,APO
2022-11-23T00:00:00.000000000,62.73807144165039,63.12226195641777,62.1233695491524,62.1233695491524,1963900,APO
2022-11-25T00:00:00.000000000,63.83302688598633,64.08275188720576,62.45955037101928,62.709275372238714,1016900,APO
2022-11-28T00:00:00.000000000,62.44034194946289,63.64093301040873,62.33468934987355,63.10306323218311,2287100,APO
2022-11-29T00:00:00.000000000,63.247127532958984,63.46803948415219,62.53637976760646,62.95899011189327,1973800,APO
2022-11-30T00:00:00.000000000,66.64720153808594,66.6664150960922,63.544878752180765,63.727363586288206,5002800,APO
2022-12-01T00:00:00.000000000,66.48393249511719,67.1370543325731,65.65792524986924,65.7635778506214,3729700,APO
2022-12-02T00:00:00.000000000,65.55226135253906,66.82969179398452,64.9375594147266,65.46582232745222,2277500,APO
2022-12-05T00:00:00.000000000,61.95048522949219,65.60028418964642,61.11487505926892,64.83190314714298,3410500,APO
2022-12-06T00:00:00.000000000,60.740291595458984,62.14257711191152,60.25044849541534,61.72957358203644,3151500,APO
2022-12-07T00:00:00.000000000,58.963417053222656,60.60582445150961,58.82895146467226,60.3561031676178,2470800,APO
2022-12-08T00:00:00.000000000,60.34650421142578,60.39452711580123,59.155516397785675,59.56851997045753,2100000,APO
2022-12-09T00:00:00.000000000,60.394527435302734,61.47025588743731,59.96231396581164,59.97191708117243,1630100,APO
2022-12-12T00:00:00.000000000,61.53749084472656,61.566303855732144,60.164014473462906,60.471365470565395,1906200,APO
2022-12-13T00:00:00.000000000,62.853336334228516,64.64941560774612,62.41151976804356,63.717755908863076,3364600,APO
2022-12-14T00:00:00.000000000,63.46804428100586,64.31325770563454,62.40191888848766,62.81492248493909,1877100,APO
2022-12-15T00:00:00.000000000,61.52787780761719,62.59400307335144,60.91317587592852,62.14257973930585,2225500,APO
2022-12-16T00:00:00.000000000,60.039154052734375,61.33579455131505,59.462871829307204,60.74990554794671,4138700,APO
2022-12-19T00:00:00.000000000,59.866268157958984,60.40413055208253,59.40523801454914,60.04875666112051,1746300,APO
2022-12-20T00:00:00.000000000,60.22164535522461,60.7114848716108,59.501290754477694,59.94310736359669,1538800,APO
2022-12-21T00:00:00.000000000,61.988914489746094,62.16179988434461,60.6538579033898,60.961208901806515,1868600,APO
2022-12-22T00:00:00.000000000,61.24934387207031,61.56629795448974,60.1063826901449,61.287763659003744,1223000,APO
2022-12-23T00:00:00.000000000,61.71038055419922,61.88326596014894,60.817140511430054,61.210934233001495,778700,APO
2022-12-27T00:00:00.000000000,60.90357971191406,62.15219361114554,60.845950025273986,61.787216587497205,984200,APO
2022-12-28T00:00:00.000000000,60.04875564575195,61.35499914752936,59.97191606851201,60.89397267582781,1255900,APO
2022-12-29T00:00:00.000000000,61.0572509765625,61.604720137967576,60.048755345759076,60.52899170937144,1171300,APO
2022-12-30T00:00:00.000000000,61.2685661315918,61.28777602893571,59.8470667033615,59.8470667033615,1441700,APO
2023-01-03T00:00:00.000000000,60.327293395996094,62.13298315146873,59.71258777207043,60.72108706812395,1847200,APO
2023-01-04T00:00:00.000000000,61.8160285949707,61.87365461676199,60.50018191465158,61.134093801745955,2096300,APO
2023-01-05T00:00:00.000000000,60.461761474609375,61.43183735810718,60.384921894496,60.68266977156605,1441500,APO
2023-01-06T00:00:00.000000000,61.78721237182617,61.79681182307515,60.164011116052784,61.19171664224753,1727100,APO
2023-01-09T00:00:00.000000000,62.73807144165039,63.6121050459418,61.88325139340086,61.950484183898304,2391400,APO
2023-01-10T00:00:00.000000000,63.89064407348633,64.1211628094043,62.718873474451634,62.72847292591239,1249500,APO
2023-01-11T00:00:00.000000000,65.00479125976562,65.28332921623715,64.34206276582216,64.8319058842945,2009100,APO
2023-01-12T00:00:00.000000000,65.73475646972656,66.5799698403278,65.02400136826313,65.31214612051322,2761200,APO
2023-01-13T00:00:00.000000000,66.95455169677734,67.11783029870666,64.63981627745963,64.82230110933494,1873000,APO
2023-01-17T00:00:00.000000000,66.35905456542969,67.19466844287389,66.09012338496261,66.59917273767887,1874100,APO
2023-01-18T00:00:00.000000000,65.3409652709961,66.82009430442768,65.2641256861312,66.35906412306446,2054600,APO
2023-01-19T00:00:00.000000000,63.17989730834961,65.06242304838376,62.507569303989435,64.38048826458254,2580600,APO
2023-01-20T00:00:00.000000000,64.41890716552734,64.67823158425163,63.14147664704615,63.75617862192834,1333300,APO
2023-01-23T00:00:00.000000000,66.11894989013672,66.86812489585742,63.881053637096365,64.41891610782515,2826000,APO
2023-01-24T00:00:00.000000000,65.02400970458984,66.30144036733772,64.92796388413485,65.12006285287121,2599800,APO
2023-01-25T00:00:00.000000000,64.92796325683594,65.23531427601827,63.08385714174191,63.81381856023483,1696800,APO
2023-01-26T00:00:00.000000000,67.64610290527344,67.72294249170942,65.14887496871435,65.43701242610986,3533200,APO
2023-01-27T00:00:00.000000000,68.02069091796875,68.52013360490491,66.91614561037086,67.20429041333614,1775300,APO
2023-01-30T00:00:00.000000000,66.52235412597656,67.70373167199298,66.34946871340995,67.70373167199298,1811300,APO
2023-01-31T00:00:00.000000000,67.98226165771484,68.0110746684346,65.93645729052928,66.36866710697706,2052700,APO
2023-02-01T00:00:00.000000000,69.65348815917969,70.31621677345204,67.75175601153273,68.03989347108386,2740500,APO
2023-02-02T00:00:00.000000000,69.29811096191406,71.1902434678077,68.13593980396162,70.7292133196802,3166500,APO
2023-02-03T00:00:00.000000000,70.49870300292969,71.39194297492213,68.39526528518039,68.62577669890645,2254600,APO
2023-02-06T00:00:00.000000000,69.28851318359375,69.40377256755501,68.37606687600343,69.0580017434978,2069200,APO
2023-02-07T00:00:00.000000000,70.45067596435547,70.7964467465566,68.62577624225524,68.99076058337069,2083100,APO
2023-02-08T00:00:00.000000000,70.96932983398438,71.68007760640432,69.42296814373157,69.42296814373157,2302700,APO
2023-02-09T00:00:00.000000000,65.69634246826172,68.61618072549848,65.0528274364165,67.23309751737946,6694400,APO
2023-02-10T00:00:00.000000000,67.86701202392578,68.42408068254213,65.08163941954017,65.08163941954017,2877200,APO
2023-02-13T00:00:00.000000000,68.26079559326172,68.64498614500307,67.35794889584332,67.703719659628,3445300,APO
2023-02-14T00:00:00.000000000,68.82748413085938,70.23937298667525,67.94384358872226,68.1935685676627,3431400,APO
2023-02-15T00:00:00.000000000,69.56704711914062,69.57665389919731,67.34835723474603,67.77096029550026,2119200,APO
2023-02-16T00:00:00.000000000,69.24048614501953,70.02808093841169,67.91503621355338,68.2223872409003,1689500,APO
2023-02-17T00:00:00.000000000,68.99901580810547,69.76202369998784,68.38088413825076,68.45814507044955,2570500,APO
2023-02-21T00:00:00.000000000,66.9804458618164,68.21670960841013,66.73898786853754,67.95593821790274,2519600,APO
2023-02-22T00:00:00.000000000,67.8689956665039,68.4195194841502,66.7003401016306,67.12530844111605,2104100,APO
2023-02-23T00:00:00.000000000,68.77688598632812,69.7620386117255,68.38089875476777,68.63200973333294,2191600,APO
2023-02-24T00:00:00.000000000,68.44849395751953,68.56438904338697,67.37642020098005,67.65651227301126,2156500,APO
2023-02-27T00:00:00.000000000,68.01387786865234,70.11939161993267,67.54062232010251,69.16322014098564,2001200,APO
2023-02-28T00:00:00.000000000,68.47747802734375,69.05697564996468,68.07183042838031,68.42918348849531,2173800,APO
2023-03-01T00:00:00.000000000,69.48193359375,70.09040490096027,67.84001531235111,68.11044700444457,2414700,APO
2023-03-02T00:00:00.000000000,69.90690612792969,70.119390312336,67.3667710341456,68.45815836375452,1943600,APO
2023-03-03T00:00:00.000000000,70.61196899414062,70.7568452491811,69.97451641944747,70.1773475977316,2205300,APO
2023-03-06T00:00:00.000000000,70.06143951416016,71.2494084992723,69.67510532120127,70.66991089418991,1953100,APO
2023-03-07T00:00:00.000000000,68.76722717285156,70.20632198505632,68.58372412567066,69.58819016897726,1551300,APO
2023-03-08T00:00:00.000000000,68.79619598388672,69.25979107846692,68.39054106524009,68.72858805889747,1628600,APO
2023-03-09T00:00:00.000000000,65.0680923461914,69.09560926586599,64.97150326925141,68.67064090720842,2027000,APO
2023-03-10T00:00:00.000000000,58.22999572753906,64.96184404631985,57.69878901435527,64.71072573396381,11398300,APO
2023-03-13T00:00:00.000000000,56.472190856933594,58.38453752550557,54.24111790142152,57.71811117439671,11249100,APO
2023-03-14T00:00:00.000000000,57.71810531616211,59.01232004345524,56.51081559608851,57.631180308942575,9980000,APO
2023-03-15T00:00:00.000000000,55.641571044921875,56.1438040271734,54.53086299204846,55.53532895655152,8585100,APO
2023-03-16T00:00:00.000000000,56.74261474609375,57.70844648645279,54.1348683102532,54.83026834230553,5817800,APO
2023-03-17T00:00:00.000000000,54.59846878051758,56.21140975232429,53.63263701049261,55.81541887398829,6167800,APO
2023-03-20T00:00:00.000000000,54.8689079284668,55.940978171546966,53.97068402625569,55.46772263515552,4269000,APO
2023-03-21T00:00:00.000000000,58.63564682006836,59.64976945808648,56.92612411741798,57.409040010222405,5075100,APO
2023-03-22T00:00:00.000000000,56.91646957397461,59.57250708488369,56.76193662980505,58.48111609423591,3235300,APO
2023-03-23T00:00:00.000000000,55.728492736816406,58.017512953721415,55.30352440863851,57.09031535755176,3621400,APO
2023-03-24T00:00:00.000000000,55.5739631652832,55.59328024358285,53.27528242860844,54.65642221000767,3389500,APO
2023-03-27T00:00:00.000000000,56.93578338623047,57.43801634705828,55.351819878272785,56.06653332242159,2479200,APO
2023-03-28T00:00:00.000000000,57.08065414428711,57.37040661267536,56.423888268823596,56.906804136996435,1269200,APO
2023-03-29T00:00:00.000000000,58.58735275268555,58.62598690623526,57.428353936683656,57.97887772952231,2869700,APO
2023-03-30T00:00:00.000000000,59.350372314453125,59.6304644559403,58.635655071409374,59.3310552338999,2559800,APO
2023-03-31T00:00:00.000000000,61.001930236816406,61.16612354225242,59.74634975932007,59.958833913052956,2414400,APO
2023-04-03T00:00:00.000000000,60.267906188964844,61.117835525802214,59.562845728108016,60.93432880896695,1798500,APO
2023-04-04T00:00:00.000000000,60.016780853271484,61.011586318726565,59.0219753878164,60.48037962409585,2567800,APO
2023-04-05T00:00:00.000000000,59.30207443237305,60.03610498468573,58.0175163603809,59.369682364124635,2731700,APO
2023-04-06T00:00:00.000000000,58.79017639160156,59.52421056986699,58.55837883956928,59.03163432417599,1417200,APO
2023-04-10T00:00:00.000000000,59.736690521240234,59.804298447019654,58.30726001505936,58.63564294785468,1530000,APO
2023-04-11T00:00:00.000000000,60.97296142578125,61.446216935694814,59.64976923178095,60.074737573824315,1702200,APO
2023-04-12T00:00:00.000000000,60.44175720214844,61.68767745268373,60.22927302226917,61.397928642893106,1374500,APO
2023-04-13T00:00:00.000000000,62.58590316772461,62.71145864814625,60.82808591390674,60.98261885349606,1884900,APO
2023-04-14T00:00:00.000000000,62.78873062133789,63.223352006281,61.86153292973696,63.146083689802865,1619000,APO
2023-04-17T00:00:00.000000000,63.020530700683594,63.13643317999607,62.06435919467135,62.50864097896706,1986300,APO
2023-04-18T00:00:00.000000000,63.1074333190918,63.81249363057646,62.72110657337398,63.46479366446216,3168000,APO
2023-04-19T00:00:00.000000000,63.551727294921875,63.81249860548251,62.441019392615054,62.70179070317569,1356300,APO
2023-04-20T00:00:00.000000000,62.093318939208984,63.07846400022808,61.82288725064338,62.44101892985358,2001500,APO
2023-04-21T00:00:00.000000000,61.368953704833984,62.02571962624284,61.11783537257746,61.929137919593984,1896200,APO
2023-04-24T00:00:00.000000000,61.13715362548828,61.51382744675467,60.52867854571241,61.33032072685351,1635500,APO
2023-04-25T00:00:00.000000000,59.52421188354492,60.76047534661606,59.47592103283541,60.55765156302265,1901700,APO
2023-04-26T00:00:00.000000000,59.282752990722656,59.949175562233094,58.983343826177325,59.40830846367382,1445000,APO
2023-04-27T00:00:00.000000000,60.54799270629883,60.64457809450471,59.03163711284683,59.842935951997106,1078400,APO
2023-04-28T00:00:00.000000000,61.22407913208008,61.52348832583568,59.99747226549919,60.238930223069694,2263000,APO
2023-05-01T00:00:00.000000000,61.54280090332031,62.19956679462467,60.86671793470044,61.15646672572159,2064000,APO
2023-05-02T00:00:00.000000000,59.16685485839844,61.28202887309761,58.2300005112445,61.088861774882915,3064600,APO
2023-05-03T00:00:00.000000000,58.8481330871582,60.47073083950144,58.73223430037826,59.01232272806679,2453100,APO
2023-05-04T00:00:00.000000000,56.05687713623047,58.7612053708541,55.535327093196784,58.6935974413152,4077700,APO
2023-05-05T00:00:00.000000000,58.4617919921875,58.51008652497774,56.04721272689833,56.04721272689833,2208700,APO
2023-05-08T00:00:00.000000000,59.717376708984375,59.92020048489597,58.87710046416959,58.993002922709586,2431000,APO
2023-05-09T00:00:00.000000000,60.132686614990234,61.214420890348414,57.84366626659748,59.128224336951845,4202700,APO
2023-05-10T00:00:00.000000000,61.46553421020508,62.605216011296235,60.96330123986357,61.47519459129473,3859700,APO
2023-05-11T00:00:00.000000000,61.54280090332031,62.276835103886725,60.934325863126844,61.19510088035262,2252400,APO
2023-05-12T00:00:00.000000000,60.3741455078125,61.99674694614913,59.86225582169153,61.803579845083625,1848700,APO
2023-05-15T00:00:00.000000000,61.02125549316406,61.61041350068942,60.11337489666883,60.673555443847064,1631500,APO
2023-05-16T00:00:00.000000000,59.920204162597656,61.25304935841282,59.88157000737976,60.663895070941045,1723100,APO
2023-05-17T00:00:00.000000000,61.253047943115234,61.987082137871646,60.17131741249898,60.59628574136503,2674300,APO
2023-05-18T00:00:00.000000000,61.5621223449707,61.72631198725884,60.6832155287631,61.146814364134094,1963600,APO
2023-05-19T00:00:00.000000000,62.08720779418945,62.466439959003424,61.24122806426753,62.15527491559812,1736700,APO
2023-05-22T00:00:00.000000000,64.1778564453125,64.46957694211353,62.398377736099064,62.398377736099064,3488700,APO
2023-05-23T00:00:00.000000000,62.54423522949219,64.45012211336156,62.534509235024466,63.85696256975179,1451600,APO
2023-05-24T00:00:00.000000000,61.23150634765625,61.78576931820096,60.900893022298,61.76632103913519,1626500,APO
2023-05-25T00:00:00.000000000,62.456722259521484,62.78733187706865,61.241228923112345,61.54267168599237,2299500,APO
2023-05-26T00:00:00.000000000,63.613868713378906,64.43068166949668,62.952642003668544,62.952642003668544,2207800,APO
2023-05-30T00:00:00.000000000,64.93631744384766,65.29610504861466,64.03199285349604,64.37232846948642,3637000,APO
2023-05-31T00:00:00.000000000,65.00438690185547,65.80174783885522,64.54736159307019,65.39334508499785,3728700,APO
2023-06-01T00:00:00.000000000,66.12264251708984,66.59911242268058,64.76129251092703,65.08218358599783,3013000,APO
2023-06-02T00:00:00.000000000,67.77569580078125,68.32995875077293,66.4921391050763,66.79358556472766,2887000,APO
2023-06-05T00:00:00.000000000,68.5536117553711,68.7286425502203,67.3381221852404,67.45481185472639,3116200,APO
2023-06-06T00:00:00.000000000,68.97174835205078,69.37042511889247,68.22300995547664,68.26189909765986,3338500,APO
2023-06-07T00:00:00.000000000,69.60379028320312,69.83716218248944,68.97173427965872,69.3606923909752,2611500,APO
2023-06-08T00:00:00.000000000,70.74150085449219,70.82901255227625,69.33153576372811,69.55518171501656,3179100,APO
2023-06-09T00:00:00.000000000,70.96515655517578,71.20825450424033,70.60536891980642,70.71233261089567,2397300,APO
2023-06-12T00:00:00.000000000,71.60691833496094,71.8013936915432,70.68314926305621,70.87762461963847,2104300,APO
2023-06-13T00:00:00.000000000,73.9114990234375,73.96011415970018,71.68472102482207,71.78195871610774,4200900,APO
2023-06-14T00:00:00.000000000,74.0476303100586,74.40741049528572,73.42530020823652,73.74618383475477,2397400,APO
2023-06-15T00:00:00.000000000,75.25338745117188,75.36035112368688,73.94066023793049,74.03789791691887,2936600,APO
2023-06-16T00:00:00.000000000,74.95196533203125,75.44787983239252,74.61162966940262,75.44787983239252,4105700,APO
2023-06-20T00:00:00.000000000,74.29072570800781,74.46575650685723,73.76563331145954,74.04762778842581,2908000,APO
2023-06-21T00:00:00.000000000,74.30045318603516,74.63106280226519,73.90176902895315,74.29072719180489,1402800,APO
2023-06-22T00:00:00.000000000,72.80296325683594,74.16430558976646,72.72517014673724,73.8823185484875,2019300,APO
2023-06-23T00:00:00.000000000,70.98458862304688,72.26814527126118,70.44005168706485,72.18063358601808,8221400,APO
2023-06-26T00:00:00.000000000,71.63610076904297,71.95699183746935,70.75122810555389,70.79984324337694,1691500,APO
2023-06-27T00:00:00.000000000,72.69599914550781,73.4155668626708,71.46105764112724,71.65554041519782,2483500,APO
2023-06-28T00:00:00.000000000,73.06551361083984,73.28916697180708,72.01532876751219,72.47235406518774,2001900,APO
2023-06-29T00:00:00.000000000,73.71701049804688,74.22265832348579,73.04606528714177,73.54197969981952,2232300,APO
2023-06-30T00:00:00.000000000,74.68939971923828,75.45759000740193,74.25182644742482,74.63105859466567,1924200,APO
2023-07-03T00:00:00.000000000,74.94223022460938,75.40898151858036,74.63106516821543,74.63106516821543,1282700,APO
2023-07-05T00:00:00.000000000,73.93094635009766,74.58244706663388,73.13358538181558,74.28100798678351,1869900,APO
2023-07-06T00:00:00.000000000,72.45289611816406,73.00715900223938,71.73332103312973,72.55013378894313,2298200,APO
2023-07-07T00:00:00.000000000,73.9114990234375,74.14487096627518,71.76251414535473,71.95698952792608,1675900,APO
2023-07-10T00:00:00.000000000,73.7072982788086,74.31017642121104,73.30861409672664,73.74618742064844,1541400,APO
2023-07-11T00:00:00.000000000,75.80766296386719,76.08965747286774,73.9017759480888,74.38797184248412,1914200,APO
2023-07-12T00:00:00.000000000,75.83683776855469,77.21763982405946,75.40899040233441,77.10095013212974,1328400,APO
2023-07-13T00:00:00.000000000,78.32615661621094,78.73455936125112,76.29385404801747,76.64391566341195,2252600,APO
2023-07-14T00:00:00.000000000,78.07333374023438,78.99710292626726,77.0814900103521,78.87069467074747,1547700,APO
2023-07-17T00:00:00.000000000,78.70539093017578,79.17213481751536,76.91618624534657,76.95508280575159,1965400,APO
2023-07-18T00:00:00.000000000,80.18341827392578,80.28065595966711,78.83179441146967,79.19158200934845,2215900,APO
2023-07-19T00:00:00.000000000,79.6097183227539,81.06830600417567,79.0846258671908,80.98078688553485,1996400,APO
2023-07-20T00:00:00.000000000,79.32771301269531,80.10562188560914,78.95819943570864,78.95819943570864,1508100,APO
2023-07-21T00:00:00.000000000,78.55952453613281,79.95004493207382,78.45256085807891,79.55136078318932,2069700,APO
2023-07-24T00:00:00.000000000,78.6081314086914,79.01654150869082,77.78160005320221,78.27752183399932,1448700,APO
2023-07-25T00:00:00.000000000,78.91931915283203,79.40551503498966,78.58870209520943,78.67622121175322,2644100,APO
2023-07-26T00:00:00.000000000,79.19158935546875,79.59026612961897,78.5109106546173,78.9193208426324,1689300,APO
2023-07-27T00:00:00.000000000,78.48172760009766,80.00838216309016,78.170562575117,79.95976703282533,1593600,APO
2023-07-28T00:00:00.000000000,79.5513687133789,79.83336321829024,78.98738712231673,79.43468644842282,1766200,APO
2023-07-31T00:00:00.000000000,79.4541244506836,79.89170516437277,78.90958747588094,79.50274700290235,1735700,APO
2023-08-01T00:00:00.000000000,79.69721221923828,79.84307243854916,78.64702754271066,78.78316176906509,1979300,APO
2023-08-02T00:00:00.000000000,79.08462524414062,79.24993006623023,78.11223346418689,78.92903899834297,2328200,APO
2023-08-03T00:00:00.000000000,83.5576171875,84.08270958387249,79.7069470328615,79.73611759620002,3102000,APO
2023-08-04T00:00:00.000000000,83.76181030273438,85.39542845768854,83.13948028358602,84.42303687542437,2341300,APO
2023-08-07T00:00:00.000000000,83.88822937011719,84.52028546395776,83.30479582917204,83.62568687325786,1960000,APO
2023-08-08T00:00:00.000000000,80.20287322998047,81.67117940215219,80.02784242166567,80.20287322998047,7026200,APO
2023-08-09T00:00:00.000000000,79.44440460205078,80.31955867836835,78.74428875975718,80.02784559876946,6487200,APO
2023-08-10T00:00:00.000000000,79.34716033935547,80.22231434321525,78.54979945111876,79.41522746083568,3135100,APO
2023-08-11T00:00:00.000000000,79.16240692138672,79.73611442760519,78.452557760399,78.82206391260279,2047900,APO
2023-08-14T00:00:00.000000000,79.69721221923828,79.78473131832838,78.0733200771825,78.78316176906509,1627000,APO
2023-08-15T00:00:00.000000000,78.2969741821289,79.36661095656814,78.26780361896415,79.24019529117457,1786100,APO
2023-08-16T00:00:00.000000000,78.04415893554688,78.76372670722432,77.99553638365578,78.1608411900698,1380400,APO
2023-08-17T00:00:00.000000000,77.42825317382812,78.66006842840916,76.96877357559404,78.43521782099776,2088800,APO
2023-08-18T00:00:00.000000000,79.34441375732422,79.5888211321922,76.63637586690325,76.66570355849203,1634000,APO
2023-08-21T00:00:00.000000000,79.72567749023438,80.11672326823313,78.83603119023094,79.15865066992802,1956600,APO
2023-08-22T00:00:00.000000000,79.70613098144531,80.71308816091988,79.56926344979175,80.55667132133912,1605600,APO
2023-08-23T00:00:00.000000000,81.20189666748047,81.61250668962109,79.50082357708243,79.68657555236699,2545100,APO
2023-08-24T00:00:00.000000000,80.67398071289062,82.58036265770292,80.50778549281516,81.82758378770309,1493700,APO
2023-08-25T00:00:00.000000000,81.28988647460938,81.74937348811224,80.20471723893422,80.8988332210716,1278100,APO
2023-08-28T00:00:00.000000000,81.76892852783203,82.44349525101592,81.3778752468744,82.1208757348218,1451800,APO
2023-08-29T00:00:00.000000000,83.05938720703125,83.45044043183586,81.49518176653271,81.54406621665325,2434900,APO
2023-08-30T00:00:00.000000000,83.19625854492188,83.33312606109304,82.7954343786264,83.11804640461828,1656300,APO
2023-08-31T00:00:00.000000000,85.38614654541016,85.71854441344209,83.25492165547476,83.57753368253603,3618600,APO
2023-09-01T00:00:00.000000000,84.50630187988281,86.22692454185498,83.94905332687742,85.71856045052722,2685500,APO
2023-09-05T00:00:00.000000000,86.7841567993164,86.89169662783702,84.61382584057742,84.64315352858846,3557100,APO
2023-09-06T00:00:00.000000000,85.11241149902344,86.30512053690171,85.04397774072157,86.12914695002262,1725700,APO
2023-09-07T00:00:00.000000000,85.17107391357422,85.46435825111219,83.62641770955888,84.408516735047,2024300,APO
2023-09-08T00:00:00.000000000,85.89452362060547,86.98947128396912,85.01465562850261,85.05376170134281,1539200,APO
2023-09-11T00:00:00.000000000,86.61796569824219,86.96013450578131,86.24646920130266,86.85259467216606,886900,APO
2023-09-12T00:00:00.000000000,88.14307403564453,88.49501377260069,86.21714284227969,86.25624891499052,2054400,APO
2023-09-13T00:00:00.000000000,88.57322692871094,89.64861783500763,87.94754467563938,88.17240273161235,3088700,APO
2023-09-14T00:00:00.000000000,89.13047790527344,89.34555758427788,87.84978567321004,88.96428268375945,2576600,APO
2023-09-15T00:00:00.000000000,89.72682189941406,90.33295479067166,88.92516611870312,89.13046739024519,3257500,APO
2023-09-18T00:00:00.000000000,90.00056457519531,90.26452870297766,88.83719060427552,89.39443909115731,2075200,APO
2023-09-19T00:00:00.000000000,89.60950469970703,90.62623260215099,88.6416463280289,90.35249759312995,2069200,APO
2023-09-20T00:00:00.000000000,89.9614486694336,91.095502285084,89.40420024345916,89.60950896872548,2841400,APO
2023-09-21T00:00:00.000000000,88.3874740600586,89.7072722049458,88.13328833789541,88.93494411513001,2044100,APO
2023-09-22T00:00:00.000000000,88.77852630615234,90.0396691680956,88.37770211768887,89.00338435728109,1832900,APO
2023-09-25T00:00:00.000000000,90.41117095947266,90.51870333236052,88.1821696432715,88.40702768901265,1382800,APO
2023-09-26T00:00:00.000000000,87.86932373046875,89.94190064792983,87.80088997397674,89.14024487528621,1650900,APO
2023-09-27T00:00:00.000000000,87.54671478271484,88.47545971892818,86.77438667023246,88.20172468335878,2076100,APO
2023-09-28T00:00:00.000000000,89.06204223632812,89.64861842007072,87.60537643064453,87.60537643064453,1276300,APO
2023-09-29T00:00:00.000000000,87.75202178955078,89.61929016624232,87.54672049946768,89.45309494932565,1740400,APO
2023-10-02T00:00:00.000000000,87.59558868408203,88.37769515128278,87.19476452721368,88.02574798691445,1727600,APO
2023-10-03T00:00:00.000000000,84.62359619140625,87.64447483434265,84.16410919242237,87.17520945318118,2270700,APO
2023-10-04T00:00:00.000000000,86.00206756591797,86.56909446111577,84.77025231811062,85.01465969100059,2015800,APO
2023-10-05T00:00:00.000000000,86.5984115600586,86.95035873066892,85.43503022061223,85.54257004822763,2300400,APO
2023-10-06T00:00:00.000000000,88.54389190673828,89.07181266256363,86.03138471952815,86.14870292928495,2627600,APO
2023-10-09T00:00:00.000000000,87.18498992919922,87.86932752366123,86.38333412194928,86.81349344345134,2247100,APO
2023-10-10T00:00:00.000000000,87.78134155273438,88.82740467462976,87.26319918283107,87.30230525246606,2793500,APO
2023-10-11T00:00:00.000000000,87.29253387451172,89.05226239696141,86.80371915293335,88.93495163736387,2362100,APO
2023-10-12T00:00:00.000000000,85.98249816894531,87.60536646673226,85.65010777082702,87.49782664175989,2120000,APO
2023-10-13T00:00:00.000000000,85.60123443603516,86.8330496628594,84.32054221069816,86.06072148263664,2762100,APO
2023-10-16T00:00:00.000000000,85.29816436767578,86.32467821174912,83.1767103792259,86.04116479330295,3045400,APO
2023-10-17T00:00:00.000000000,86.13893127441406,87.10678233965446,84.9071160812858,84.9071160812858,2678600,APO
2023-10-18T00:00:00.000000000,85.29816436767578,85.77720068084052,84.09567693486758,85.41548257973912,3103100,APO
2023-10-19T00:00:00.000000000,81.51473236083984,85.17107149307509,81.1921203445885,84.7995675672099,2937900,APO
2023-10-20T00:00:00.000000000,80.51756286621094,81.65160916048615,79.49104895043764,81.36810318095799,3004600,APO
2023-10-23T00:00:00.000000000,80.96726989746094,81.71027036007341,79.74523309783811,80.51756125024622,1804400,APO
2023-10-24T00:00:00.000000000,82.1208724975586,82.66834259408503,81.58317332509822,81.59295170788495,1597400,APO
2023-10-25T00:00:00.000000000,79.57904052734375,82.06222028173207,79.43239461477228,81.64183931034505,1743400,APO
2023-10-26T00:00:00.000000000,79.20752716064453,81.34853783759829,78.85558745442096,79.38350074311634,2024400,APO
2023-10-27T00:00:00.000000000,78.55252075195312,79.78433588366875,78.0539276698053,79.24663673049753,1653500,APO
2023-10-30T00:00:00.000000000,78.36677551269531,79.63768924495142,77.93661619413953,79.43238796801899,2732800,APO
2023-10-31T00:00:00.000000000,75.70762634277344,78.3081167788424,75.38500683695895,78.3081167788424,5826500,APO
2023-11-01T00:00:00.000000000,81.77870178222656,84.52583804237271,78.69916764356053,81.62227749616532,5798800,APO
2023-11-02T00:00:00.000000000,82.2381820678711,83.58730786048004,81.73958902026175,82.50213870559375,2855900,APO
2023-11-03T00:00:00.000000000,83.1278305053711,84.32053962152891,81.72004171794275,83.06917512546849,3592000,APO
2023-11-06T00:00:00.000000000,81.28988647460938,83.27447297231713,80.45890297254185,83.09849938116115,2289800,APO
2023-11-07T00:00:00.000000000,82.4630355834961,82.61945986234257,80.85972401892052,81.09435297847007,2282900,APO
2023-11-08T00:00:00.000000000,82.87364959716797,83.7241899489908,82.15020585417821,82.47282537990975,1858600,APO
2023-11-09T00:00:00.000000000,82.36527252197266,83.7926104741913,82.00354697827999,83.24514042641428,2065000,APO
2023-11-10T00:00:00.000000000,83.05938720703125,83.38200667689904,82.05243018779531,83.06916558879934,1883600,APO
2023-11-13T00:00:00.000000000,83.80239868164062,84.72137276277277,82.34573287160504,82.62923885192963,2338000,APO
2023-11-14T00:00:00.000000000,85.71854400634766,86.92103142094959,85.05375573216126,85.4839150444937,2551700,APO
2023-11-15T00:00:00.000000000,85.0244369506836,86.08027857770743,84.59427759329144,85.7185529854712,1701000,APO
2023-11-16T00:00:00.000000000,84.88688659667969,86.03639470005439,84.46441684555288,84.83775924356522,1319600,APO
2023-11-17T00:00:00.000000000,85.31916809082031,85.98725955541872,84.33668108380978,85.00477254840818,1819100,APO
2023-11-20T00:00:00.000000000,86.77325439453125,87.19572411825942,84.7002061566769,85.31917028855626,2698300,APO
2023-11-21T00:00:00.000000000,86.41956329345703,86.7339588615401,86.31148911419895,86.36061646687321,2848300,APO
2023-11-22T00:00:00.000000000,88.62033081054688,88.82665969175544,86.63571022516638,87.39222197173231,2820000,APO
2023-11-24T00:00:00.000000000,89.54386901855469,90.54601000586285,88.66945614487713,88.66945614487713,1738600,APO
2023-11-27T00:00:00.000000000,88.9249038696289,89.94669128819947,88.48278020525193,89.71088900221926,2715000,APO
2023-11-28T00:00:00.000000000,89.04279327392578,90.18248178118,88.72839773671441,88.72839773671441,3714700,APO
2023-11-29T00:00:00.000000000,90.65406799316406,91.80358342671715,89.19016452978421,89.21963793909418,4269900,APO
2023-11-30T00:00:00.000000000,90.38880920410156,90.82110590764078,87.71644321091614,87.71644321091614,4157000,APO
2023-12-01T00:00:00.000000000,91.0765380859375,91.22391262891928,89.62246158449494,90.02527733981245,3094200,APO
2023-12-04T00:00:00.000000000,88.28628540039062,89.65194177683554,87.03852267062624,89.08209749860899,3531200,APO
2023-12-05T00:00:00.000000000,89.14106750488281,89.41616272325723,87.55926250344739,87.89330455553561,1848200,APO
2023-12-06T00:00:00.000000000,88.98384857177734,90.90952222001854,88.78735416725966,90.39863227080396,2151000,APO
2023-12-07T00:00:00.000000000,89.20982360839844,89.46526483432842,87.88346014675582,89.20982360839844,2006700,APO
2023-12-08T00:00:00.000000000,90.47723388671875,90.65408186542118,88.95438337168616,89.09193096670118,1715500,APO
2023-12-11T00:00:00.000000000,90.3298568725586,91.43023751153004,89.90738716415893,90.65407188466644,1309400,APO
2023-12-12T00:00:00.000000000,91.5972671508789,91.65621397277134,90.18248345921236,90.48705203336463,1323000,APO
2023-12-13T00:00:00.000000000,90.64425659179688,92.00008601124657,90.10388572039595,91.57761628336438,3732900,APO
2023-12-14T00:00:00.000000000,91.49901580810547,92.57975755429827,89.47509489392858,91.1355003987327,4297700,APO
2023-12-15T00:00:00.000000000,92.82537078857422,93.02186518122393,91.36145982894557,91.5284883080565,3978900,APO
2023-12-18T00:00:00.000000000,92.43238067626953,93.2969665557221,91.8527094364396,92.93344365970057,1356700,APO
2023-12-19T00:00:00.000000000,93.10047912597656,94.54473635347725,92.59940860921921,93.10047912597656,2125500,APO
2023-12-20T00:00:00.000000000,90.06458282470703,93.01204386835363,89.84843448218132,92.55027377219069,2139500,APO
2023-12-21T00:00:00.000000000,90.19231414794922,90.77197790921477,89.20000012907454,90.62460335262446,1849100,APO
2023-12-22T00:00:00.000000000,89.97615814208984,90.68354995690977,89.56351541537178,90.29055367136752,1282800,APO
2023-12-26T00:00:00.000000000,90.96846771240234,91.53831197126685,89.82878669045427,90.05476199854914,1474000,APO
2023-12-27T00:00:00.000000000,91.52848815917969,91.93130391219059,90.644248402133,91.07653756441537,957600,APO
2023-12-28T00:00:00.000000000,92.6190414428711,92.953090903549,91.48918744742842,91.57760767491988,2004600,APO
2023-12-29T00:00:00.000000000,91.55796813964844,92.98257132573826,91.5088407901497,92.46185440248861,2329700,APO
2024-01-02T00:00:00.000000000,89.73053741455078,90.958646135885,89.24911339882561,90.87021841014294,1955200,APO
2024-01-03T00:00:00.000000000,90.55582427978516,90.99794792378127,88.18803452618792,88.76769825366037,2465100,APO
2024-01-04T00:00:00.000000000,93.13977813720703,94.72158293490352,91.30252460001542,91.68569396136733,4026800,APO
2024-01-05T00:00:00.000000000,93.26750183105469,93.77839183109079,92.42256231517122,93.13978120499111,2415500,APO
2024-01-08T00:00:00.000000000,94.60367584228516,94.60367584228516,93.24784645621912,93.95523081257025,1764500,APO
2024-01-09T00:00:00.000000000,93.98471069335938,94.0829578949092,92.81554875630775,93.93558334469397,1796700,APO
2024-01-10T00:00:00.000000000,95.02613830566406,95.45843495914002,93.64082811836003,94.00435098567213,3235800,APO
2024-01-11T00:00:00.000000000,93.6703109741211,95.56651126476571,93.13977456779762,95.30124306160397,2033900,APO
2024-01-12T00:00:00.000000000,93.73908996582031,94.58402190500563,93.48364124237484,94.08295892289243,1378300,APO
2024-01-16T00:00:00.000000000,93.78821563720703,93.79804260681328,92.54046034534872,93.33627248047955,1280800,APO
2024-01-17T00:00:00.000000000,94.37770080566406,94.88859825404313,92.687821930809,92.82537700981959,2000700,APO
2024-01-18T00:00:00.000000000,94.88860321044922,95.22264521694602,93.47381942815342,94.85912979761497,1904900,APO
2024-01-19T00:00:00.000000000,97.20726013183594,97.20726013183594,94.14189818403679,95.41913420289822,2653800,APO
2024-01-22T00:00:00.000000000,95.74336242675781,97.88518454933565,95.66476915757941,97.59044292440824,2062600,APO
2024-01-23T00:00:00.000000000,93.64083099365234,95.79247986307274,93.53275682696489,95.713879106249,2302000,APO
2024-01-24T00:00:00.000000000,96.3623275756836,97.06971942100388,94.17137824897111,94.43665393885671,2279100,APO
2024-01-25T00:00:00.000000000,98.22905731201172,98.29783110480871,96.76514622910541,97.2956901288741,2973400,APO
2024-01-26T00:00:00.000000000,98.55327606201172,98.73995100485008,97.59044292646774,98.53362961866209,2053800,APO
2024-01-29T00:00:00.000000000,99.43750762939453,99.55540876699695,97.83605652981136,98.35677343660548,2121900,APO
2024-01-30T00:00:00.000000000,99.8206787109375,100.11542781223247,98.4255489558075,99.76173188899092,3105000,APO
2024-01-31T00:00:00.000000000,98.64170837402344,100.42000766305759,98.6122349597405,99.18207179270149,3337000,APO
2024-02-01T00:00:00.000000000,98.78907775878906,99.8796390047383,96.28373273522321,99.01504558695859,2817200,APO
2024-02-02T00:00:00.000000000,101.3238754272461,101.99196684630057,99.24100791167311,99.24100791167311,2223300,APO
2024-02-05T00:00:00.000000000,101.19615936279297,101.59898262425072,100.2431457888864,100.92106420656856,1701800,APO
2024-02-06T00:00:00.000000000,102.64041900634766,103.00393440229561,101.019313942708,101.44178365631372,2163900,APO
2024-02-07T00:00:00.000000000,104.04537200927734,104.66433610419926,102.34566624670974,103.16113223383121,3283800,APO
2024-02-08T00:00:00.000000000,105.52892303466797,107.05177325395684,101.99196414751123,102.72882933303883,3047100,APO
2024-02-09T00:00:00.000000000,108.00479125976562,108.2995403445691,104.30081873766937,104.89030941149569,4078100,APO
2024-02-12T00:00:00.000000000,106.97318267822266,109.77327664622518,106.95353623621628,107.92619627482354,2928900,APO
2024-02-13T00:00:00.000000000,107.94584655761719,109.20342868531233,105.02785904481603,105.02785904481603,3421100,APO
2024-02-14T00:00:00.000000000,110.59856414794922,111.09963462971515,108.46656910184755,108.46656910184755,2922100,APO
2024-02-15T00:00:00.000000000,112.05264282226562,112.28843759813135,110.85400750996197,110.99155508719872,3145500,APO
2024-02-16T00:00:00.000000000,111.15519714355469,113.44319311148918,111.14533298390971,112.42740286838432,3293000,APO
2024-02-20T00:00:00.000000000,108.08809661865234,110.45499078312046,107.58512982171744,109.7153368269835,2653300,APO
2024-02-21T00:00:00.000000000,107.77250671386719,108.59105886347437,106.40168204122327,107.30898905025472,2339900,APO
2024-02-22T00:00:00.000000000,109.97174835205078,110.86919120734571,108.54174624043414,109.96188419289513,2359700,APO
2024-02-23T00:00:00.000000000,110.07037353515625,110.91851069046668,109.23210053955388,110.52402706778636,2606300,APO
2024-02-26T00:00:00.000000000,109.3504409790039,110.8297489293245,109.3208560238614,110.45499362393704,1958900,APO
2024-02-27T00:00:00.000000000,109.29126739501953,109.65616605252673,108.25574885494315,109.31098818973521,1898700,APO
2024-02-28T00:00:00.000000000,110.24789428710938,110.91851420969861,108.97568851377908,109.08417170156186,3512300,APO
2024-02-29T00:00:00.000000000,110.25775909423828,110.67196352775834,108.59106967592957,110.45499715091938,2881200,APO
2024-03-01T00:00:00.000000000,109.47865295410156,112.05264940065614,108.33465118934427,110.02106135706116,3255300,APO
2024-03-04T00:00:00.000000000,109.82382202148438,110.64237422040367,106.87507030241588,108.54175213102889,3300800,APO
2024-03-05T00:00:00.000000000,107.90072631835938,110.08023914530293,107.50624269048126,109.67589135758679,2132900,APO
2024-03-06T00:00:00.000000000,107.29914093017578,109.35044226030269,106.94410641600683,108.60093164074549,2315900,APO
2024-03-07T00:00:00.000000000,109.38003540039062,109.68575664115733,106.95396369753739,107.54569290749153,1639600,APO
2024-03-08T00:00:00.000000000,107.24983215332031,109.57727738864848,106.43127990442316,109.46879419787176,1756900,APO
2024-03-11T00:00:00.000000000,107.25968933105469,107.39775746957329,105.6916190090945,107.24982517140357,2446500,APO
2024-03-12T00:00:00.000000000,108.42341613769531,108.84748472958258,106.80604000216005,107.49638072190697,1545500,APO
2024-03-13T00:00:00.000000000,108.4628677368164,110.0901005454946,108.29520710891133,108.42341861990637,1553800,APO
2024-03-14T00:00:00.000000000,108.4924545288086,108.87707402000085,107.29914693765443,108.79817578484607,1984100,APO
2024-03-15T00:00:00.000000000,108.88693237304688,109.4589257370377,107.55554917930505,107.71334564119867,4125700,APO
2024-03-18T00:00:00.000000000,108.75872039794922,110.20844340771325,108.58120314115874,109.26168721288049,2235800,APO
2024-03-19T00:00:00.000000000,109.21237182617188,109.92244083960513,108.08809839628564,108.48258201754292,2338000,APO
2024-03-20T00:00:00.000000000,111.08617401123047,111.14534392662739,108.48259239566647,108.95597429129174,3427600,APO
2024-03-21T00:00:00.000000000,112.9500961303711,114.94223512618035,112.12168725824024,112.41754434508,3599400,APO
2024-03-22T00:00:00.000000000,111.02699279785156,112.99940336797158,110.90864545495064,112.72326709201866,1504700,APO
2024-03-25T00:00:00.000000000,111.85540008544922,112.27946865315153,109.84354042873242,110.68182092880959,1612400,APO
2024-03-26T00:00:00.000000000,112.31892395019531,113.13747617638163,111.63843986768507,111.8751345632579,1471400,APO
2024-03-27T00:00:00.000000000,112.01319885253906,113.41360856115048,110.97768028645146,112.96981918948394,1733000,APO
2024-03-28T00:00:00.000000000,110.89878845214844,111.85540884425563,110.48458401148852,111.81595972740949,1515400,APO
2024-04-01T00:00:00.000000000,110.91851043701172,111.50036794791991,109.74492373136054,111.00726530173361,1472600,APO
2024-04-02T00:00:00.000000000,109.03485870361328,110.39582687230389,106.56934538253556,110.39582687230389,2479200,APO
2024-04-03T00:00:00.000000000,111.03684997558594,111.35244289152965,109.03485444100083,109.03485444100083,1513400,APO
2024-04-04T00:00:00.000000000,109.54768371582031,113.85739595066022,109.54768371582031,112.11181592512501,2636900,APO
2024-04-05T00:00:00.000000000,113.0881576538086,113.2656749051777,109.68575244740795,110.65222940830155,1517500,APO
2024-04-08T00:00:00.000000000,114.458984375,114.84360383894143,113.20650695829444,114.3998144649011,1683600,APO
2024-04-09T00:00:00.000000000,110.3267822265625,115.53394465776036,110.10981587123779,114.73511330186948,1961100,APO
2024-04-10T00:00:00.000000000,112.64436340332031,113.92642569726468,108.48257609823337,109.46878133549004,2418400,APO
2024-04-11T00:00:00.000000000,111.46092224121094,112.75285633014106,110.69168329350494,111.46092224121094,1425100,APO
2024-04-12T00:00:00.000000000,108.61079406738281,111.12562075614014,107.78238517291912,110.45500080741483,2217800,APO
2024-04-15T00:00:00.000000000,106.09596252441406,110.79029409364723,105.70147891986828,109.95202113658051,1855500,APO
2024-04-16T00:00:00.000000000,106.34251403808594,106.83561666366458,104.34051858210049,105.65216584778648,2208100,APO
2024-04-17T00:00:00.000000000,106.00721740722656,107.14135513348266,104.90267216355468,106.88493962013733,2430400,APO
2024-04-18T00:00:00.000000000,105.81983947753906,106.8750789251344,104.97170225526807,106.10583241430847,1531100,APO
2024-04-19T00:00:00.000000000,106.14527893066406,107.27941658605855,104.82376737551114,105.62259129992,2162700,APO
2024-04-22T00:00:00.000000000,109.07431030273438,110.17886300441626,106.5200420555415,107.39776421589463,2540700,APO
2024-04-23T00:00:00.000000000,112.2005844116211,112.47672824234247,109.42934966105153,109.62659525442395,1874700,APO
2024-04-24T00:00:00.000000000,111.16506958007812,112.7528608144241,110.68183105958364,112.59506434495255,1410100,APO
2024-04-25T00:00:00.000000000,110.33665466308594,111.42148659507083,108.25576071958749,109.95203516870943,1399100,APO
2024-04-26T00:00:00.000000000,110.67196655273438,110.95796700964387,109.63644791648105,110.95796700964387,1537600,APO
2024-04-29T00:00:00.000000000,109.38003540039062,111.74692214360931,109.24195973369173,111.25381948474717,1766700,APO
2024-04-30T00:00:00.000000000,106.88492584228516,109.74492266726483,106.4016873604699,108.9165138412958,2405500,APO
2024-05-01T00:00:00.000000000,106.28334045410156,108.55161562353553,105.72120374155826,107.10189264798983,2223500,APO
2024-05-02T00:00:00.000000000,110.5240249633789,111.58912846709111,105.44506628792914,106.26361847267921,4930500,APO
2024-05-03T00:00:00.000000000,107.95002746582031,111.68774632520862,107.71334030884651,111.44119500881743,3300700,APO
2024-05-06T00:00:00.000000000,109.94216918945312,110.14927139773708,106.63837544413738,108.10782674562472,1906300,APO
2024-05-07T00:00:00.000000000,111.61872100830078,112.18085775277729,108.67982577588789,109.35044571001335,3273600,APO
2024-05-08T00:00:00.000000000,111.75678253173828,111.79623164601378,108.91651402124573,111.00726440880236,1935500,APO
2024-05-09T00:00:00.000000000,110.64237976074219,112.2104426434127,110.37610010479648,111.48065279687012,2587300,APO
2024-05-10T00:00:00.000000000,110.51416778564453,111.37216913853109,110.02106511656827,111.37216913853109,1263200,APO
2024-05-13T00:00:00.000000000,108.26561737060547,111.04671603466048,108.12754922959311,111.04671603466048,1757500,APO
2024-05-14T00:00:00.000000000,109.34058380126953,109.40961787097623,107.87113249384923,108.1768612518212,1506000,APO
2024-05-15T00:00:00.000000000,113.72919464111328,113.88699110035265,109.48850885092165,109.8435433600609,2333600,APO
2024-05-16T00:00:00.000000000,111.62307739257812,114.0688174581474,111.57356533411969,113.87078433327262,1814800,APO
2024-05-17T00:00:00.000000000,111.96964263916016,112.53404537262713,111.05867814908709,112.16767577022657,1782700,APO
2024-05-20T00:00:00.000000000,111.8409194946289,112.8013960892769,111.52406193753184,111.96964783482713,1395700,APO
2024-05-21T00:00:00.000000000,113.57373809814453,113.77177879669131,111.06858180874943,111.67259271897673,1553900,APO
2024-05-22T00:00:00.000000000,112.72217559814453,114.40548744532029,112.2171888430236,113.29648225969201,1161800,APO
2024-05-23T00:00:00.000000000,111.7716064453125,113.87079246958194,111.1477952583528,113.87079246958194,1264800,APO
2024-05-24T00:00:00.000000000,114.38568878173828,114.752058416856,111.82112399935538,112.03896499566969,1944700,APO
2024-05-28T00:00:00.000000000,114.46489715576172,116.05908882286508,114.00941490151503,114.61342578430474,2507700,APO
2024-05-29T00:00:00.000000000,112.05875396728516,113.66284950623319,111.05867684630756,113.66284950623319,1779700,APO
2024-05-30T00:00:00.000000000,115.62340545654297,115.67291751694947,111.81121099411548,111.8805233459967,2117200,APO
2024-05-31T00:00:00.000000000,115.01940155029297,118.37611374692327,112.10826767713478,116.07889466907481,5138200,APO
2024-06-03T00:00:00.000000000,115.40557861328125,116.03929373932655,113.2568804734762,115.7917485321376,2801500,APO
2024-06-04T00:00:00.000000000,112.76178741455078,115.8709545395678,112.61326633730476,114.52431559416377,2251200,APO
2024-06-05T00:00:00.000000000,115.13822174072266,115.177829879097,112.6924739660864,113.61334240847009,2033800,APO
2024-06-06T00:00:00.000000000,111.86072540283203,118.1285716360962,111.09828196165257,115.13822141048936,2985400,APO
2024-06-07T00:00:00.000000000,111.25672149658203,112.98953799321244,110.0387957206933,111.71220378344438,2854000,APO
2024-06-10T00:00:00.000000000,117.60376739501953,117.76219994526716,110.55368510755594,111.19730412259725,4711700,APO
2024-06-11T00:00:00.000000000,115.56400299072266,117.34633149460768,114.5639182438494,117.22750707618863,2774000,APO
2024-06-12T00:00:00.000000000,117.21760559082031,118.51474763348162,116.89085165371172,117.68299179620809,2832000,APO
2024-06-13T00:00:00.000000000,115.13822174072266,117.6136737305197,113.46481377818628,116.861134210367,1711600,APO
2024-06-14T00:00:00.000000000,114.73225402832031,115.15803208196878,112.48453934238066,113.87079399759523,2072300,APO
2024-06-17T00:00:00.000000000,115.14812469482422,115.82144793256137,113.73216586639813,114.82136322184591,1303900,APO
2024-06-18T00:00:00.000000000,116.16801452636719,116.48487208938687,114.58372671126872,115.20753791376619,1518000,APO
2024-06-20T00:00:00.000000000,117.2671127319336,117.405737439913,115.70262525104609,115.70262525104609,2013500,APO
2024-06-21T00:00:00.000000000,116.62349700927734,117.04927506857777,115.20753811946244,116.94035457286276,3778400,APO
2024-06-24T00:00:00.000000000,117.11857604980469,118.37610981293344,116.05908296623295,116.14820316065348,2865700,APO
2024-06-25T00:00:00.000000000,117.30671691894531,117.83151151782897,115.43527586978523,116.42545663884262,2248200,APO
2024-06-26T00:00:00.000000000,116.90074157714844,117.00966206833898,115.73232794349705,116.79182108595789,1735900,APO
2024-06-27T00:00:00.000000000,116.84133911132812,117.36613374777232,115.91056670436352,116.24723211826827,2319100,APO
2024-06-28T00:00:00.000000000,116.91064453125,118.12857021606739,116.68289962760844,117.3364225693348,15003100,APO
2024-07-01T00:00:00.000000000,117.57405853271484,118.1582690955591,115.37585608904367,117.90081998882368,3010800,APO
2024-07-02T00:00:00.000000000,118.8613052368164,118.9999299457389,116.17791615055947,116.88094361851785,2426400,APO
2024-07-03T00:00:00.000000000,118.62366485595703,119.6138456726028,117.82161325742747,119.21777183504848,1812200,APO
2024-07-05T00:00:00.000000000,117.57405853271484,118.96031307466309,116.41554888412473,118.41571064781502,1596300,APO
2024-07-08T00:00:00.000000000,114.7817611694336,117.84142389362215,114.57382409955363,117.5443666198049,2128400,APO
2024-07-09T00:00:00.000000000,115.53429412841797,116.72250804690273,114.28666422587307,114.60352177443433,1354700,APO
2024-07-10T00:00:00.000000000,118.0394515991211,118.2176844443002,115.86105687313646,116.0887942253498,1259400,APO
2024-07-11T00:00:00.000000000,119.910888671875,120.03961700569955,118.01964734628955,118.62365821498723,1685300,APO
2024-07-12T00:00:00.000000000,119.35639190673828,121.55459444298488,119.25737533981759,120.29706062420462,1461600,APO
2024-07-15T00:00:00.000000000,121.29714965820312,121.33675779728219,119.4356124483676,120.05942364128268,1905200,APO
2024-07-16T00:00:00.000000000,122.78241729736328,122.7923212204642,120.93077651044351,121.79223651270712,2180800,APO
2024-07-17T00:00:00.000000000,119.99010467529297,122.1684993232556,118.97021970226102,121.76252914040352,2135600,APO
2024-07-18T00:00:00.000000000,119.14845275878906,121.39615976180853,119.07914040771304,120.2673542988677,1630400,APO
2024-07-19T00:00:00.000000000,119.3266830444336,120.75253817241132,118.6533598393265,119.9207899772976,1746600,APO
2024-07-22T00:00:00.000000000,122.77252197265625,123.07948317444404,119.88119569204092,120.02972433103754,1936900,APO
2024-07-23T00:00:00.000000000,123.61416625976562,124.07955244001701,122.05958272086113,122.54477674743126,2088200,APO
2024-07-24T00:00:00.000000000,120.52481079101562,123.83201110838206,120.10893665909772,122.53487664976566,1887000,APO
2024-07-25T00:00:00.000000000,120.46540832519531,123.10918943622363,118.28700587751523,120.86147462979122,2516100,APO
2024-07-26T00:00:00.000000000,120.96048736572266,122.52496725225288,119.9009866818459,122.47546274608207,2097700,APO
2024-07-29T00:00:00.000000000,120.86146545410156,122.12889566333959,120.24755819589686,121.84174988065155,1657700,APO
2024-07-30T00:00:00.000000000,121.43577575683594,123.15868827684305,120.41589071594392,121.68332096305168,2200900,APO
2024-07-31T00:00:00.000000000,124.07955169677734,125.20835718682643,122.56457630510515,123.83200650063536,3662700,APO
2024-08-01T00:00:00.000000000,114.83126831054688,121.70312546357329,114.07872878908923,118.82169571630257,8726000,APO
2024-08-02T00:00:00.000000000,102.51341247558594,110.75171606458224,101.82028896807216,109.02880366413397,8835100,APO
2024-08-05T00:00:00.000000000,98.18633270263672,100.71128923433997,94.1760974021056,96.50302079368782,6621900,APO
2024-08-06T00:00:00.000000000,102.44409942626953,105.11759198233423,100.45383400472352,100.75089125133502,6501200,APO
2024-08-07T00:00:00.000000000,102.10743713378906,106.4840340417251,101.5826350137876,104.99876298255845,3875700,APO
2024-08-08T00:00:00.000000000,102.1767578125,104.58289742672504,101.1370649645154,103.72143742255267,5464400,APO
2024-08-09T00:00:00.000000000,103.67192840576172,103.87987302504888,102.03813610306631,102.44410630926672,2779700,APO
2024-08-12T00:00:00.000000000,102.0183334350586,103.45410022372548,101.41432250232296,103.17684323542807,2653200,APO
2024-08-13T00:00:00.000000000,103.58280944824219,104.3155410921359,102.75105368520421,102.80056574477635,1831400,APO
2024-08-14T00:00:00.000000000,104.93936157226562,105.63248509108332,103.58281119460267,103.99868530589329,1674800,APO
2024-08-15T00:00:00.000000000,109.74174499511719,110.29624385154384,107.34550916043878,107.56334260083472,3826900,APO
2024-08-16T00:00:00.000000000,110.37115478515625,110.85837667764726,108.67084331096879,109.55580061181188,1950100,APO
2024-08-19T00:00:00.000000000,110.97769165039062,111.37542703033792,110.19216636119187,110.42086667016727,1558600,APO
2024-08-20T00:00:00.000000000,109.2276611328125,111.33565334784058,108.33275841953778,110.62967664797148,1593000,APO
2024-08-21T00:00:00.000000000,108.66089630126953,109.36687303766838,107.67650705881724,109.3171608536856,1667200,APO
2024-08-22T00:00:00.000000000,107.8554916381836,109.3668771215556,107.44781074897362,108.64101700169353,1773800,APO
2024-08-23T00:00:00.000000000,110.87826538085938,111.08707475913785,108.05435086615392,108.61118346106828,1874500,APO
2024-08-26T00:00:00.000000000,111.25611114501953,112.16095938102178,110.80866355576534,111.33565974325153,1315900,APO
2024-08-27T00:00:00.000000000,112.93653869628906,113.53313800776895,111.41520779685521,111.92231303921861,2083400,APO
2024-08-28T00:00:00.000000000,112.74761199951172,114.00047585645639,112.27033558764732,112.8669348955637,1853900,APO
2024-08-29T00:00:00.000000000,112.61834716796875,114.06012940909231,112.25044060800279,113.224891925284,2741900,APO
2024-08-30T00:00:00.000000000,115.0743637084961,115.56158561082245,112.02175633599308,113.27461265626086,2645000,APO
2024-09-03T00:00:00.000000000,110.68933868408203,114.09990701418381,110.08279390918261,113.61268513450405,3076400,APO
2024-09-04T00:00:00.000000000,108.90948486328125,110.9777029812355,107.39809936857448,110.35127481452577,2779300,APO
2024-09-05T00:00:00.000000000,108.23332977294922,109.46630266765283,107.01030234929974,109.33704188863582,2490400,APO
2024-09-06T00:00:00.000000000,107.38814544677734,110.58990433036686,105.86681460006878,108.56146067269826,4233200,APO
2024-09-09T00:00:00.000000000,106.98046875,108.32282668926317,105.14095103752882,105.6082895691334,4438800,APO
2024-09-10T00:00:00.000000000,106.1352767944336,107.73615616335543,102.58550245164412,107.29865408263983,3774900,APO
2024-09-11T00:00:00.000000000,108.05435180664062,108.37253861243036,103.77871707797671,108.30293548573172,2878800,APO
2024-09-12T00:00:00.000000000,111.73339080810547,111.82287728801157,107.89525833347531,109.05862808928418,2505700,APO
2024-09-13T00:00:00.000000000,113.741943359375,115.01469053510432,112.09135173652965,112.35981876202786,2917000,APO
2024-09-16T00:00:00.000000000,116.49626159667969,116.69512550989835,113.1851250970021,114.11979459253622,2341200,APO
2024-09-17T00:00:00.000000000,117.12268829345703,117.7391785546388,115.5317542489885,117.00336539530743,2213600,APO
2024-09-18T00:00:00.000000000,116.88404846191406,118.75339498996152,116.73489673783907,117.86843770293416,2505600,APO
2024-09-19T00:00:00.000000000,120.93098449707031,121.63696119776324,118.67384056283396,119.81732694300983,2236900,APO
2024-09-20T00:00:00.000000000,123.77478790283203,124.58019658947286,120.4338226740061,120.88127025854617,4562700,APO
2024-09-23T00:00:00.000000000,124.5205307006836,126.21089655958492,123.49635964584621,124.56029741057921,3157700,APO
2024-09-24T00:00:00.000000000,124.42109680175781,125.35577383622807,123.58585930504351,124.17251312971118,3173300,APO
2024-09-25T00:00:00.000000000,123.82449340820312,125.71373077046898,123.20801077707935,125.54469569975255,2377200,APO
2024-09-26T00:00:00.000000000,124.78900909423828,125.06742160591998,123.78472888895331,124.78900909423828,2409400,APO
2024-09-27T00:00:00.000000000,125.09724426269531,125.59441160507777,124.19240364436851,125.30605363615535,2293300,APO
2024-09-30T00:00:00.000000000,124.20235443115234,124.81883710694194,122.58158397046746,124.2918409152488,3685300,APO
2024-10-01T00:00:00.000000000,131.26211547851562,132.29623204091808,123.75489320572632,125.32594381881779,5703900,APO
2024-10-02T00:00:00.000000000,131.94821166992188,134.52353490184032,130.80473283373453,131.85872518827455,6003700,APO
2024-10-03T00:00:00.000000000,130.6157989501953,132.70390776365832,127.78193915654447,132.2465071533124,3591600,APO
2024-10-04T00:00:00.000000000,134.5633087158203,135.4880326487353,132.9027716869124,133.35021924065651,3846900,APO
2024-10-07T00:00:00.000000000,133.4595947265625,134.6527932433929,132.85304999775857,134.20534569612428,2276600,APO
2024-10-08T00:00:00.000000000,135.32896423339844,135.44827954709282,133.6385830368929,133.8971197796895,2851500,APO
2024-10-09T00:00:00.000000000,137.2380828857422,137.28780265642217,134.23518777032749,135.08037835485595,2777700,APO
2024-10-10T00:00:00.000000000,137.13864135742188,139.55488259189838,136.69119377247247,137.2579566674501,4116300,APO
2024-10-11T00:00:00.000000000,139.41567993164062,139.50516641646752,137.23808443345564,137.40711951779886,2716500,APO
2024-10-14T00:00:00.000000000,140.569091796875,140.82762852938268,138.83895912778368,140.27080352450992,2113600,APO
2024-10-15T00:00:00.000000000,140.74807739257812,141.77224090213122,139.49520598188133,140.69835762396676,2520500,APO
2024-10-16T00:00:00.000000000,142.0407257080078,142.22963656653874,140.698367720885,141.81201779045136,2360300,APO
2024-10-17T00:00:00.000000000,144.36746215820312,145.9882326264183,142.7665826328831,145.44134548938152,2548000,APO
2024-10-18T00:00:00.000000000,144.18846130371094,145.05354276141978,143.0052158217961,144.238181070393,2119700,APO
2024-10-21T00:00:00.000000000,143.93988037109375,145.0435924540498,143.11458078002366,145.0435924540498,2143100,APO
2024-10-22T00:00:00.000000000,143.12454223632812,143.62170959706438,142.05065891645657,142.48816862147947,1926600,APO
2024-10-23T00:00:00.000000000,142.72679138183594,144.1586357294543,141.09608313534682,142.8560597436563,1652700,APO
2024-10-24T00:00:00.000000000,145.46121215820312,145.8688930141526,142.72679181646006,143.80067508044394,3174400,APO
2024-10-25T00:00:00.000000000,142.2793426513672,144.10891478174733,141.1159729215382,143.8802220585355,2354800,APO
2024-10-28T00:00:00.000000000,144.01943969726562,144.3774008095578,142.47821782010922,143.22396887302259,1941700,APO
2024-10-29T00:00:00.000000000,145.1927490234375,145.36178409230425,142.7765079479291,143.7907335334723,2368500,APO
2024-10-30T00:00:00.000000000,145.03366088867188,146.20696855954975,144.6856376724794,144.87456369427855,2456100,APO
2024-10-31T00:00:00.000000000,142.44837951660156,145.3916168188236,142.28929750020976,144.41717308942313,2845000,APO
2024-11-01T00:00:00.000000000,140.20120239257812,143.61176336663675,139.88300798385544,143.37313273243922,3130600,APO
2024-11-04T00:00:00.000000000,138.64007568359375,141.30490048743238,138.26223882638263,140.3205037025986,3728500,APO
2024-11-05T00:00:00.000000000,148.42433166503906,150.97976372625612,144.70551475703377,146.16718784931427,4864500,APO
2024-11-06T00:00:00.000000000,162.74276733398438,165.77549136754732,159.35208218215917,159.35208218215917,8676700,APO
2024-11-07T00:00:00.000000000,158.91458129882812,161.32086948639974,158.40746088430961,160.28675288716707,3563700,APO
2024-11-08T00:00:00.000000000,161.0822296142578,161.23137375792592,157.30375452710885,157.38330312784657,3093000,APO
2024-11-11T00:00:00.000000000,165.80531311035156,167.7144339353787,162.374861390813,163.1405033667752,4693300,APO
2024-11-12T00:00:00.000000000,162.8223114013672,165.49707424219213,161.54956416572722,164.13484052256433,2810000,APO
2024-11-13T00:00:00.000000000,163.40896606445312,164.97007887497503,162.45441321912818,162.82231221447802,2591300,APO
2024-11-14T00:00:00.000000000,163.37911987304688,165.7158123116902,162.4842247791175,164.42317426419265,3357500,APO
2024-11-15T00:00:00.000000000,162.70298767089844,162.9217425131126,160.23702675363745,162.04672314425594,2519000,APO
2024-11-18T00:00:00.000000000,163.8427276611328,164.64045563925228,160.88117262256392,163.2643752573811,2977000,APO
2024-11-19T00:00:00.000000000,167.7715301513672,168.66896464254148,163.48375546103162,164.03219441248083,4707100,APO
2024-11-20T00:00:00.000000000,162.42677307128906,167.61198227657073,160.43246066807333,167.0136976848437,5836900,APO
2024-11-21T00:00:00.000000000,164.55072021484375,165.47806817649854,161.8484202208525,164.042160815514,5784000,APO
2024-11-22T00:00:00.000000000,167.08349609375,169.09775594624887,166.3755236884051,166.55500450709087,3970600,APO
2024-11-25T00:00:00.000000000,174.20318603515625,176.24735929924512,171.53081470815334,171.85987808177316,6091900,APO
2024-11-26T00:00:00.000000000,175.14051818847656,175.40975462867377,171.34135541787893,172.52797375628532,2733700,APO
2024-11-27T00:00:00.000000000,173.35560607910156,176.06787207620556,173.25588437603622,174.50232958737462,1899500,APO
2024-11-29T00:00:00.000000000,174.53224182128906,175.89834089433114,173.73451384859322,175.44962366450085,1429200,APO
2024-12-02T00:00:00.000000000,171.8498992919922,175.6091825014601,171.41114812075713,175.55932164738405,2935700,APO
2024-12-03T00:00:00.000000000,172.50802612304688,173.73452401378412,171.75019287311264,173.2558932883202,4156800,APO
2024-12-04T00:00:00.000000000,174.23309326171875,175.2103172630555,171.51086117889932,172.5080173485441,4785700,APO
2024-12-05T00:00:00.000000000,175.23025512695312,178.24167111747252,173.57498739524158,174.1134450495774,3823300,APO
2024-12-06T00:00:00.000000000,177.34423828125,177.60349341866782,173.67469551134155,176.267307747105,3969600,APO
2024-12-09T00:00:00.000000000,171.9795379638672,188.95114143231729,171.17184384377177,188.76167931221653,19351400,APO
2024-12-10T00:00:00.000000000,174.21316528320312,176.17754898648235,172.24876636452788,172.67753622439704,7561800,APO
2024-12-11T00:00:00.000000000,178.10206604003906,178.96958704830482,171.62055086561293,174.91116930493922,6023000,APO
2024-12-12T00:00:00.000000000,175.9083251953125,178.85989896463533,174.7715677598281,178.02229142594067,3547400,APO
2024-12-13T00:00:00.000000000,175.9282684326172,177.01518029985127,174.38268843018648,175.90833626286738,3166600,APO
2024-12-16T00:00:00.000000000,177.64337158203125,178.90976422089173,175.38980403947784,175.73881479689013,5958900,APO
2024-12-17T00:00:00.000000000,175.81858825683594,177.22456693329121,172.40830066775933,175.99806906921046,7018500,APO
2024-12-18T00:00:00.000000000,166.96383666992188,177.60349150492206,165.9766465537439,176.1177232884232,7927900,APO
2024-12-19T00:00:00.000000000,169.14761352539062,173.0664301447729,168.88834317178103,169.56641730961036,7908400,APO
2024-12-20T00:00:00.000000000,170.5436248779297,174.3527688923268,166.91397689281118,167.0236646842047,91314300,APO
2024-12-23T00:00:00.000000000,171.1419219970703,172.2886455310096,167.8014426697578,170.15473189005237,4447700,APO
2024-12-24T00:00:00.000000000,174.35276794433594,174.35276794433594,171.31143848622986,172.0194108687782,1023900,APO
2024-12-26T00:00:00.000000000,173.87411499023438,174.58210255958548,172.0194039214589,173.13622916866916,1348400,APO
2024-12-27T00:00:00.000000000,169.79576110839844,172.91686496768955,169.21740867091785,172.18892996692804,2859000,APO
2024-12-30T00:00:00.000000000,166.03646850585938,168.38975767732924,164.71024897297974,167.47237582613192,2597800,APO
2024-12-31T00:00:00.000000000,164.69032287597656,167.12338645664514,164.46096599317522,166.52508664600998,2817000,APO
2025-01-02T00:00:00.000000000,165.38832092285156,166.51511224996625,162.5863145542098,166.51511224996625,3079600,APO
2025-01-03T00:00:00.000000000,168.5792236328125,168.94816655546802,164.7002866488476,165.6575632893487,2491500,APO
2025-01-06T00:00:00.000000000,168.61912536621094,171.62056015497777,168.54931712639473,170.314287922044,3233400,APO
2025-01-07T00:00:00.000000000,161.98802185058594,169.66612155716027,160.77149006782471,169.51655421313066,4062800,APO
2025-01-08T00:00:00.000000000,161.5193634033203,162.66610220790824,158.98659324993076,162.14757670309112,3283500,APO
2025-01-10T00:00:00.000000000,154.94810485839844,159.54499565430393,154.14041075236196,159.54499565430393,4502700,APO
2025-01-13T00:00:00.000000000,154.3597869873047,154.55921518963135,152.2956662939625,153.25294296668565,3441800,APO
2025-01-14T00:00:00.000000000,158.87689208984375,159.46521056992415,155.16746997396112,156.20450568096052,3511900,APO
2025-01-15T00:00:00.000000000,164.38121032714844,167.40259248177114,163.20455806570718,165.52793390357482,3852400,APO
2025-01-16T00:00:00.000000000,165.44815063476562,165.99658957377858,163.93246898932867,165.06922641955745,4209000,APO
2025-01-17T00:00:00.000000000,166.51512145996094,168.53934735479766,165.5378974162908,166.79432398232487,3580300,APO
2025-01-21T00:00:00.000000000,168.75872802734375,171.4410655398338,167.90117304982675,168.47952549656117,4107600,APO
2025-01-22T00:00:00.000000000,168.419677734375,170.83280915142927,167.2230933257986,169.51655565121786,3202000,APO
2025-01-23T00:00:00.000000000,169.26727294921875,172.9966427910036,167.71171163816953,167.7216777230979,3264900,APO
2025-01-24T00:00:00.000000000,171.57069396972656,171.77012216738217,168.77865355635947,169.02794260727802,2410600,APO
2025-01-27T00:00:00.000000000,166.7843475341797,168.76869393300274,163.43390195295,167.46242169064357,3299300,APO
2025-01-28T00:00:00.000000000,168.82852172851562,170.21456830309356,164.96953192193183,167.78150462618916,3672300,APO
2025-01-29T00:00:00.000000000,170.61343383789062,171.7003304565017,168.12054330966544,168.97809825999076,2735100,APO
2025-01-30T00:00:00.000000000,171.27154541015625,172.89691490383242,168.39974586749804,172.30859639074095,2644700,APO
2025-01-31T00:00:00.000000000,170.49375915527344,174.41259084914407,170.13478232236463,172.18892161579993,2452000,APO
2025-02-03T00:00:00.000000000,166.64474487304688,169.01798157769602,164.76012020035392,165.80713728860482,3257300,APO
2025-02-04T00:00:00.000000000,162.12762451171875,168.84846284381217,160.60197672784324,163.55356580384463,5539400,APO
2025-02-05T00:00:00.000000000,165.2786407470703,165.6974445267357,159.92391680265308,160.71166350872454,2844700,APO
2025-02-06T00:00:00.000000000,164.41111755371094,167.77152904666997,162.74586854147262,167.63192778861992,2181100,APO
2025-02-07T00:00:00.000000000,162.9851837158203,166.67465874559463,162.64615424730735,165.08918398219868,2484800,APO
2025-02-10T00:00:00.000000000,161.7088165283203,164.29144739310365,160.33273612551713,164.0222261785172,2165300,APO
2025-02-11T00:00:00.000000000,157.6304473876953,160.08344301739106,156.43386304037577,160.04356346581847,3787000,APO
2025-02-12T00:00:00.000000000,156.99227905273438,157.53073672136097,152.365474761015,154.65893712969154,4266200,APO
2025-02-13T00:00:00.000000000,157.4709014892578,159.43530037322427,156.45379792941935,157.75010400130824,2441900,APO
2025-02-14T00:00:00.000000000,162.3470001220703,162.68602958178863,157.14184348843233,157.81991762326527,2665800,APO
2025-02-18T00:00:00.000000000,162.05999755859375,164.22000122070312,160.69000244140625,163.50999450683594,2503200,APO
2025-02-19T00:00:00.000000000,160.27000427246094,161.1699981689453,159.1199951171875,160.5,3035500,APO
2025-02-20T00:00:00.000000000,156.7899932861328,160.1999969482422,154.3300018310547,159.9600067138672,3567000,APO
2025-02-21T00:00:00.000000000,150.5500030517578,157.4499969482422,148.60000610351562,157.10000610351562,3731500,APO
2025-02-24T00:00:00.000000000,147.8699951171875,152.66000366210938,146.44000244140625,151.91000366210938,4379300,APO
2025-02-25T00:00:00.000000000,145.3000030517578,148.89999389648438,141.1999969482422,148.0,5772700,APO
