date,Open,High,Low,Close,Volume,RSI,MACD,MACD_Signal,MACD_Hist,BB_Mid,BB_Upper,BB_Lower
2020-06-15,83.31,86.42,83.15,85.75,138808920,64.39390046720544,1.7366154204900255,1.2458491294666574,0.4907662910233681,81.57849999999999,87.26667156821712,75.89032843178286
2020-06-16,87.87,88.3,86.18,88.02,165428800,71.6932379993051,1.963715856644157,1.3894224749021573,0.5742933817419997,82.04249999999999,88.24636254895414,75.83863745104584
2020-06-17,88.79,88.85,87.77,87.9,114406504,70.80782962884366,2.109692370934212,1.5334764541085684,0.5762159168256438,82.523,88.98632194202916,76.05967805797083
2020-06-18,87.85,88.36,87.31,87.93,96820400,70.91145719755174,2.2024125189285826,1.6672636670725713,0.5351488518560112,82.929,89.6881276297899,76.1698723702101
2020-06-19,88.66,89.14,86.29,87.43,264476000,66.37995168861148,2.2100717514720145,1.7758252839524602,0.4342464675195543,83.34,90.14645514044919,76.53354485955082
2020-06-22,87.84,89.87,87.79,89.72,135445264,74.8673965498296,2.373564634502088,1.8953731540623857,0.4781914804397025,83.84,90.98742795107367,76.69257204892634
2020-06-23,91.0,93.1,90.57,91.63,212155600,79.77994418367085,2.6269728518675066,2.04169309362341,0.5852797582440967,84.4625,92.05578754818842,76.86921245181159
2020-06-24,91.25,92.2,89.63,90.02,192623396,67.03565621409416,2.6671419925171307,2.166782873402154,0.5003591191149765,84.987,92.59488815015457,77.37911184984542
2020-06-25,90.18,91.25,89.39,91.21,137522512,70.988110494131,2.7631475358464,2.2860558058910034,0.4770917299553967,85.5695,93.21172473808299,77.92727526191702
2020-06-26,91.1,91.33,88.26,88.41,205256844,53.55480201464845,2.5835148699551524,2.3455476187038333,0.23796725125131912,86.0155,93.19070430664551,78.84029569335449
2020-06-29,88.31,90.54,87.82,90.45,130646076,61.502582114907106,2.5760703041434283,2.3916521557917525,0.1844181483516758,86.515,93.44864186223106,79.58135813776894
2020-06-30,90.02,91.5,90.0,91.2,140223284,64.10802402686929,2.600709800397567,2.4334636847129154,0.16724611568465164,87.0335,93.72381121925767,80.34318878074234
2020-07-01,91.28,91.84,90.98,91.03,110737236,62.99301658835176,2.5768152769454105,2.4621340031594143,0.11468127378599613,87.521,93.85764995337263,81.18435004662737
2020-07-02,91.96,92.62,90.91,91.03,114041600,62.99301658835176,2.5287290802014866,2.475453018567829,0.05327606163365761,88.0435,93.65181816426076,82.43518183573923
2020-07-06,92.5,93.95,92.47,93.46,118655652,72.19595510324233,2.6560834379639147,2.511579102447046,0.14450433551686848,88.5725,94.12574040064597,83.01925959935404
2020-07-07,93.85,94.66,93.06,93.17,112424456,69.80554514611597,2.702459832929179,2.549755248543473,0.152704584385706,89.0625,94.40846306128554,83.71653693871446
2020-07-08,94.18,95.38,94.09,95.34,117092000,76.51827492120805,2.881102765361476,2.616024751907074,0.26507801345440196,89.5295,95.35897311873921,83.70002688126078
2020-07-09,96.26,96.32,94.67,95.68,125642800,77.42558466081513,3.015354603986623,2.695890722322984,0.3194638816636388,89.903,96.3055590278623,83.50044097213771
2020-07-10,95.34,95.98,94.71,95.92,90257320,78.11434072998114,3.1053199521517882,2.7777765682887448,0.3275433838630435,90.5,96.80304521222608,84.19695478777392
2020-07-13,97.27,99.96,95.26,95.48,191649200,73.37839745614261,3.105317647128473,2.843284784056691,0.2620328630717821,91.039,97.09244234386716,84.98555765613284
2020-07-14,94.84,97.26,93.88,97.06,170989364,78.72322639148926,3.1959674919434775,2.913821325634048,0.28214616630942935,91.6045,97.69059969304494,85.51840030695506
2020-07-15,98.99,99.25,96.49,97.73,153198000,80.62638866490644,3.284015461619717,2.987860152831182,0.2961553087885349,92.09,98.51203115926137,85.66796884073864
2020-07-16,96.56,97.41,95.91,96.52,110577672,67.959285046569,3.2190500194957536,3.0340981261640962,0.1849518933316574,92.521,98.91598783999483,86.12601216000517
2020-07-17,96.99,97.15,95.84,96.33,92186900,66.07834307602143,3.116310142965631,3.0505405295244032,0.06576961344122756,92.941,99.1675742883562,86.7144257116438
2020-07-20,96.42,98.5,96.06,98.36,90318000,74.70809752001247,3.1622397537415594,3.072880374367835,0.0893593793737244,93.4875,99.59495489243722,87.38004510756278
2020-07-21,99.17,99.25,96.74,97.0,103645836,62.43060444878042,3.0536975427683757,3.0690438080479434,-0.015346265279567728,93.8515,99.88078738042789,87.82221261957211
2020-07-22,96.69,97.98,96.6,97.27,89001652,63.79361720984389,2.9553958385270676,3.0463142141437687,-0.09091837561670113,94.1335,100.25222114261224,88.01477885738775
2020-07-23,97.0,97.08,92.01,92.85,197004432,37.85327908278848,2.492106516531422,2.9354726746212996,-0.4433661580898778,94.275,100.11785618692178,88.43214381307823
2020-07-24,90.99,92.97,89.15,92.62,185438864,36.95112738379509,2.0823828993948723,2.764854719576014,-0.6824718201811417,94.34549999999999,100.06537292829017,88.6256270717098
2020-07-27,93.71,94.91,93.48,94.81,121214192,50.034279823926134,1.9123443628987928,2.59435264824057,-0.682008285341777,94.66550000000001,99.65692622799047,89.67407377200955
2020-07-28,94.37,94.55,93.25,93.25,103625600,42.74407988308701,1.6328857446992942,2.402059267532315,-0.7691735228330208,94.80550000000001,99.4436551459489,90.16734485405112
2020-07-29,93.75,95.23,93.71,95.04,90329256,52.003033629347826,1.5381203230934375,2.2292714786445393,-0.6911511555511018,94.9975,99.31398919231427,90.68101080768574
2020-07-30,94.19,96.3,93.77,96.19,158130020,57.14084163214267,1.538083365161853,2.091033855948002,-0.5529504907861491,95.25550000000001,99.1717843561075,91.33921564389253
2020-07-31,102.88,106.42,100.83,106.26,374336800,79.4099054510469,2.323831237264912,2.1375933322113845,0.18623790505352744,96.01700000000001,101.90183546252995,90.13216453747008
2020-08-03,108.2,111.64,107.89,108.94,308151388,82.24311295671701,3.126752433502162,2.33542515246954,0.791327281032622,96.791,104.90833401918047,88.67366598081952
2020-08-04,109.13,110.79,108.39,109.67,173071600,82.9792110654667,3.778422858662367,2.6240246937081055,1.1543981649542614,97.616,107.37226416853875,87.85973583146125
2020-08-05,109.38,110.39,108.9,110.06,121991952,83.40332221135591,4.277043016737608,2.954628358314006,1.3224146584236016,98.352,109.50610068563398,87.19789931436603
2020-08-06,110.41,114.41,109.8,113.9,202428900,87.06500546260574,4.925283391107243,3.3487593648726532,1.5765240262345896,99.263,112.31325605717727,86.21274394282274
2020-08-07,113.21,113.68,110.29,111.11,198045612,73.47498785067846,5.154471338079389,3.7099017595140005,1.444569578565389,100.02250000000001,113.98943520237586,86.05556479762416
2020-08-10,112.6,113.78,110.0,112.73,212403600,75.98626591495388,5.404524899518179,4.048826387514836,1.3556985120033431,100.885,115.77106342222562,85.99893657777439
2020-08-11,111.97,112.48,109.11,109.38,187902400,61.98404763153672,5.27160931489594,4.293382972991058,0.9782263419048824,101.501,116.73614620868462,86.2658537913154
2020-08-12,110.5,113.28,110.3,113.01,165944820,69.10262286411697,5.3969705028426915,4.514100478961384,0.8828700238813072,102.265,118.21943314073246,86.31056685926754
2020-08-13,114.43,116.04,113.93,115.01,210082064,72.38942751813275,5.593228179976535,4.729926019164415,0.8633021608121201,103.1895,119.86863726785641,86.51036273214358
2020-08-14,114.83,115.0,113.05,114.91,165565208,71.94786914303089,5.675273617275423,4.918995538786616,0.7562780784888066,104.1185,121.252499778833,86.984500221167
2020-08-17,116.06,116.09,113.96,114.61,119561600,70.46013403788156,5.650947123794182,5.065385855788129,0.5855612680060531,104.931,122.45202123916167,87.40997876083833
2020-08-18,114.35,116.0,114.01,115.56,105633600,72.53521095640625,5.643273123217213,5.180963309273946,0.46230981394326687,105.85900000000001,123.57628611747346,88.14171388252656
2020-08-19,115.98,117.16,115.61,115.71,145538008,72.88226306171387,5.584915736745614,5.26175379476828,0.32316194197733417,106.78100000000002,124.53549642084765,89.02650357915239
2020-08-20,115.75,118.39,115.73,118.28,126907200,78.30249612786766,5.680562619290697,5.345515559672764,0.33504705961793313,108.05250000000001,125.23955250135134,90.86544749864868
2020-08-21,119.26,124.87,119.25,124.37,338054800,85.97000297902335,6.176575844996506,5.511727616737513,0.6648482282589931,109.64000000000001,126.68990075600061,92.59009924399942
2020-08-24,128.7,128.79,123.94,125.86,345937768,87.24268673441543,6.61366226576321,5.732114546542652,0.8815477192205581,111.19250000000002,128.21122142516487,94.1737785748352
2020-08-25,124.7,125.18,123.05,124.83,211495788,81.3562471372922,6.798574279004768,5.945406493035076,0.853167785969692,112.77150000000002,128.5992468223901,96.9437531776099
2020-08-26,126.18,126.99,125.08,126.52,163022400,83.468014452576,7.000786548307914,6.156482504089643,0.844304044218271,114.34550000000002,128.9636148975472,99.72738510245284
2020-08-27,127.14,127.49,123.83,125.01,155552400,74.74020671829895,6.958978080687217,6.316981619409159,0.6419964612780582,115.7865,128.41565469938698,103.15734530061303
2020-08-28,126.01,126.44,124.58,124.81,187630000,73.56461901880758,6.8309631492956555,6.419777925386458,0.41118522390919754,116.71399999999998,129.1200094097046,104.30799059029536
2020-08-31,127.58,131.0,126.0,129.04,225702700,80.89718996849484,6.990256714167856,6.533873683142738,0.45638303102511824,117.71900000000001,130.71586423719182,104.72213576280821
2020-09-01,132.76,134.8,130.53,134.18,152470142,86.24611709495707,7.445426809561539,6.716184308426499,0.7292425011350403,118.94449999999999,133.2972286604323,104.59177133956767
2020-09-02,137.59,137.98,127.0,131.4,200119000,73.41702833823669,7.495427006128537,6.872032847966907,0.6233941581616298,120.0115,134.75091550651447,105.27208449348552
2020-09-03,126.91,128.84,120.5,120.88,257599640,44.50881946248242,6.609980698525703,6.8196224180786675,-0.2096417195529643,120.3605,134.81847609043444,105.90252390956555
2020-09-04,120.07,123.7,110.89,120.96,332607200,44.699880707887466,5.8473093099648,6.625159796455894,-0.7778504864910945,120.853,134.63967258814202,107.06632741185797
2020-09-08,113.95,118.99,112.68,112.82,231366600,31.83225605104623,4.533794013400396,6.206886639844795,-1.673092626444399,120.8575,134.63306322279632,107.08193677720368
2020-09-09,117.26,119.14,115.26,117.32,176940500,42.4075734921952,3.8119937780476363,5.727908067485363,-1.915914289437727,121.25450000000001,134.06089556504548,108.44810443495453
2020-09-10,120.36,120.5,112.5,113.49,182274400,36.80087946595783,2.897512183078419,5.161828890603974,-2.2643167075255555,121.27850000000001,134.0214820107505,108.5355179892495
2020-09-11,114.57,115.23,110.0,112.0,180860325,34.73921119698426,2.029157518266871,4.535294616136554,-2.506137097869683,121.128,134.24821758484512,108.00778241515486
2020-09-14,114.72,115.93,112.8,115.36,140150100,43.041870607929084,1.5937325527505095,3.9469822034593447,-2.353249650708835,121.15050000000001,134.22729097123062,108.0737090287694
2020-09-15,118.33,118.83,113.61,115.54,184642039,43.48629696138951,1.2487844167733044,3.407342646122137,-2.1585582293488326,121.197,134.18215768098312,108.21184231901687
2020-09-16,115.23,116.0,112.04,112.13,155026675,37.15003537810015,0.6922719522125647,2.8643285073402227,-2.172056555127658,121.02550000000001,134.40863545985536,107.64236454014467
2020-09-17,109.72,112.2,108.71,110.34,178011000,34.13732925213675,0.10557675117820509,2.3125781561078194,-2.2070014049296143,120.75699999999999,134.78890364847175,106.72509635152822
2020-09-18,110.4,110.88,106.09,106.84,287104900,28.857507343030434,-0.6344901641755314,1.7231644920511493,-2.3576546562266807,120.18499999999999,135.51472138999048,104.85527861000949
2020-09-21,104.54,110.19,103.1,110.08,195713815,38.944055362261665,-0.9486224749036722,1.188807098660185,-2.1374295735638573,119.47049999999999,135.30276748397733,103.63823251602265
2020-09-22,112.68,112.86,109.16,111.81,183055400,43.84885321231212,-1.0459213226262278,0.7418614144029025,-1.7877827370291304,118.76799999999999,134.65328428584456,102.88271571415541
2020-09-23,111.62,112.11,106.77,107.12,150718700,35.04303822489476,-1.484364336396041,0.2966162642431139,-1.7809806006391549,117.88250000000001,134.31015047108065,101.45484952891937
2020-09-24,105.17,110.25,105.0,108.22,167743349,38.391312475856935,-1.7232086994761318,-0.10734872850073529,-1.6158599709753965,116.9675,133.40804407474644,100.52695592525356
2020-09-25,108.43,112.44,107.67,112.28,149981441,49.48125149330874,-1.5668251241175142,-0.3992440076240911,-1.167581116493423,116.33100000000002,132.44292941499188,100.21907058500815
2020-09-28,115.01,115.32,112.78,114.96,137672403,55.57236957510533,-1.2126576491315006,-0.5619267359255731,-0.6507309132059276,115.8385,131.4536603460091,100.22333965399089
2020-09-29,114.55,115.31,113.57,114.09,100060526,53.171039015662274,-0.9907582581979142,-0.6476930403800413,-0.3430652178178729,115.09099999999998,129.42396076219154,100.75803923780842
2020-09-30,113.79,117.26,113.62,115.81,142675200,57.37284928385654,-0.6684067894243526,-0.6518357901889036,-0.016570999235449024,114.17249999999999,125.36520979841679,102.97979020158319
2020-10-01,117.64,117.72,115.83,116.79,116120440,59.74729642868303,-0.33005841030630734,-0.5874803142123844,0.2574219039060771,113.44199999999998,121.31542659302707,105.56857340697289
2020-10-02,112.89,115.37,112.22,113.02,144712000,47.903156821570555,-0.361950040224599,-0.5423742594148273,0.18042421919022833,113.049,120.10101397138637,105.99698602861365
2020-10-05,113.91,116.65,113.55,116.5,106243839,56.98529333858329,-0.10520473557112098,-0.45494035464608606,0.3497356190749651,112.826,119.05923317303873,106.59276682696125
2020-10-06,115.7,116.12,112.25,113.16,161498212,47.763989331689906,-0.16929083892726737,-0.39781045150232236,0.228519612575055,112.843,119.07801859196123,106.60798140803878
2020-10-07,114.62,115.55,114.13,115.08,96849000,52.82717765696568,-0.06440911547208827,-0.33113018429627555,0.2667210688241873,112.731,118.70230295223458,106.75969704776541
2020-10-08,116.25,116.4,114.59,114.97,83477200,52.49083886812198,0.009722253223259258,-0.2629596967923686,0.27268195001562784,112.80499999999999,118.85210805174428,106.7578919482557
2020-10-09,115.28,117.0,114.92,116.97,100506900,58.08885664484935,0.2272357500276172,-0.16492060742837145,0.39215635745598865,113.05350000000001,119.36405681920527,106.74294318079475
2020-10-12,120.06,125.18,119.28,124.4,240226800,72.15361896491655,0.9877692788626149,0.06561736982982583,0.9221519090327891,113.50550000000001,121.56445245902587,105.44654754097415
2020-10-13,125.27,125.39,119.65,121.1,262330500,61.56561399235216,1.3091243880197965,0.31431877346781995,0.9948056145519766,113.7835,122.49511904101564,105.07188095898437
2020-10-14,121.0,123.03,119.62,121.19,151062308,61.742279426547526,1.5531590246754803,0.562086823709352,0.9910722009661282,114.2365,123.51019176473778,104.96280823526223
2020-10-15,118.72,121.2,118.15,120.71,112559219,60.04385267029704,1.6883638365889055,0.7873422262852627,0.9010216103036428,114.75500000000002,124.26790646825046,105.24209353174959
2020-10-16,121.28,121.55,118.81,119.02,115393808,54.00828748558053,1.6402381041952623,0.9579214018672627,0.6823167023279996,115.364,124.2844493632385,106.44355063676151
2020-10-19,119.96,120.42,115.66,115.98,120639337,44.685410892159226,1.3413334636681071,1.0346038142274316,0.3067296494406755,115.65900000000002,124.22695473967094,107.0910452603291
2020-10-20,116.2,118.98,115.63,117.51,124423728,49.725129025441454,1.2139143468600082,1.0704659207539469,0.14344842610606134,115.944,124.35055984461238,107.53744015538763
2020-10-21,116.67,118.71,116.45,116.87,89946000,47.630587638031486,1.0491966417042704,1.0662120649440117,-0.017015423239741256,116.43149999999999,123.74299138793079,109.12000861206919
2020-10-22,117.45,118.04,114.59,115.75,101988000,43.89694078370439,0.8188429223747988,1.0167382364301691,-0.1978953140553703,116.80799999999999,123.03401874986582,110.58198125013416
2020-10-23,116.39,116.55,114.28,115.04,82572645,41.51650579308568,0.5723966417334765,0.9278699174908306,-0.3554732757573541,116.94599999999998,122.86417681740768,111.02782318259229
2020-10-26,114.01,116.55,112.88,115.05,111850700,41.56800047460919,0.37358663106880385,0.8170132602064253,-0.44342662913762143,116.9505,122.86245212216181,111.0385478778382
2020-10-27,115.49,117.28,114.54,116.6,92276800,49.51765395474022,0.33721312834215666,0.7210532338335716,-0.3838401054914149,117.076,122.83691147759001,111.31508852240998
2020-10-28,115.05,115.43,111.1,111.2,143937823,32.01090845633519,-0.12589674562708808,0.5516632379414397,-0.6775599835685278,116.84550000000002,123.16181963125739,110.52918036874264
2020-10-29,112.37,116.93,112.2,115.32,146129200,48.149047685859856,-0.1586364275616603,0.4096033048408197,-0.5682397324024799,116.772,123.12514294370547,110.41885705629454
2020-10-30,111.06,111.99,107.72,108.86,190573476,33.68397163349546,-0.6978069883074056,0.18812124621117465,-0.8859282345185803,116.56400000000001,123.66297664974896,109.46502335025106
2020-11-02,109.11,110.68,107.32,108.77,122866900,33.522080938301556,-1.1194613366032655,-0.0733952703517134,-1.0460660662515522,116.17750000000001,124.08663096563559,108.26836903436443
2020-11-03,109.66,111.49,108.73,110.44,107624448,39.724502324503284,-1.303840540121655,-0.31948432430570173,-0.9843562158159533,116.0415,124.25672149491558,107.82627850508442
2020-11-04,114.14,115.59,112.35,114.95,138235500,53.30128242205713,-1.0736665196289579,-0.470320763370353,-0.6033457562586049,116.035,124.25362967192262,107.81637032807737
2020-11-05,117.95,119.62,116.87,119.03,126387100,62.19091272825375,-0.55562514722439,-0.4873816401411604,-0.06824350708322963,116.23800000000001,124.54594825516645,107.93005174483358
2020-11-06,118.32,119.2,116.13,118.69,114457922,61.07303346910024,-0.17054287371966836,-0.42401388685686203,0.25347101313719367,116.324,124.69918992714709,107.94881007285291
2020-11-09,120.5,121.99,116.05,116.32,154515315,53.358822052294784,-0.055956558310342075,-0.3504024211475581,0.294445862837216,115.91999999999999,123.38496377824586,108.45503622175411
2020-11-10,115.55,117.59,114.13,115.97,138023400,52.234559900756395,0.006536498586541484,-0.27901463720073816,0.28555113578727964,115.6635,122.72043022570882,108.60656977429117
2020-11-11,117.19,119.63,116.44,119.49,112295000,61.61885765814919,0.33622152608596423,-0.1559674045433977,0.4921889306293619,115.57849999999999,122.39190250419766,108.76509749580232
2020-11-12,119.62,120.53,118.57,119.21,103350674,60.52740889534055,0.5683539946272731,-0.011103124709263543,0.5794571193365367,115.50349999999999,122.10891492381711,108.89808507618287
2020-11-13,119.44,119.67,117.87,119.26,81688586,60.67094564056349,0.747735797676711,0.14066465976793135,0.6070711379087796,115.5155,122.14862730879888,108.88237269120113
2020-11-16,118.92,120.99,118.15,120.3,91183018,63.827793830630505,0.962718853653584,0.3050754985450619,0.6576433551085221,115.73149999999998,122.70113119163165,108.76186880836832
2020-11-17,119.55,120.67,118.96,119.39,74271000,59.04298634593944,1.0475891242491144,0.4535782236858724,0.594010900563242,115.8255,122.94522345707752,108.7057765429225
2020-11-18,118.61,119.82,118.0,118.03,76322111,52.28417509436783,0.9936545599094302,0.561593490930584,0.4320610689788462,115.8835,123.05774127659039,108.7092587234096
2020-11-19,117.59,119.06,116.81,118.64,74113000,54.952922422594035,0.9887354048295123,0.6470218737103697,0.3417135311191426,116.02799999999999,123.30657880864669,108.74942119135329
2020-11-20,118.64,118.77,117.29,117.34,73604300,48.30886631660479,0.8699100223044667,0.6915995034291891,0.1783105188752776,116.143,123.4285273984579,108.8574726015421
2020-11-23,117.18,117.62,113.75,113.85,127959318,35.14604601089651,0.4884951497015919,0.6509786326836697,-0.16248348298207782,116.083,123.42596684625906,108.74003315374094
2020-11-24,113.91,115.85,112.59,115.17,113874218,42.03827672420367,0.289398082565981,0.578662522660132,-0.289264440094151,116.0115,123.3611158868479,108.6618841131521
2020-11-25,115.55,116.75,115.17,116.03,76499234,46.32630159816626,0.1987163566612793,0.5026732894603614,-0.3039569327990821,116.253,123.24567917934606,109.26032082065394
2020-11-27,116.57,117.49,116.22,116.59,46691331,49.1526260617612,0.170077211218441,0.4361540738119773,-0.2660768625935363,116.31649999999999,123.29655964384084,109.33644035615914
2020-11-30,116.97,120.97,116.81,119.05,169410200,59.86486422047413,0.34194024870659234,0.41731130879090034,-0.075371060084308,116.826,122.949409439021,110.70259056097899
2020-12-01,121.01,123.47,120.01,122.72,128166803,70.54631408640101,0.7654575544456748,0.48694055792185525,0.2785169965238195,117.52349999999998,122.91777874306578,112.12922125693419
2020-12-02,122.02,123.37,120.89,123.08,89004200,71.40758667711967,1.1172678930794717,0.6130060249533785,0.5042618681260932,118.15549999999999,122.98799733846928,113.3230026615307
2020-12-03,123.52,123.78,122.21,122.94,78967630,70.48276636860412,1.3690022849654326,0.7642052769557894,0.6047970080096432,118.55499999999999,123.58859450931514,113.52140549068484
2020-12-04,122.6,122.86,121.52,122.25,78260421,65.64770996199857,1.4955861841927174,0.9104814584031751,0.5851047257895423,118.71599999999998,124.01267383215236,113.4193261678476
2020-12-07,122.31,124.57,122.25,123.75,86712000,70.69095774020784,1.697376006274581,1.0678603679774563,0.6295156382971248,118.96899999999998,124.72400477845127,113.21399522154869
2020-12-08,124.37,124.98,123.09,124.38,82225512,72.637683062911,1.886386539173202,1.2315656022166055,0.6548209369565965,119.372,125.4648589780425,113.2791410219575
2020-12-09,124.53,125.95,121.0,121.78,115089200,55.18369932359013,1.8055670246160247,1.3463658866964894,0.4592011379195353,119.6625,125.62503169471859,113.6999683052814
2020-12-10,120.5,123.87,120.15,123.24,81312200,61.22116598228521,1.8381378662066652,1.4447202825985246,0.3934175836081406,119.85,126.02186485508805,113.67813514491193
2020-12-11,122.43,122.76,120.55,122.41,86939800,56.250461193134484,1.7764980655587834,1.5110758391905765,0.2654222263682069,120.00999999999999,126.27718437577813,113.74281562422185
2020-12-14,122.6,123.35,121.54,121.78,79184500,52.51607685069391,1.6577033719963907,1.5404013457517394,0.11730202624465136,120.136,126.4409100331657,113.8310899668343
2020-12-15,124.34,127.9,124.13,127.88,157572262,72.73707440141604,2.0323490864760316,1.638790893896598,0.3935581925794336,120.51500000000001,127.70990024070397,113.32009975929606
2020-12-16,127.41,128.37,126.56,127.81,98208600,72.3292380013418,2.2971302122196136,1.7704587575612012,0.5266714546584124,120.93599999999999,128.8073053822762,113.06469461772377
2020-12-17,128.9,129.58,128.04,128.7,94359811,74.43234302154153,2.5493988410817394,1.926246774265309,0.6231520668164303,121.4695,129.93541052708625,113.00358947291375
2020-12-18,128.96,129.1,126.12,126.66,192541500,61.97454570992661,2.555257181744878,2.052048855761223,0.5032083259836551,121.87050000000002,130.52965390299698,113.21134609700304
2020-12-21,125.02,128.31,123.45,128.23,121251600,66.89485552562489,2.6559694750650493,2.172832979621988,0.48313649544306125,122.415,131.24256090768827,113.58743909231175
2020-12-22,131.61,134.41,129.65,131.88,169351825,75.42494600747455,2.995775750742496,2.3374215338460895,0.6583542168964063,123.31649999999999,132.14373840704076,114.48926159295922
2020-12-23,132.16,132.43,130.78,130.96,88223700,70.16679944391754,3.1544755308232055,2.500832333241513,0.6536431975816925,124.106,132.68641932480418,115.52558067519583
2020-12-24,131.32,133.46,131.1,131.97,54930100,72.58753435209674,3.3234343268314746,2.665352731959506,0.6580815948719687,124.90299999999999,133.28378780369277,116.52221219630721
2020-12-28,133.99,137.34,133.51,136.69,124486237,80.93096463075128,3.7944597729709386,2.8911741401617927,0.9032856328091459,125.90799999999999,134.89050369504955,116.92549630495044
2020-12-29,138.05,138.79,134.34,134.87,121047324,71.27861412829462,3.975069911422409,3.107953294413916,0.867116617008493,126.699,135.92170858718904,117.47629141281095
2020-12-30,135.58,135.99,133.4,133.72,96452124,65.57643894969101,3.979535747400945,3.282269785011322,0.6972659623896229,127.249,136.779440758571,117.71855924142896
2020-12-31,134.08,134.74,131.72,132.69,99116600,60.56896443389228,3.8555185448496587,3.3969195369789897,0.458599007870669,127.72949999999999,137.3435850072337,118.11541499276626
2021-01-04,133.52,133.61,126.76,129.41,143301900,47.29810174703135,3.4527641149892503,3.408088452581042,0.04467566240820808,128.053,137.42077477368701,118.68522522631298
2021-01-05,128.89,131.74,128.43,131.01,97664900,53.08391980680059,3.2255033609391717,3.3715714342526684,-0.1460680733134967,128.491,137.52973978174535,119.45226021825466
2021-01-06,127.72,131.05,126.38,126.6,155088000,39.34636016014942,2.6588973187525085,3.2290366111526367,-0.5701392924001283,128.6335,137.4445224629214,119.82247753707857
2021-01-07,128.36,131.63,127.86,130.92,109578200,53.07295654617318,2.5292897663982643,3.0890872422017623,-0.559797475803498,128.9605,137.5904270595198,120.33057294048018
2021-01-08,132.43,132.63,130.23,132.05,105158245,56.07334012972586,2.4890640229138796,2.969082598344186,-0.48001857543030635,129.474,137.50644840434236,121.44155159565763
2021-01-11,129.19,130.17,128.5,128.98,100620880,46.71106866884205,2.1842824401507244,2.8121225667054937,-0.6278401265547693,129.761,137.2471975450967,122.2748024549033
2021-01-12,128.5,129.69,126.86,128.8,91951145,46.18933537408205,1.9062423688673675,2.6309465271378687,-0.7247041582705012,130.0805,136.7461968680584,123.4148031319416
2021-01-13,128.76,131.45,128.49,130.89,88636831,53.19350363643143,1.8334047931454336,2.471438180339382,-0.6380333871939485,130.536,135.9388662958219,125.1331337041781
2021-01-14,130.8,131.0,128.76,128.91,90221800,46.567683264904595,1.5974960965752985,2.2966497635865655,-0.699153667011267,130.5875,135.90269321825372,125.27230678174628
2021-01-15,128.78,130.22,127.0,127.14,111598531,41.26583081149468,1.2532656807830165,2.0879729470258557,-0.8347072662428392,130.554,135.95072181196988,125.15727818803013
2021-01-19,127.78,128.71,126.94,127.83,90757329,44.12715785689865,1.0243299911363124,1.875244355847947,-0.8509143647116346,130.5105,135.983628519364,125.03737148063601
2021-01-20,128.66,132.49,128.55,132.03,104319500,58.37084367785854,1.1683338811152169,1.733862260901401,-0.5655283797861841,130.779,135.97672379331385,125.58127620668614
2021-01-21,133.8,139.67,133.59,136.87,120529544,68.90964615592358,1.6539399615133448,1.7178778010237896,-0.06393783951044485,131.211,136.92705274182902,125.49494725817101
2021-01-22,136.28,139.85,135.02,139.07,114459400,72.55383260794076,2.1910508226627314,1.812512405351578,0.37853841731115345,131.57049999999998,138.2815199240544,124.85948007594557
2021-01-25,143.07,145.09,136.54,142.92,157611713,77.80656626918166,2.894017442393306,2.0288134127599236,0.8652040296333823,132.1685,140.56919990818452,123.76780009181546
2021-01-26,143.6,144.3,141.37,143.16,98390600,78.10792858734125,3.430939808935534,2.309238691995046,1.1217011169404882,132.728,142.4583509970771,122.99764900292291
2021-01-27,143.43,144.3,140.41,142.06,140843800,72.87469019453627,3.724757163816946,2.5923423863594257,1.1324147774575204,132.9965,143.45620367900713,122.53679632099286
2021-01-28,139.52,141.99,136.7,137.09,142621128,54.00962950157023,3.5160413345779773,2.777082176003136,0.7389591585748412,133.1075,143.69722665021715,122.51777334978283
2021-01-29,135.83,136.74,130.21,131.96,177523812,41.28191995722409,2.903217920392734,2.8023093248810556,0.10090859551167863,133.0195,143.61704385645453,122.42195614354544
2021-02-01,133.75,135.38,130.93,134.14,106239823,47.36396032835569,2.563903645228862,2.754628188950617,-0.19072454372175462,133.092,143.69988703599475,122.48411296400529
2021-02-02,135.73,136.31,134.61,134.99,83305400,49.70759644733054,2.3366471202973003,2.671031975219954,-0.3343848549226536,133.371,143.86403508348096,122.87796491651906
2021-02-03,135.76,135.77,133.61,133.94,89880937,46.74122618759176,2.0482079954045105,2.546467179256865,-0.4982591838523547,133.51749999999998,143.95340134306133,123.08159865693864
2021-02-04,136.3,137.4,134.59,137.39,84183100,56.567615576781634,2.0740951996006913,2.4519927833256308,-0.3778975837249394,134.057,144.0952051236896,124.01879487631038
2021-02-05,137.35,137.42,135.86,136.76,75693830,54.45083091913207,2.0204843744028267,2.3656911015410698,-0.3452067271382431,134.349,144.34264619198277,124.35535380801721
2021-02-08,136.03,136.96,134.92,136.91,71297214,54.91432690825664,1.9674219401377968,2.286037269260415,-0.31861532912261836,134.592,144.58661876264085,124.59738123735919
2021-02-09,136.62,137.88,135.85,136.01,76774213,51.30035284974094,1.831633173233456,2.1951564500550234,-0.36352327682156726,134.94350000000003,144.59570514755737,125.29129485244269
2021-02-10,136.48,136.99,134.4,135.39,73046600,48.75016293213009,1.6549139607216432,2.0871079521883473,-0.4321939914667041,135.273,144.4819135309796,126.0640864690204
2021-02-11,135.9,136.39,133.77,135.13,64280029,47.60508490409368,1.4768585781472154,1.965058077380121,-0.4881994992329055,135.485,144.46134669562218,126.50865330437784
2021-02-12,134.35,135.53,133.69,135.37,60145130,48.88388496768803,1.3396714997410868,1.8399807618523143,-0.5003092621112275,135.808,144.23635215211178,127.37964784788821
2021-02-16,135.49,136.01,132.79,133.19,80576316,38.92637720516594,1.0430187004229765,1.6805883495664469,-0.6375696491434704,136.1105,143.61230181865156,128.60869818134844
2021-02-17,131.25,132.22,129.47,130.84,98085249,31.057529759957717,0.6112477755962971,1.466720234772417,-0.85547245917612,136.261,143.15988442545586,129.36211557454413
2021-02-18,129.2,130.0,127.41,129.71,96856748,27.92549543049489,0.17585747522670658,1.2085476828632749,-1.0326902076365683,136.14499999999998,143.4116433284678,128.87835667153217
2021-02-19,130.24,130.71,128.8,129.87,87668834,29.093739622579676,-0.15450082250134756,0.9359379817903504,-1.090438804291698,135.79500000000002,143.5710699043863,128.01893009561374
2021-02-22,128.01,129.72,125.6,126.0,103916419,20.031948476715584,-0.7202858042255968,0.604693224587161,-1.3249790288127579,135.1415,143.8941796498351,126.3888203501649
2021-02-23,123.76,126.71,118.39,125.86,158273022,19.774853989924353,-1.1665243419955686,0.2504497112706151,-1.4169740532661836,134.2885,143.17353952542842,125.40346047457156
2021-02-24,124.94,125.56,122.23,125.35,111039904,18.762681514744372,-1.5435314659806636,-0.10834652417964064,-1.435184941801023,133.39799999999997,142.10754854108274,124.68845145891721
2021-02-25,124.68,126.46,120.54,120.99,148199540,12.467725601510892,-2.16912358345067,-0.5205019360338465,-1.6486216474168234,132.34449999999998,141.7146440195639,122.97435598043604
2021-02-26,122.59,124.85,121.2,121.26,164560400,14.5170120204005,-2.6130020392069326,-0.9390019566684638,-1.6740000825384689,131.553,141.86257674357094,121.24342325642904
2021-03-01,123.75,127.93,122.79,127.79,116307900,48.29643664734636,-2.410080578170323,-1.2332176809688356,-1.1768628972014874,131.3445,141.78722695783,120.90177304217002
2021-03-02,128.41,128.72,125.01,125.12,102260945,40.707322597823605,-2.4366226747579276,-1.473898679726654,-0.9627239950312736,130.8935,141.6035705683458,120.1834294316542
2021-03-03,124.81,125.71,121.84,122.06,112966340,33.703848109917445,-2.6737525490102314,-1.7138694535833694,-0.959883095426862,130.247,141.46486000794687,119.02913999205317
2021-03-04,121.75,123.6,118.62,120.13,178155000,29.9534938891114,-2.983028062467042,-1.9677011753601041,-1.015326887106938,129.5565,141.4942460184072,117.61875398159277
2021-03-05,120.98,121.94,117.57,121.42,153766601,35.48958165018301,-3.088437332982039,-2.1918484068844912,-0.8965889260975479,128.758,140.62576545277594,116.89023454722408
2021-03-08,120.93,121.0,116.21,116.36,154376610,26.139387819026453,-3.5394738003885635,-2.4613734855853058,-1.0781003148032577,127.73799999999999,140.20166272092789,115.27433727907209
2021-03-09,119.03,122.06,118.79,121.09,129525800,42.48377491040392,-3.4751921289790033,-2.6641372142640454,-0.8110549147149579,126.947,138.95958480445424,114.93441519554577
2021-03-10,121.69,122.17,119.45,119.98,111943326,40.08209098793037,-3.47377267555008,-2.8260643065212525,-0.6477083690288277,126.1455,137.7439435888702,114.54705641112982
2021-03-11,122.54,123.21,121.26,121.96,103026514,46.32716262340615,-3.275124697216313,-2.915876384660265,-0.35924831255604817,125.474,136.35157596835623,114.59642403164378
2021-03-12,120.4,121.17,119.16,121.03,88105100,43.850207743799785,-3.156353492570574,-2.9639718062423266,-0.19238168632824726,124.76899999999998,134.80680412136732,114.73119587863263
2021-03-15,121.41,124.0,120.42,123.99,92590555,53.065892787544925,-2.791203933459869,-2.929418231685835,0.1382142982259662,124.2,132.90992899844113,115.49007100155886
2021-03-16,125.7,127.22,124.72,125.57,115227936,57.37472827764529,-2.3472696186755826,-2.8129885090837847,0.46571889040820214,123.81899999999999,131.47615599258154,116.16184400741844
2021-03-17,124.05,125.86,122.34,124.76,111932636,54.419430912048995,-2.037323706879633,-2.6578555486429543,0.6205318417633214,123.51500000000001,130.44692310219375,116.58307689780628
2021-03-18,122.88,123.18,120.32,120.53,121469755,41.529728471462235,-2.1087071240551154,-2.5480258637253868,0.43931873967027135,123.05600000000001,129.4560572365854,116.65594276341463
2021-03-19,119.9,121.43,119.68,119.99,185549522,40.129640064633676,-2.1836803754142124,-2.4751567660631517,0.29147639064893927,122.56199999999998,128.2309833860727,116.89301661392729
2021-03-22,120.33,123.87,120.26,123.39,111912300,51.90838012349216,-1.94630978459395,-2.3693873697693117,0.42307758517536165,122.43149999999999,127.88325307391452,116.97974692608545
2021-03-23,123.33,124.24,122.14,122.54,95467142,49.120721304804896,-1.8059617742978133,-2.256702250675012,0.4507404763771987,122.2655,127.47447393674352,117.05652606325648
2021-03-24,122.82,122.9,120.07,120.09,88530500,41.6769483183652,-1.8708633414527185,-2.1795344688305534,0.30867112737783486,122.00250000000001,127.08537061454444,116.91962938545558
2021-03-25,119.54,121.66,119.0,120.59,98844700,43.68647119125267,-1.860505727782595,-2.115728720620962,0.2552229928383669,121.9825,127.0852541582942,116.8797458417058
2021-03-26,120.35,121.48,118.92,121.21,94071234,46.33214642608,-1.7817297543626012,-2.04892892736929,0.2671991730066887,121.98000000000002,127.08429334250145,116.87570665749858
2021-03-29,121.65,122.58,120.73,121.39,80819203,47.16368996163871,-1.6853470999240017,-1.9762125618802324,0.29086546195623075,121.66,125.9715414266446,117.34845857335539
2021-03-30,120.11,120.4,118.86,119.9,85671919,41.083710699881685,-1.709487788327678,-1.9228676071697217,0.2133798188420437,121.399,125.45293064619989,117.34506935380011
2021-03-31,121.65,123.52,121.15,122.15,118323826,51.88994403141043,-1.5294329112840899,-1.8441806679925954,0.3147477567085055,121.40350000000001,125.46071851830183,117.34628148169818
2021-04-01,123.66,124.18,122.49,123.0,75089134,55.45162591244217,-1.3031285727310404,-1.7359702489402844,0.43284167620924396,121.547,125.61756235607871,117.47643764392129
2021-04-05,123.87,126.16,123.07,125.9,88651200,65.50483061283927,-0.8796351043748842,-1.5647032200272044,0.6850681156523202,121.77099999999999,126.28143188502632,117.26056811497365
2021-04-06,126.5,127.13,125.65,126.21,80171300,66.43898646392357,-0.513084551054547,-1.354379486232673,0.841294935178126,122.2635,126.423678513375,118.10332148662499
2021-04-07,125.83,127.92,125.14,127.9,83466716,71.32387288982164,-0.08523913690264351,-1.1005514163666672,1.0153122794640237,122.604,127.42244875671021,117.78555124328979
2021-04-08,128.95,130.39,128.52,130.36,88844600,76.9570539984466,0.4471780865713981,-0.7910055157790542,1.2381836023504524,123.123,128.89344776151827,117.35255223848172
2021-04-09,129.8,133.04,129.47,133.0,106686703,81.46553295053126,1.0698163318963907,-0.41884114624396523,1.4886574781403559,123.675,130.90468005406888,116.4453199459311
2021-04-12,132.52,132.85,130.63,131.24,91420000,70.80854739343395,1.4050478194655938,-0.05406335310205346,1.4591111725676473,124.1855,132.04338635033167,116.32761364966835
2021-04-13,132.44,134.66,131.93,134.43,91266545,77.07923884372747,1.9061545653449627,0.33798023058734983,1.568174334757613,124.70750000000001,133.80066892247277,115.61433107752727
2021-04-14,134.94,135.0,131.66,132.03,87222800,64.96472959759754,2.0855840150755824,0.6875009874849964,1.398083027590586,125.0305,134.6937313980689,115.3672686019311
2021-04-15,133.82,135.0,133.64,134.5,89347102,70.47520338967885,2.399432341615835,1.0298872583111642,1.369545083304671,125.5175,136.06464304045332,114.97035695954666
2021-04-16,134.3,134.67,133.28,134.16,84922400,68.75755694340636,2.5908584397129744,1.3420814945915263,1.248776945121448,126.199,137.14315854763555,115.25484145236445
2021-04-19,133.51,135.47,133.34,134.84,94264215,70.4211845459362,2.765555713837955,1.626776338440812,1.138779375397143,126.94149999999999,138.12436711188596,115.75863288811401
2021-04-20,135.02,135.53,131.81,133.11,94812349,60.9014685371827,2.7329047951171788,1.8480020297760853,0.8849027653410935,127.42750000000001,138.80366876586623,116.05133123413378
2021-04-21,132.36,133.75,131.3,133.5,68847136,62.22959289944401,2.7072904879129567,2.01985972140346,0.6874307665094967,127.97550000000001,139.41608606338337,116.53491393661665
2021-04-22,133.04,134.15,131.41,131.94,84566500,53.79560469586678,2.5319255408109598,2.1222728852849597,0.40965265552600005,128.568,139.50541353048519,117.63058646951482
2021-04-23,132.16,135.12,132.16,134.32,78756779,62.695708813415315,2.555535049026645,2.208925318033297,0.346609730993348,129.2545,139.8000372950886,118.70896270491141
2021-04-26,134.83,135.06,133.56,134.72,66905100,64.03901291713058,2.576818452340632,2.282503944894764,0.29431450744586796,129.93,140.0271220495848,119.83287795041524
2021-04-27,135.01,135.41,134.11,134.39,66015804,61.916625400240775,2.537803244653958,2.3335638048466025,0.20423943980735526,130.57999999999998,140.01433148274518,121.14566851725479
2021-04-28,134.31,135.02,133.08,133.58,107760100,56.60358657591192,2.4136995549318954,2.349590954863661,0.06410860006823427,131.26399999999998,139.32118874833637,123.2068112516636
2021-04-29,136.47,137.07,132.45,133.48,151101000,55.92004317150081,2.2809835637828826,2.3358694766475057,-0.054885912864623077,131.83049999999997,138.6944269870981,124.96657301290185
2021-04-30,131.78,133.56,131.07,131.46,109839500,43.63765480633105,1.9898700828110805,2.2666695978802207,-0.27679951506914025,132.25349999999997,137.72822767888036,126.77877232111959
2021-05-03,132.04,134.07,131.83,132.54,75135100,50.36336230229395,1.8252669842398745,2.1783890751521517,-0.3531220909122772,132.5855,137.17107681615377,127.99992318384624
2021-05-04,131.19,131.49,126.7,127.85,137564718,31.517997984006456,1.3013726251400612,2.0029857851497335,-0.7016131600096722,132.66750000000002,136.8103232173883,128.52467678261175
2021-05-05,129.2,130.45,127.97,128.1,84000900,33.058631982015484,0.8960266443622515,1.781593956992237,-0.8855673126299854,132.6775,136.77255928239396,128.58244071760606
2021-05-06,127.89,129.75,127.13,129.74,78128334,42.79905808272636,0.6990629654695226,1.5650877586876941,-0.8660247932181715,132.6465,136.8239848892611,128.4690151107389
2021-05-07,130.85,131.26,129.48,130.21,78973300,45.424964911714284,0.5742730408045986,1.366924815111075,-0.7926517743064765,132.507,136.81895205519731,128.1950479448027
2021-05-10,129.41,129.54,126.81,126.85,88071229,32.94830085690472,0.20192454665624382,1.133924761420109,-0.9320002147638651,132.2875,137.26638541744074,127.30861458255924
2021-05-11,123.5,126.27,122.77,125.91,126142826,30.264933751834917,-0.16708837094321893,0.8737221349474433,-1.0408105058906623,131.8615,137.4847946888722,126.23820531112783
2021-05-12,123.4,124.64,122.25,122.77,112172300,23.034357977751725,-0.7047812451770881,0.5580214589225371,-1.262802704099625,131.3985,138.3349249095855,124.46207509041452
2021-05-13,124.58,126.15,124.26,124.97,105861339,35.49324599377664,-0.9425203204864943,0.25791310304073084,-1.2004334235272252,130.922,138.259097088373,123.58490291162698
2021-05-14,126.25,127.89,125.85,127.45,81918000,46.71294084499857,-0.9202073986293442,0.022289002706715827,-0.94249640133606,130.5865,137.91381953574756,123.25918046425244
2021-05-17,126.82,126.93,125.17,126.27,74244624,42.64117107848942,-0.986370124825271,-0.17944282279968155,-0.8069273020255894,130.15800000000002,137.44018185927672,122.87581814072333
2021-05-18,126.56,126.99,124.78,124.85,63342929,38.03742504877962,-1.1402426866616509,-0.37160279557207543,-0.7686398910895754,129.745,137.2555890160772,122.2344109839228
2021-05-19,123.16,124.92,122.86,124.69,92612000,37.51089972959573,-1.2605674267139761,-0.5493957218004556,-0.7111717049135206,129.30450000000002,136.92047621347444,121.68852378652561
2021-05-20,125.23,127.72,125.1,127.31,76857123,50.46599969234883,-1.1314706569348516,-0.6658107088273348,-0.46565994810751676,129.073,136.6329362291934,121.51306377080662
2021-05-21,127.82,128.0,125.21,125.43,79295436,43.07263103159598,-1.1674037215587987,-0.7661293113736276,-0.40127441018517107,128.62849999999997,135.93046592129716,121.32653407870279
2021-05-24,126.01,127.94,125.94,127.1,63092945,50.50476308545931,-1.049033288183736,-0.8227101067356494,-0.22632318144808672,128.2475,134.98452378455644,121.51047621544355
2021-05-25,127.82,128.32,126.32,126.9,72009500,49.60976742911011,-0.960292540802314,-0.8502265935489823,-0.11006594725333163,127.873,133.97513112039726,121.77086887960276
2021-05-26,126.96,127.39,126.42,126.85,56575920,49.357460422716265,-0.883811413471534,-0.8569435575334927,-0.026867855938041307,127.5365,133.02491948297012,122.04808051702987
2021-05-27,126.44,127.64,125.08,125.28,94625601,41.67776350914399,-0.9390605426172698,-0.8733669545502482,-0.06569358806702164,127.12650000000001,131.92754495204653,122.32545504795348
2021-05-28,125.57,125.8,124.55,124.61,71311109,38.71185142227756,-1.025092646163145,-0.9037120928728275,-0.1213805532903176,126.78400000000002,131.24895311462296,122.31904688537708
2021-06-01,125.08,125.35,123.94,124.28,67637118,37.20709343693946,-1.1071395347399715,-0.9443975812462564,-0.16274195349371512,126.37100000000001,130.05373868344157,122.68826131655844
2021-06-02,124.28,125.24,124.05,125.06,59278900,43.22578918808142,-1.0965820880723527,-0.9748344826114757,-0.12174760546087704,126.23149999999998,129.88963455480288,122.5733654451971
2021-06-03,124.68,124.85,123.13,123.54,76229200,35.56154523791494,-1.1970674835541502,-1.0192810828000107,-0.17778640075413943,126.00349999999999,129.73889133439084,122.26810866560913
2021-06-04,124.07,126.16,123.85,125.89,75169343,51.04575176969583,-1.0746891753583725,-1.0303627013116832,-0.044326474046689324,125.811,129.10654020809142,122.51545979190861
2021-06-07,126.17,126.32,124.83,125.9,71057600,51.10344198652006,-0.9657638435769798,-1.0174429297647425,0.051679086187762735,125.59549999999999,128.1631405306673,123.02785946933268
2021-06-08,126.6,128.46,126.21,126.74,74403800,56.115852626571,-0.8024090811433808,-0.9744361600404702,0.17202707889708935,125.59,128.14677428351249,123.03322571648752
2021-06-09,127.21,127.75,126.52,127.13,56877937,58.40035297059056,-0.6341692065171287,-0.906382769335802,0.27221356281867326,125.651,128.29659136757726,123.00540863242273
2021-06-10,127.02,128.19,125.94,126.11,71186421,50.471454528411634,-0.5764978607955129,-0.8404057876277442,0.2639079268322313,125.81799999999998,128.093670866959,123.54232913304095
2021-06-11,126.53,127.44,126.1,127.35,53522400,58.39488927289102,-0.42582660291337504,-0.7574899506848705,0.3316633477714954,125.93700000000001,128.2740435664678,123.59995643353223
2021-06-14,127.82,130.54,127.07,130.48,96906500,71.61878579370358,-0.053239986590753574,-0.6166399578660471,0.5633999712752935,126.0885,129.12629889150895,123.05070110849104
2021-06-15,129.94,130.6,129.39,129.64,62746332,65.20147549949945,0.17227078103056215,-0.45885781008672527,0.6311285911172875,126.25699999999999,129.6858687715662,122.82813122843379
2021-06-16,130.37,130.89,128.46,130.15,91815026,67.2568249533281,0.38767356727483104,-0.289551534614414,0.677225101889245,126.522,130.29497090814058,122.74902909185943
2021-06-17,129.8,132.55,129.65,131.79,96721700,73.14267480078604,0.6828447124260322,-0.0950722852063248,0.777916997632357,126.877,131.21757527111353,122.53642472888646
2021-06-18,130.71,131.51,130.24,130.46,108953309,62.61105628941122,0.8002255844114501,0.08398728871723019,0.7162382956942199,127.03450000000001,131.660447299856,122.40855270014401
2021-06-21,130.3,132.41,129.21,132.3,79663316,69.59869701538669,1.0298519019565902,0.2731602113651022,0.756691690591488,127.378,132.4963533536309,122.25964664636909
2021-06-22,132.13,134.08,131.62,133.98,74783618,74.59978148285,1.3320394510081144,0.48493605929370465,0.8471033917144097,127.72200000000001,133.62615946154594,121.81784053845406
2021-06-23,133.77,134.32,133.23,133.7,60214200,72.31218136056776,1.5312799586580752,0.6942048391665787,0.8370751194914965,128.062,134.5237012587932,121.60029874120681
2021-06-24,134.45,134.64,132.93,133.41,68711000,69.75588454370836,1.6467956844959986,0.8847230082324627,0.7620726762635358,128.39000000000001,135.24657579108865,121.53342420891137
2021-06-25,133.46,133.89,132.81,133.11,70783746,66.93163907471877,1.6946009319815971,1.0466985929822896,0.6479023389993075,128.7815,135.78301645228197,121.779983547718
2021-06-28,133.41,135.25,133.35,134.78,62111303,73.75640849228064,1.8459628673964517,1.206551447865122,0.6394114195313296,129.29,136.49029239172364,122.08970760827636
2021-06-29,134.8,136.49,134.35,136.33,64556100,78.50689069020068,2.06716138810728,1.3786734359135537,0.6884879521937264,129.89249999999998,137.34001989803167,122.4449801019683
2021-06-30,136.17,137.41,135.87,136.96,63261400,80.18872643611637,2.2671640879450194,1.556371566319847,0.7107925216251725,130.4875,138.20593146050587,122.76906853949414
2021-07-01,136.6,137.33,135.76,137.27,52485800,81.03145441904303,2.422754076844143,1.7296480684247064,0.6931060084194365,131.174,138.73130779131256,123.61669220868745
2021-07-02,137.9,140.0,137.75,139.96,78945572,86.69719547997737,2.73163222681535,1.930044900102835,0.8015873267125149,131.8775,139.96467210349715,123.79032789650286
2021-07-06,140.07,143.15,140.07,142.02,108181800,89.47503016655489,3.1068315497065555,2.165402230023579,0.9414293196829764,132.68349999999998,141.44716007412097,123.919839925879
2021-07-07,143.54,144.89,142.66,144.57,104911600,91.89297147643074,3.568804448841206,2.446082673787105,1.1227217750541012,133.575,143.3608813442744,123.78911865572559
2021-07-08,141.58,144.06,140.67,143.24,105575500,80.73136834945622,3.783982025669303,2.7136625441635447,1.0703194815057584,134.38049999999998,144.57620699130965,124.18479300869033
2021-07-09,142.75,145.65,142.65,145.11,99890800,83.90327060931894,4.058619933148066,2.982654021960449,1.0759659111876165,135.3305,145.81803741603065,124.84296258396935
2021-07-12,146.21,146.32,144.0,144.5,76299719,79.008006148543,4.17887903521094,3.2218990246105474,0.9569800106003927,136.188,146.732445482164,125.643554517836
2021-07-13,144.03,147.46,143.63,145.64,100827100,81.35389925088961,4.316416747252106,3.4408025691388593,0.8756141781132465,136.946,147.93305534996398,125.95894465003602
2021-07-14,148.1,149.57,147.68,149.15,127050800,86.6528793277964,4.654984279509392,3.683638911212966,0.9713453682964261,137.92149999999998,149.61878762982053,126.22421237017943
2021-07-15,149.24,150.0,147.09,148.48,106820300,81.54857865304271,4.813748194759285,3.90966076792223,0.9040874268370547,138.838,150.83986231163257,126.83613768836742
2021-07-16,148.46,149.76,145.88,146.39,93251426,67.28330906466086,4.716554701638728,4.071039554665529,0.6455151469731986,139.56799999999998,151.54088796889909,127.59511203110087
2021-07-19,143.75,144.07,141.67,142.45,121434600,48.73815285968662,4.272354048035567,4.111302453339537,0.1610515946960298,140.1675,151.39786274429468,128.9371372557053
2021-07-20,143.46,147.1,142.96,146.15,96350036,60.527112046112954,4.170802492670873,4.123202461205804,0.04760003146506886,140.86,151.750619817073,129.96938018292704
2021-07-21,145.53,146.13,144.63,145.4,74993500,57.43763340960336,3.9838797357022884,4.095337916105101,-0.11145818040281252,141.43099999999998,151.99541873260986,130.8665812673901
2021-07-22,145.94,148.2,145.81,146.8,77338200,61.65340199621981,3.9037108550493542,4.057012503893952,-0.15330164884459752,142.08599999999998,152.24899044262403,131.92300955737593
2021-07-23,147.55,148.72,146.92,148.56,71447416,66.47074372074687,3.936812605477428,4.032972524210647,-0.09615991873321938,142.8435,152.5309727028492,133.1560272971508
2021-07-26,148.27,149.83,147.7,148.99,72434100,67.61756007347338,3.9521850583145124,4.01681503103142,-0.06462997271690796,143.6375,152.5369804697582,134.7380195302418
2021-07-27,149.12,149.21,145.55,146.77,104818600,56.17232357378565,3.742095839787254,3.961871192782587,-0.21977535299533324,144.23700000000002,152.1891307306863,136.28486926931376
2021-07-28,144.81,146.97,142.54,144.98,118931200,48.53002875492609,3.3920590350745954,3.847908761240989,-0.4558497261663934,144.66950000000003,151.69820947202518,137.64079052797487
2021-07-29,144.69,146.55,144.58,145.64,56699500,51.346187224626206,3.1318073044869266,3.7046884698901765,-0.57288116540325,145.1035,151.1280367587829,139.07896324121708
2021-07-30,144.38,146.33,144.11,145.86,70440626,52.34895924259822,2.9097661217816153,3.5457040002684646,-0.6359378784868492,145.53300000000002,150.29956380701535,140.76643619298468
2021-08-02,146.36,146.95,145.25,145.52,62880000,50.493196980239695,2.675519997191657,3.3716671996531034,-0.6961472024614466,145.811,149.79297993598155,141.82902006401847
2021-08-03,145.81,148.04,145.18,147.36,64786618,59.46587193291428,2.6082842016047323,3.218990600043429,-0.6107063984386967,146.07800000000003,149.68847365314218,142.46752634685788
2021-08-04,147.27,147.79,146.28,146.95,56368300,56.8182332426622,2.493175994787549,3.073827678992253,-0.580651684204704,146.197,149.75469943407137,142.63930056592864
2021-08-05,146.98,147.84,146.17,147.06,46397700,57.40532098463079,2.3833541689930087,2.9357329769924045,-0.5523788079993959,146.38799999999998,149.67731667836352,143.09868332163643
2021-08-06,146.35,147.11,145.63,146.14,54126813,50.74711791421561,2.1967603833250564,2.787938458258935,-0.5911780749338784,146.4395,149.67640219029062,143.2025978097094
2021-08-09,146.2,146.7,145.52,146.09,48908700,50.380681178341334,2.0215457605558527,2.6346599187183184,-0.6131141581624657,146.519,149.63102692452716,143.40697307547285
2021-08-10,146.44,147.71,145.3,145.6,69023100,46.577574763439465,1.8221434690921399,2.4721566287930825,-0.6500131597009426,146.517,149.63145593796222,143.40254406203778
2021-08-11,146.05,146.72,145.53,145.86,48493500,48.937517900665384,1.6658921755625613,2.3109037381469784,-0.645011562584417,146.35250000000002,149.2190759879639,143.48592401203615
2021-08-12,146.19,149.05,145.84,148.89,73779113,67.96605913367128,1.7661979464375008,2.201962579805083,-0.4357646333675822,146.373,149.3086688469549,143.43733115304508
2021-08-13,148.97,149.44,148.27,149.1,59375009,68.89307098244943,1.84140961368783,2.1298519865816328,-0.2884423728938028,146.50849999999997,149.68755166263753,143.3294483373624
2021-08-16,148.54,151.19,146.47,151.12,103558782,76.45527670766688,2.04049100981058,2.1119797912274225,-0.07148878141684234,146.942,150.15517419712782,143.7288258028722
2021-08-17,150.23,151.68,149.09,150.19,92229735,67.71088995677178,2.0990249696240255,2.109388826906743,-0.010363857282717603,147.144,150.64279618395784,143.64520381604217
2021-08-18,149.8,150.72,146.15,146.36,86326000,43.86890464879618,1.815437331647388,2.050598527854872,-0.2351611962074842,147.192,150.6155875304983,143.76841246950173
2021-08-19,145.03,148.0,144.5,146.7,86960310,45.82291811773247,1.5996870474018863,1.960416231764275,-0.36072918436238877,147.187,150.61328907743368,143.76071092256635
2021-08-20,147.44,148.5,146.78,148.19,60549630,53.932110604998016,1.531282271455666,1.8745894397025533,-0.34330716824688734,147.1685,150.5674612964511,143.76953870354887
2021-08-23,148.31,150.19,147.89,149.71,60131810,60.832763149983194,1.581491837065272,1.815969919175097,-0.23447808210982513,147.2045,150.69861219053365,143.71038780946634
2021-08-24,149.45,150.86,149.15,149.62,48606428,60.21651687879682,1.5956276296418537,1.7719014612684485,-0.17627383162659482,147.347,150.9955503970805,143.6984496029195
2021-08-25,149.81,150.32,147.8,148.36,58991300,51.748353312075196,1.4880060696418127,1.7151223829431215,-0.22711631330130877,147.516,151.0128822203778,144.01911777962218
2021-08-26,148.35,149.12,147.51,147.54,48597200,46.805664829404854,1.3213167440618463,1.6363612551668667,-0.3150445111050204,147.61100000000002,150.99469402623743,144.2273059737626
2021-08-27,147.48,148.75,146.83,148.6,55802400,53.438959648167,1.2602203579913578,1.5611330757317652,-0.3009127177404074,147.748,151.05417667564262,144.44182332435736
2021-08-30,149.0,153.49,148.61,153.12,90956723,71.14358563386446,1.5585611340558785,1.560618687396588,-0.0020575533407094504,148.128,152.04631650209168,144.2096834979083
2021-08-31,152.66,152.8,151.29,151.83,86453117,63.22654759374225,1.6716365439747563,1.5828222587122216,0.08881428526253465,148.3515,152.58280327067905,144.12019672932092
2021-09-01,152.83,154.98,152.34,152.51,80313711,65.55777827004098,1.7954234144926602,1.6253424898683095,0.17008092462435065,148.6295,153.1908224075154,144.0681775924846
2021-09-02,153.87,154.72,152.4,153.65,71171317,69.3200436584271,1.9628869351036258,1.692851378915373,0.2700355561882528,148.959,153.97261472708252,143.9453852729175
2021-09-03,153.76,154.63,153.09,154.3,57866066,71.37702102267562,2.123573318088262,1.778995766749951,0.3445775513383109,149.36700000000002,154.73057736080165,144.0034226391984
2021-09-07,154.97,157.26,154.39,156.69,82278300,77.71578483055835,2.4159222128131432,1.9063810559625896,0.5095411568505537,149.897,155.947966343011,143.846033656989
2021-09-08,156.98,157.04,153.98,155.11,74420207,66.4847699844939,2.4913987290469777,2.023384590579467,0.4680141384675105,150.3725,156.49590763404447,144.24909236595553
2021-09-09,155.49,156.11,153.95,154.07,57305730,59.9092813257125,2.4391777804661388,2.1065432285568018,0.332634551909337,150.783,156.7309358648757,144.83506413512427
2021-09-10,155.0,155.48,148.7,148.97,140893235,38.412825601997014,1.9636294272422106,2.0779604682938837,-0.11433104105167313,150.787,156.7296809473628,144.84431905263722
2021-09-13,150.63,151.42,148.75,149.55,102404329,41.18223397168162,1.6149390715568757,1.9853561889464821,-0.3704171173896065,150.8095,156.72864814283994,144.89035185716008
2021-09-14,150.35,151.07,146.91,148.12,109296300,36.5115265540939,1.2092706838084553,1.8301390879188768,-0.6208684041104215,150.6595,156.69639524594965,144.62260475405037
2021-09-15,148.56,149.44,146.37,149.03,83281315,41.39221754562211,0.9502510559849497,1.6541614815320915,-0.7039104255471418,150.6015,156.67953733904125,144.52346266095873
2021-09-16,148.44,148.97,147.22,148.79,68034149,40.44602391982962,0.717341079131927,1.4667974010520586,-0.7494563219201316,150.723,156.53538278886154,144.9106172111385
2021-09-17,148.82,148.82,145.76,146.06,129868824,31.11167502080049,0.3089091476473129,1.2352197503711095,-0.9263106027237966,150.69099999999997,156.60283612051555,144.7791638794844
2021-09-20,143.8,144.84,141.27,142.94,123478900,23.85256809419704,-0.263496600924924,0.9354764801119029,-1.1989730810368269,150.4285,157.21015412208715,143.64684587791288
2021-09-21,143.93,144.6,142.78,143.43,75834000,26.941579223200208,-0.6698715138983289,0.6144068813098565,-1.2842783952081853,150.11450000000002,157.58299234416015,142.6460076558399
2021-09-22,144.45,146.43,143.7,145.85,76404341,40.65935415753019,-0.7875741207703868,0.3340106808938079,-1.1215848016641947,149.926,157.63352305082435,142.21847694917562
2021-09-23,146.65,147.08,145.64,146.83,64838200,45.44566880463308,-0.7926394210744832,0.10868066050014971,-0.9013200815746328,149.8495,157.6522511342602,142.0467488657398
2021-09-24,145.66,147.47,145.56,146.92,53477900,45.90799277846828,-0.7803955461438079,-0.06913458082864181,-0.7112609653151661,149.8185,157.66469056076454,141.97230943923546
2021-09-27,145.47,145.96,143.82,145.37,74150729,39.29117349039039,-0.8855560937491873,-0.23241888341275094,-0.6531372103364363,149.65699999999998,157.73824039463187,141.5757596053681
2021-09-28,143.25,144.75,141.69,141.91,108972340,28.65378046461285,-1.2338664248502482,-0.43270839170025044,-0.8011580331499978,149.0965,157.7042817302618,140.48871826973817
2021-09-29,142.47,144.45,142.03,142.83,74602044,34.12542257642271,-1.4193076651733065,-0.6300282463948617,-0.7892794187784449,148.6465,157.58715881241636,139.70584118758364
2021-09-30,143.66,144.38,141.28,141.5,89056700,30.25502203725901,-1.654518805994229,-0.8349263583147353,-0.8195924476794938,148.096,157.38411215309432,138.8078878469057
2021-10-01,141.9,142.92,139.11,142.65,94639600,37.34474817459274,-1.7282082319252368,-1.0135827330368357,-0.7146254988884011,147.546,156.75171767407477,138.34028232592522
2021-10-04,141.76,142.21,138.27,139.14,98322008,27.49997023151353,-2.0462474319347166,-1.220115672816412,-0.8261317591183046,146.788,156.14740753860622,137.4285924613938
2021-10-05,139.49,142.24,139.36,141.11,80861100,38.072251248751506,-2.1149533871337667,-1.399083215679883,-0.7158701714538838,146.009,154.44633781910602,137.57166218089395
2021-10-06,139.47,142.15,138.37,142.0,83221119,42.44715963182381,-2.073683655313829,-1.5340033036066723,-0.5396803517071567,145.3535,152.79161598953092,137.91538401046907
2021-10-07,143.06,144.22,142.72,143.29,61732700,48.52848489943553,-1.914812114368715,-1.610165065759081,-0.304647048609634,144.8145,151.0597793962218,138.5692206037782
2021-10-08,144.03,144.18,142.56,142.9,58773200,46.8033187665496,-1.799629999789289,-1.6480580525651227,-0.15157194722416634,144.511,150.4902902236785,138.5317097763215
2021-10-11,142.27,144.81,141.81,142.81,64452219,46.364439550059416,-1.696058485520041,-1.6576581391561065,-0.03840034636393441,144.174,149.70005465047439,138.64794534952563
2021-10-12,143.23,143.25,141.04,141.51,73035900,40.097763247086455,-1.6992881141065936,-1.665984134146204,-0.033303979960389585,143.8435,149.1626502091403,138.5243497908597
2021-10-13,141.24,141.4,139.2,140.91,78762721,37.405349671273214,-1.7303165910435325,-1.6788506255256699,-0.051465965517862644,143.4375,148.31067847211457,138.56432152788543
2021-10-14,142.11,143.88,141.51,143.76,69907100,54.24411092196288,-1.5075575163810981,-1.6445920036967556,0.13703448731565748,143.186,147.365954167468,139.006045832532
2021-10-15,143.77,144.9,143.51,144.84,67940334,59.059713133958375,-1.229697187042973,-1.5616130403659991,0.3319158533230262,143.125,147.161504480498,139.088495519502
2021-10-18,143.45,146.84,143.16,146.55,85589200,65.66205705239176,-0.8615764482505028,-1.4216057219429,0.5600292736923971,143.3055,147.62042623587942,138.99057376412057
2021-10-19,147.01,149.17,146.55,148.76,76378900,72.31897865021736,-0.38704793269229754,-1.2146941640927793,0.8276462314004818,143.57199999999997,148.5297991721738,138.61420082782615
2021-10-20,148.7,149.75,148.12,149.26,58418800,73.65239550475847,0.02903051035409021,-0.9659492292034055,0.9949797395574957,143.7425,149.23577962629435,138.24922037370567
2021-10-21,148.81,149.64,147.87,149.48,61421000,74.28136888114716,0.3722369200302751,-0.6983119993566694,1.0705489193869444,143.875,149.79324476113152,137.95675523886848
2021-10-22,149.69,150.18,148.64,148.69,58883443,67.59545273397768,0.5738688715426008,-0.4438758251768154,1.0177446967194161,143.9635,150.1215457426403,137.8054542573597
2021-10-25,148.68,149.37,147.62,148.64,50720600,67.15404087421953,0.721314202538963,-0.21083781963365977,0.9321520221726227,144.127,150.60748113873524,137.64651886126478
2021-10-26,149.33,150.84,149.01,149.32,60893400,70.20704194514846,0.8828589581339656,0.00790153591986531,0.8749574222141003,144.4975,151.28434137058645,137.71065862941356
2021-10-27,149.36,149.73,148.49,148.85,56094929,65.36189975212991,0.961871413849309,0.19869551150575404,0.7631759023435549,144.7985,151.80439909328516,137.79260090671482
2021-10-28,149.82,153.17,149.72,152.57,100077900,78.7530037303997,1.3095663986536294,0.42086968893532917,0.8886967097183003,145.352,152.98201441676434,137.72198558323566
2021-10-29,147.22,149.94,146.41,149.8,124953200,59.11678501153881,1.3460845047122518,0.6059126520907137,0.7401718526215382,145.7095,153.47526962668667,137.94373037331331
2021-11-01,148.99,149.7,147.8,148.96,74588300,54.37303562068836,1.2923470151033314,0.7431995246932372,0.5491474904100941,146.20049999999998,153.44139111992158,138.95960888007838
2021-11-02,148.66,151.57,148.65,150.02,69122000,59.14631300816563,1.320075796576674,0.8585747790699246,0.46150101750674943,146.64600000000002,153.6610346812387,139.63096531876133
2021-11-03,150.39,151.97,149.82,151.49,54511534,65.00453982356086,1.4440219838098756,0.9756642200179149,0.4683577637919607,147.12050000000002,154.0960497048079,140.14495029519213
2021-11-04,151.58,152.43,150.64,150.96,60394616,61.34504723379962,1.4823955266984683,1.0770104813540256,0.40538504534444275,147.50400000000002,154.4360685756041,140.57193142439593
2021-11-05,151.89,152.2,150.06,151.28,65463900,62.80385197683039,1.5210939374892405,1.1658271725810687,0.3552667649081718,147.923,154.6945289418685,141.1514710581315
2021-11-08,151.41,151.57,150.16,150.44,55020900,56.36140244125191,1.4670702543482719,1.2260757889345093,0.24099446541376257,148.30450000000002,154.7131503218233,141.89584967817675
2021-11-09,150.2,151.43,150.06,150.81,56787930,58.52379293166704,1.437540927051515,1.2683688165579103,0.1691721104936046,148.7695,154.40536438520826,143.13363561479173
2021-11-10,150.02,150.13,147.85,147.92,65187100,40.45642564865128,1.1674818708839325,1.248191427423115,-0.08070955653918244,149.12,153.40871223464777,144.83128776535224
2021-11-11,148.96,149.43,147.68,147.87,41000000,40.208625419872575,0.9386038995744457,1.186273921853381,-0.24767002227893542,149.32549999999998,152.8604471819231,145.79055281807686
2021-11-12,148.43,150.4,147.48,149.99,63804008,53.99458275949642,0.9177040200633542,1.1325599414953758,-0.2148559214320216,149.58300000000003,152.42446070664505,146.741539293355
2021-11-15,150.37,151.88,149.43,150.0,59222803,54.052242775153424,0.8916690259157463,1.08438175837945,-0.19271273246370368,149.7555,152.21488353423385,147.29611646576618
2021-11-16,149.94,151.49,149.34,151.0,59256210,59.857460729753775,0.9408818478694343,1.0556817762774469,-0.11479992840801256,149.8675,152.3399833031287,147.39501669687132
2021-11-17,151.0,155.0,150.99,153.49,88807000,70.54830060856756,1.1673490804785445,1.0780152371176663,0.08933384336087813,150.079,153.01323997153716,147.14476002846285
2021-11-18,153.71,158.67,153.05,157.87,137827700,80.8822515755311,1.6808792589559687,1.198588041485327,0.48229121747064174,150.49849999999998,155.03415187098582,145.96284812901413
2021-11-19,157.65,161.02,156.53,160.55,117305600,84.67787857672451,2.2778515724758677,1.414440747683435,0.8634108247924326,151.0915,157.39014906150848,144.7928509384915
2021-11-22,161.68,165.7,161.0,161.02,117467900,85.26967205072407,2.757099378538726,1.6829724738544933,1.0741269046842326,151.7105,159.29648007407437,144.12451992592563
2021-11-23,161.12,161.8,159.06,161.41,96041900,85.79497277342932,3.1322696040462006,1.972831899892835,1.1594377041533657,152.315,160.9528128323297,143.6771871676703
2021-11-24,160.75,162.14,159.64,161.94,69463623,86.54723016476858,3.4327902125885714,2.2648235624319826,1.1679666501565888,152.96949999999998,162.44493188850666,143.4940681114933
2021-11-26,159.57,160.45,156.36,156.81,76959800,54.382823362076834,3.219889946203409,2.4558368391862677,0.7640531070171415,153.18149999999997,162.8078241604545,143.55517583954546
2021-11-29,159.37,161.19,158.79,160.24,88748217,64.54750605683003,3.290012074292463,2.622671886207507,0.6673401880849559,153.70350000000002,163.6835037443324,143.72349625566764
2021-11-30,159.99,165.52,159.92,165.3,174048100,74.29653566351641,3.7111047720911188,2.8403584633842294,0.8707463087068894,154.52050000000003,165.49156716490654,143.5494328350935
2021-12-01,167.48,170.3,164.53,164.77,152423003,71.90675763664375,3.9564497088611006,3.0635767124796036,0.892872996381497,155.258,166.91674526064793,143.5992547393521
2021-12-02,158.74,164.2,157.8,163.76,136739200,67.15697703312136,4.023013978879021,3.2554641657594874,0.7675498131195337,155.8715,167.9781198072767,143.7648801927233
2021-12-03,164.02,164.96,159.72,161.84,118023116,58.65813331489122,3.8761567661707943,3.379602685841749,0.49655408032904536,156.4155,168.57055175463873,144.2604482453613
2021-12-06,164.29,167.88,164.28,165.32,107497000,67.30999571759679,3.9945318073120006,3.5025885101357996,0.491943297176201,157.1175,169.63990749511595,144.59509250488406
2021-12-07,169.08,171.58,168.34,171.18,120405400,76.75984405452708,4.509218442880609,3.703914496684762,0.8053039461958473,158.1545,171.7386106483022,144.57038935169783
2021-12-08,172.13,175.96,170.7,175.08,116998901,80.98164464744818,5.172186964276165,3.9975689902030425,1.1746179740731222,159.368,174.44386094251172,144.29213905748827
2021-12-09,174.91,176.75,173.92,174.56,108923739,78.77993058742842,5.5911829629276895,4.316291784747972,1.2748911781797174,160.7,176.21802483362168,145.1819751663783
2021-12-10,175.21,179.63,174.69,179.45,115402731,83.61389525863353,6.245824466567143,4.702198321111807,1.5436261454553364,162.279,178.7006287415827,145.8573712584173
2021-12-13,181.12,182.13,175.53,175.74,153237019,69.71191567468503,6.391588328773935,5.040076322644232,1.3515120061297026,163.5665,179.96905342766573,147.16394657233425
2021-12-14,175.25,177.74,172.21,174.33,139380400,64.97457367373578,6.320473539006883,5.296155765916763,1.0243177730901207,164.783,180.54546988394165,149.02053011605832
2021-12-15,175.11,179.5,172.31,179.3,131063300,72.55886456163388,6.589195871365973,5.554763787006605,1.0344320843593682,166.198,181.83123800517285,150.56476199482717
2021-12-16,179.28,181.14,170.75,172.26,150185843,53.59199515077062,6.163047318412367,5.676420493287758,0.48662682512460886,167.1365,181.7798391000846,152.49316089991544
2021-12-17,169.93,173.47,169.69,171.14,195923441,51.13816991728803,5.669591360190452,5.675054666668297,-0.005463306477844654,167.8,181.8666488733594,153.73335112664063
2021-12-20,168.28,170.58,167.46,169.75,107499114,47.99148964401617,5.107486648077099,5.561541062950058,-0.4540544148729584,168.26000000000002,181.9243477707525,154.59565222924755
2021-12-21,171.56,173.2,169.12,172.99,91185905,55.37647190610951,4.867347780773741,5.422702406514795,-0.555354625741054,168.8585,182.23313943439481,155.48386056560517
2021-12-22,173.04,175.86,172.15,175.64,92135303,60.64964970588928,4.835132454188226,5.305188416049482,-0.47005596186125587,169.57,182.78935263961878,156.3506473603812
2021-12-23,175.85,176.85,175.27,176.28,68356600,61.90414278011802,4.805845432456692,5.205319819330924,-0.39947438687423187,170.287,183.31808849515235,157.25591150484766
2021-12-27,177.09,180.42,177.07,180.33,74919600,69.09756191979312,5.051209213921055,5.174497698248951,-0.12328848432789563,171.46300000000002,183.5866334661324,159.33936653386763
2021-12-28,180.16,181.33,178.53,179.29,79144339,65.43652533414293,5.102919194112019,5.160181997421565,-0.057262803309545696,172.4155,183.7971832997987,161.03381670020133
2021-12-29,179.33,180.63,178.14,179.38,62348931,65.61842178709334,5.092459273246078,5.146637452586467,-0.05417817934038904,173.1195,184.38929657034308,161.8497034296569
2021-12-30,179.47,180.57,178.09,178.2,59773014,60.77947151826762,4.932099400507894,5.103729842170753,-0.17163044166285868,173.791,184.55515670053907,163.02684329946092
2021-12-31,178.09,179.23,177.26,177.57,64062300,58.138314251374474,4.699998652345386,5.02298360420568,-0.3229849518602945,174.4815,184.2632515921538,164.69974840784622
2022-01-03,177.83,182.88,177.71,182.01,104701220,69.0685206163595,4.8187801328181195,4.982142909928169,-0.16336277711004943,175.48999999999998,183.83798431391324,167.14201568608672
2022-01-04,182.63,182.94,179.12,179.7,99310438,59.709470276365955,4.672654168711944,4.920245161684924,-0.24759099297298004,176.209,183.24242366284955,169.17557633715046
2022-01-05,179.61,180.17,174.64,174.92,94537602,45.113779208406555,4.123607853030904,4.7609176999541205,-0.6373098469232161,176.39600000000002,183.0553706040575,169.73662939594254
2022-01-06,172.7,175.3,171.64,172.0,96904000,38.48314769481743,3.4135162056678894,4.491437401096874,-1.077921195428985,176.24200000000002,183.16667624172504,169.317323758275
2022-01-07,172.89,174.14,171.03,172.17,86709147,39.08458020746218,2.831837379891539,4.159517396855807,-1.3276800169642682,176.1225,183.24894260557858,168.99605739442143
2022-01-10,169.08,172.5,168.17,172.19,106765600,39.16531728494012,2.3454298966777287,3.7966998968201917,-1.451270000142463,175.7595,182.9118466152964,168.6071533847036
2022-01-11,172.32,175.18,170.82,175.08,76138312,50.175706808886574,2.1681541773884874,3.4709907529338513,-1.302836575545364,175.7265,182.88531282425447,168.5676871757455
2022-01-12,176.12,177.18,174.82,175.53,74805200,51.74483287944278,2.0404520705107245,3.184883016449226,-1.1444309459385016,175.7865,182.91608631708112,168.65691368291886
2022-01-13,175.78,176.62,171.79,172.19,84505800,40.75323881465364,1.6507088007858783,2.878048173316557,-1.2273393725306785,175.43099999999998,182.5319232906028,168.33007670939716
2022-01-14,171.34,173.78,171.09,173.07,80440800,44.34713347051652,1.3967423210779657,2.5817870028688388,-1.185044681790873,175.47150000000002,182.50519417051163,168.4378058294884
2022-01-18,171.51,172.54,169.41,169.8,91168729,35.19379007753865,0.9209937421492214,2.2496283507249153,-1.328634608575694,175.40449999999998,182.63470411738322,168.17429588261675
2022-01-19,170.0,171.08,165.94,166.23,94815000,27.931457001296238,0.2529742715680072,1.8502975348935338,-1.5973232633255265,175.2285,183.17422185452975,167.28277814547025
2022-01-20,166.98,169.68,164.18,164.51,91420515,25.05705036109265,-0.41049368141233344,1.3981392916323603,-1.8086329730446937,174.80450000000002,184.05161841318397,165.55738158681606
2022-01-21,164.42,166.33,162.3,162.41,122848900,21.884362981995906,-1.0931481325347079,0.8998818067989467,-1.9930299393336546,174.143,184.9069028335731,163.3790971664269
2022-01-24,160.02,162.3,154.7,161.62,162706686,20.744242820069033,-1.6785537779150843,0.38419468985614047,-2.062748467771225,173.41,185.47871204919528,161.3412879508047
2022-01-25,158.98,162.76,157.02,159.78,115798400,18.196563653171893,-2.264856733379304,-0.14561559479094843,-2.1192411385883556,172.3825,185.4300323337432,159.33496766625677
2022-01-26,163.5,164.39,157.82,159.69,108275308,18.07130456472227,-2.705580054801345,-0.6576084867930279,-2.0479715680083173,171.4025,185.18890806622576,157.61609193377424
2022-01-27,162.45,163.84,158.28,159.22,121954638,17.351586647599717,-3.057536160704103,-1.137594021575243,-1.9199421391288602,170.3945,184.6645311289473,156.1244688710527
2022-01-28,165.71,170.35,162.8,170.33,179935700,60.384562192107865,-2.412173723326447,-1.3925099619254837,-1.0196637614009632,170.001,183.79071378658244,156.21128621341757
2022-01-31,170.16,175.0,169.51,174.78,115541600,68.06844572263115,-1.5240729678501737,-1.4188225631104219,-0.10525040473975178,169.8615,183.382647997044,156.34035200295602
2022-02-01,174.01,174.84,172.31,174.61,86213911,67.49141140693808,-0.8244604332992367,-1.299950137148185,0.4754897038489483,169.4915,181.9783440663329,157.0046559336671
2022-02-02,174.75,175.88,173.33,175.84,84914300,69.64003883558667,-0.16881573604939604,-1.0737232569284272,0.9049075208790311,169.2985,181.22786275706062,157.36913724293936
2022-02-03,174.48,176.24,172.12,172.9,89418100,58.902874169235666,0.11225991833211424,-0.8365266218763189,0.9487865402084331,169.1975,180.95949566847966,157.43550433152032
2022-02-04,171.68,174.1,170.68,172.39,82465400,57.13952630144032,0.29051281087222947,-0.6111187353266093,0.9016315461988388,169.21699999999998,180.99983336491414,157.43416663508583
2022-02-07,172.86,173.95,170.95,171.66,77251204,54.447495593973265,0.36862532997491826,-0.4151699222663038,0.783795252241222,169.19150000000002,180.94960631907188,157.43339368092816
2022-02-08,171.73,175.35,171.43,174.83,74829217,63.14709751762901,0.6785012314944368,-0.1964356915141557,0.8749369230085925,169.32350000000002,181.2809267166595,157.36607328334054
2022-02-09,176.05,176.65,174.9,176.28,71285038,66.52159089899203,1.0292188041208874,0.0486952076128529,0.9805235965080346,169.3835,181.47385156861466,157.29314843138533
2022-02-10,174.14,175.48,171.55,172.12,90865900,51.04806182046843,0.9604166880404819,0.2310395036983787,0.7293771843421032,169.21300000000002,181.03150841065417,157.39449158934588
2022-02-11,172.33,173.08,168.04,168.64,98670700,41.688124761899886,0.6179601391109486,0.3084236307808927,0.3095365083300559,169.0355,180.77210127437905,157.29889872562097
2022-02-14,167.37,169.58,166.56,168.88,86185530,42.5266955757207,0.3617567444896963,0.3190902535226534,0.04266649096704289,168.82600000000002,180.40793947943672,157.24406052056332
2022-02-15,170.97,172.95,170.25,172.79,64286320,54.75722799996172,0.46881383708569047,0.34903497023526087,0.1197788668504296,168.9755,180.68684308447058,157.26415691552944
2022-02-16,171.85,173.34,170.05,172.55,61177400,53.94419844884715,0.5282025696086521,0.3848684901099391,0.14333407949871296,169.29149999999998,181.03194789785195,157.55105210214802
2022-02-17,171.03,171.91,168.47,168.88,69589344,42.745694990567046,0.2759492680854976,0.36308464570505083,-0.08713537761955326,169.51,181.03647113570221,157.98352886429777
2022-02-18,169.82,170.54,166.19,167.3,82772700,38.74972016015635,-0.05086969200340263,0.28029377816336015,-0.3311634701667628,169.7545,180.846092785817,158.662907214183
2022-02-22,164.98,166.69,162.15,164.32,91162800,32.199115531747694,-0.5440655189448194,0.11542191874172426,-0.6594874376865436,169.8895,180.62420020173477,159.15479979826523
2022-02-23,165.54,166.15,159.75,160.07,90009247,25.191283480380008,-1.2633036680419991,-0.16032319861502042,-1.1029804694269787,169.904,180.58183616952562,159.22616383047438
2022-02-24,152.58,162.85,152.0,162.74,141147540,35.38521849873975,-1.5994212644225172,-0.4481428117765198,-1.1512784526459974,170.05649999999997,180.193548828305,159.91945117169493
2022-02-25,163.84,165.12,160.87,164.85,91974222,42.526503663226464,-1.6762151503112648,-0.6937572794834689,-0.9824578708277959,170.33800000000002,179.47095847611214,161.2050415238879
2022-02-28,163.06,165.42,162.43,165.12,95056629,43.449312198076,-1.6957406717305332,-0.8941539579328818,-0.8015867137976515,170.07750000000001,179.50391501314644,160.6510849868536
2022-03-01,164.7,166.6,161.97,163.2,83474425,38.39148212119601,-1.8448761580649204,-1.0842983979592895,-0.7605777601056309,169.49849999999998,179.1290856519773,159.86791434802265
2022-03-02,164.39,167.36,162.95,166.56,79724800,50.11673363919313,-1.6726617823090635,-1.2019710748292445,-0.470690707479819,169.09599999999998,178.49724381468903,159.69475618531092
2022-03-03,168.47,168.91,165.55,166.23,76678441,49.05865102621776,-1.5449991029298928,-1.270576680449374,-0.27442242248051874,168.6155,177.5354468372305,159.6955531627695
2022-03-04,164.49,165.55,162.1,163.17,83819592,40.01888487317805,-1.671474221901434,-1.3507561887397863,-0.3207180331616477,168.129,177.12606127460614,159.13193872539384
2022-03-07,163.36,165.02,159.04,159.3,96418845,31.538430588917095,-2.0602342242648604,-1.4926517958448013,-0.567582428420059,167.4745,177.05217684171274,157.89682315828728
2022-03-08,158.82,162.88,155.8,157.44,131148300,28.221857208905277,-2.4897158873784804,-1.6920646141515372,-0.7976512732269432,166.7635,177.11306246215094,156.41393753784905
2022-03-09,161.48,163.41,159.41,162.95,91454905,47.20052417009232,-2.358287379705388,-1.8253091672623074,-0.5329782124430804,166.1695,175.91582448940113,156.42317551059887
2022-03-10,160.2,160.39,155.98,158.52,105342033,37.903347409357,-2.5818315702212544,-1.976613647854097,-0.6052179223671574,165.2815,174.3627502617127,156.20024973828728
2022-03-11,158.93,159.28,154.5,154.73,96970102,31.733128798796926,-3.0298866303665193,-2.1872682443565816,-0.8426183860099377,164.41199999999998,174.04939121722006,154.7746087827799
2022-03-14,151.45,154.12,150.1,150.62,108732111,26.36316814602027,-3.6742615449490756,-2.4846669044750804,-1.1895946404739952,163.511,174.72456302829477,152.29743697170522
2022-03-15,150.9,155.57,150.38,155.09,92964302,39.26155715152694,-3.7806605629844228,-2.743865636176949,-1.0367949268074739,162.8215,174.33682484630174,151.30617515369823
2022-03-16,157.05,160.0,154.46,159.59,102300200,49.530431988523546,-3.461962807166117,-2.8874850703747827,-0.5744777367913341,162.1615,172.74671764687164,151.57628235312833
2022-03-17,158.61,161.0,157.63,160.62,75615400,51.68763074076994,-3.090653023466132,-2.9281186609930527,-0.16253436247307906,161.565,170.96333691895373,152.16666308104627
2022-03-18,160.51,164.48,159.76,163.98,123511700,58.38308989249079,-2.4964854946588275,-2.841792027726208,0.34530653306738035,161.32,170.15395363595306,152.48604636404693
2022-03-21,163.51,166.35,163.01,165.38,95811400,60.9827431551879,-1.8908387356826495,-2.6516013693174965,0.760762633634847,161.224,169.82293359361677,152.6250664063832
2022-03-22,165.51,169.42,164.91,168.82,81532007,66.8531266864606,-1.1203651924884355,-2.3453541339516844,1.2249889414632489,161.449,170.60638850385794,152.29161149614208
2022-03-23,167.99,172.64,167.65,170.21,98062700,69.0258919848526,-0.3930669442024737,-1.9548966960018423,1.5618297517993687,161.956,171.88243339775488,152.0295666022451
2022-03-24,171.06,174.14,170.21,174.07,90131418,74.40229370029189,0.48915324398970483,-1.466086708003533,1.9552399519932377,162.5225,173.83390807466708,151.21109192533294
2022-03-25,173.88,175.28,172.75,174.72,80546200,75.23743970388097,1.2266288530406655,-0.9275435957946934,2.154172448835359,163.016,175.5501107634983,150.48188923650167
2022-03-28,172.17,175.73,172.0,175.6,90371916,76.43828082988816,1.860643887447651,-0.3699060991462245,2.2305499865938754,163.54,177.26421908429586,149.81578091570412
2022-03-29,176.69,179.01,176.34,178.96,100589440,80.58600157691002,2.6042095823540024,0.22491703715382083,2.3792925452001814,164.328,179.682919115798,148.973080884202
2022-03-30,178.55,179.61,176.7,177.77,92633200,75.17785963808558,3.0621689207296185,0.7923674138689805,2.269801506860638,164.8885,181.36397878068192,148.41302121931807
2022-03-31,177.84,178.03,174.4,174.61,103049300,62.35590862579578,3.133992688166586,1.2606924687285017,1.8733002194380843,165.3075,182.34333452299316,148.27166547700685
2022-04-01,174.03,174.88,171.94,174.31,78751328,61.212280584557824,3.130618230310432,1.634677621044888,1.4959406092655443,165.8645,183.32913792624416,148.39986207375583
2022-04-04,174.57,178.49,174.44,178.44,76545983,69.96294824337282,3.421756552727288,1.992093407381368,1.42966314534592,166.8215,184.85975207426728,148.7832479257327
2022-04-05,177.5,178.3,174.42,175.06,73401800,57.67570602282633,3.341232371683759,2.2619212002418463,1.0793111714419128,167.7025,185.53142490191055,149.87357509808942
2022-04-06,172.36,173.63,170.13,171.83,89058800,48.31872927182762,2.9824030860037,2.406017577394217,0.5763855086094827,168.1465,185.91929088352606,150.37370911647395
2022-04-07,171.16,173.36,169.85,172.14,77594700,49.23084438023308,2.69201087544522,2.463216237004418,0.22879463844080217,168.82750000000001,186.08344192094486,151.57155807905517
2022-04-08,171.78,171.78,169.2,170.09,76575508,43.3879780392534,2.2702846606151184,2.424629921726558,-0.15434526111143976,169.5955,185.52596531847806,153.66503468152192
2022-04-11,168.71,169.03,165.5,165.75,72246706,33.63627727756182,1.567789367963428,2.253261810973932,-0.6854724430105041,170.352,183.71909329502756,156.98490670497245
2022-04-12,168.02,169.87,166.64,167.66,79265200,40.434526721048876,1.1518994450259186,2.0329893377843296,-0.881089892758411,170.9805,182.36048330403332,159.6005166959667
2022-04-13,167.39,171.04,166.77,170.4,70618925,49.07032285092803,1.031508201185659,1.8326931104645956,-0.8011849092789367,171.521,181.57239194341147,161.4696080565885
2022-04-14,170.62,171.27,165.04,165.29,75329400,37.40174571238384,0.5177941702431781,1.5697133224203121,-1.051919152177134,171.7545,180.9173298892332,162.5916701107668
2022-04-18,163.92,166.6,163.57,165.07,69023941,36.965088712608186,0.09186102155328513,1.2741428622469069,-1.1822818406936217,171.809,180.78825304595185,162.82974695404815
2022-04-19,165.02,167.82,163.91,167.4,67723833,44.83537246313821,-0.057025189204352955,1.007909251956655,-1.064934441161008,171.91000000000003,180.62636573228923,163.19363426771082
2022-04-20,168.76,168.88,166.1,167.23,67929814,44.36900330232929,-0.1865853236816406,0.769010336828996,-0.9555956605106366,171.8305,180.6933057218488,162.9676942781512
2022-04-21,168.91,171.53,165.91,166.42,87227800,41.96894862123876,-0.35058160768886637,0.5450919479254236,-0.89567355561429,171.64100000000002,180.80659447637422,162.47540552362582
2022-04-22,166.46,167.87,161.5,161.79,84882424,30.933042812864215,-0.8444182221368237,0.26718991391297414,-1.1116081360497978,171.027,181.10710881311743,160.94689118688254
2022-04-25,161.12,163.17,158.46,162.88,96046400,35.537519932411556,-1.1347526839164175,-0.013198605652904177,-1.1215540782635134,170.435,180.9818069500765,159.8881930499235
2022-04-26,162.25,162.34,156.72,156.8,95623240,24.867467678291504,-1.834305294325901,-0.37741994338750356,-1.4568853509383974,169.495,181.37094561332285,157.61905438667716
2022-04-27,155.91,159.79,155.38,156.57,88063200,24.54578438340826,-2.3798316381586346,-0.7779022823417299,-1.6019293558169048,168.37550000000002,180.70718529055694,156.0438147094431
2022-04-28,159.25,164.52,158.93,163.64,130216800,48.277005699194405,-2.216129125342036,-1.0655476509417912,-1.1505814744002447,167.669,179.33559811509002,156.00240188491
2022-04-29,161.84,166.2,157.25,157.65,131747600,36.92420428415957,-2.540451895923411,-1.3605284999381153,-1.1799233959852957,166.821,178.82399067996104,154.81800932003895
2022-05-02,156.71,158.23,153.27,157.96,123055300,37.797682462028725,-2.7408705692174067,-1.6365969137939738,-1.104273655423433,166.0035,178.08573624299953,153.92126375700047
2022-05-03,158.15,160.71,156.32,159.48,88966526,42.31694311000914,-2.7454051928042134,-1.8583585695960219,-0.8870466232081915,165.0555,175.9455968532771,154.1654031467229
2022-05-04,159.67,166.48,159.26,166.02,108256503,57.607722966260816,-2.195961889998415,-1.9258792336765005,-0.2700826563219145,164.6035,174.44515855727408,154.7618414427259
2022-05-05,163.85,164.08,154.95,156.77,130525300,40.21181964580486,-2.478352899025225,-2.0363739667462455,-0.44197893227897955,163.8505,173.6686131749364,154.0323868250636
2022-05-06,156.01,159.44,154.18,157.28,116124647,41.33874201136116,-2.630672317504633,-2.155233636897923,-0.47543868060671013,163.1075,172.52520533008334,153.68979466991664
2022-05-09,154.93,155.83,151.49,152.06,131577921,33.8121314624191,-3.136441977937153,-2.351475305105769,-0.7849666728313842,162.206,172.24099644665006,152.17100355334992
2022-05-10,155.52,156.74,152.93,154.51,115366736,39.75264091314239,-3.3015157349377375,-2.5414833910721626,-0.7600323438655749,161.644,172.09369986978044,151.19430013021957
2022-05-11,153.5,155.45,145.81,146.5,142689825,29.69764937550883,-4.032197274069944,-2.839626167671719,-1.1925711063982245,160.58599999999998,172.63365345136873,148.53834654863124
2022-05-12,142.77,146.2,138.8,142.56,182602041,25.96951787044813,-4.873019593628555,-3.2463048528630867,-1.6267147407654687,159.19400000000002,172.7998198074076,145.58818019259243
2022-05-13,144.59,148.1,143.11,147.11,113990900,36.57839579942138,-5.113287569423733,-3.6197013961752162,-1.4935861732485165,158.28500000000003,172.58736123310308,143.98263876689697
2022-05-16,145.55,147.52,144.18,145.54,86643800,34.60405538558172,-5.368502791833947,-3.969461675306963,-1.399041116526984,157.3085,172.31008626700452,142.3069137329955
2022-05-17,148.86,149.77,146.68,149.24,78336300,42.97396108543922,-5.212121524014748,-4.21799364504852,-0.9941278789662276,156.4005,171.02383459703714,141.77716540296285
2022-05-18,146.85,147.36,139.9,140.82,109742900,32.164485392803016,-5.701884103085007,-4.514771736655818,-1.1871123664291892,155.07999999999998,170.3415692095178,139.81843079048218
2022-05-19,139.88,141.66,136.6,137.35,136095640,28.72831503050037,-6.297431604030834,-4.871303710130821,-1.4261278939000128,153.6265,169.8476859842892,137.4053140157108
2022-05-20,139.09,140.7,132.61,137.59,137426125,29.330816110675514,-6.673117747460964,-5.2316665175968495,-1.4414512298641142,152.41649999999998,169.65230883845737,135.1806911615426
2022-05-23,137.79,143.26,137.65,143.11,117726300,42.280011458024084,-6.451069936787036,-5.475547201434887,-0.9755227353521487,151.428,168.40278451921375,134.45321548078624
2022-05-24,140.81,141.97,137.33,140.36,104132746,38.25101241842075,-6.422957607207309,-5.665029282589371,-0.7579283246179376,150.606,168.07060649428018,133.1413935057198
2022-05-25,138.43,141.79,138.34,140.52,92482700,38.64352866575334,-6.314972646913162,-5.79501795545413,-0.5199546914590325,149.80349999999999,167.58632586625438,132.0206741337456
2022-05-26,137.39,144.34,137.14,143.78,90601548,46.62065645716777,-5.898346565236409,-5.815683677410586,-0.08266288782582265,148.8105,165.5260779533895,132.0949220466105
2022-05-27,145.39,149.68,145.26,149.64,90978503,57.95771540587211,-5.037248107338797,-5.659996563396229,0.6227484560574315,148.41,164.60969720314966,132.21030279685033
2022-05-31,149.07,150.66,146.84,148.84,103718416,56.081481701108416,-4.36901144536958,-5.4017995397908996,1.0327880944213197,147.954,163.5229777915486,132.3850222084514
2022-06-01,149.9,151.74,147.68,148.71,74286635,55.743130051078595,-3.806045269235625,-5.082648685679845,1.2766034164442202,147.4155,162.02112469159152,132.8098753084085
2022-06-02,147.83,151.27,146.86,151.21,72348100,60.96841066332501,-3.122170968626591,-4.690553142269195,1.568382173642604,146.675,158.5568242441331,134.7931757558669
2022-06-03,146.9,147.97,144.46,145.38,88570300,46.26911389518537,-3.015862944290433,-4.355615102673443,1.3397521583830105,146.1055,157.00094274601202,135.210057253988
2022-06-06,147.03,148.57,144.9,146.14,71598400,48.14946049052526,-2.8375775925251503,-4.052007600643785,1.2144300081186348,145.54850000000002,155.09398617493295,136.0030138250671
2022-06-07,144.35,149.0,144.1,148.71,67808200,54.37887630740503,-2.460544025272867,-3.7337148855696016,1.2731708602967347,145.381,154.55575690198776,136.20624309801224
2022-06-08,148.58,149.87,147.46,147.96,53950201,52.26452524560077,-2.196936027849887,-3.426359114025659,1.229423086175772,145.0535,153.27419602636786,136.83280397363217
2022-06-09,147.08,147.95,142.53,142.64,69473000,39.64741227469321,-2.389756701916184,-3.219038631603764,0.8292819296875797,144.8605,153.11936311789006,136.60163688210994
2022-06-10,140.28,140.76,137.06,137.13,91566637,30.770286151404903,-2.9531374955360548,-3.1658584043902223,0.2127209088541675,144.589,153.49772995851419,135.6802700414858
2022-06-13,132.87,135.2,131.44,131.88,122207100,24.692131613730027,-3.779682134462888,-3.2886231504047556,-0.49105898405813253,143.82750000000001,154.29601495023056,133.35898504976947
2022-06-14,133.13,133.89,131.48,132.76,84784326,27.463339066014598,-4.3139871121467195,-3.4936959427531487,-0.8202911693935708,143.1885,154.72281543836132,131.6541845616387
2022-06-15,134.29,137.34,132.16,135.43,91533000,35.741532042627824,-4.470448423868845,-3.689046438976288,-0.7814019848925571,142.498,154.15972254135806,130.83627745864192
2022-06-16,132.08,132.39,129.04,130.06,108123900,28.25767690347645,-4.9704628598463785,-3.9453297231503064,-1.025133136696072,141.95999999999998,154.87330770134096,129.046692298659
2022-06-17,130.07,133.08,129.81,131.56,134520300,32.793228593057066,-5.185910490770709,-4.193445876674387,-0.9924646140963223,141.6705,155.26082856579833,128.08017143420167
2022-06-21,133.42,137.06,133.32,135.87,81000500,44.438787084581605,-4.95179213333796,-4.345115128007102,-0.6066770053308588,141.5845,155.30469867126513,127.86430132873485
2022-06-22,134.79,137.76,133.91,135.35,73409234,43.39206452982454,-4.753416871721555,-4.4267754767499925,-0.3266413949715625,141.1965,155.17158501057037,127.2214149894296
2022-06-23,136.82,138.59,135.63,138.27,72433800,50.88737979956897,-4.310890192429781,-4.403598419885951,0.09270822745616947,141.092,155.1245600320351,127.05943996796492
2022-06-24,139.9,141.91,139.77,141.66,89116837,58.28612219946226,-3.6446269514755443,-4.2518041262038695,0.6071771747283252,141.14899999999997,155.1810383783921,127.11696162160787
2022-06-27,142.7,143.49,140.97,141.66,70207908,58.28612219946227,-3.081091626494583,-4.017661626262012,0.9365699997674293,141.043,155.0232885295139,127.0627114704861
2022-06-28,142.13,143.42,137.32,137.44,67315328,46.641060691017564,-2.9411013675893116,-3.8023495745274722,0.8612482069381606,140.43300000000002,153.88866928062333,126.97733071937671
2022-06-29,137.46,140.67,136.67,139.23,66242411,51.39392747325331,-2.6551135423206347,-3.572902368086105,0.9177888257654705,139.95250000000001,152.81749432364447,127.08750567635558
2022-06-30,137.25,138.37,133.77,136.72,98964500,44.92014372362298,-2.6010192228956726,-3.378525739048019,0.7775065161523464,139.353,151.60243066346277,127.10356933653725
2022-07-01,136.04,139.04,135.66,138.93,71051600,51.169101054306736,-2.3527000926009407,-3.173360609758604,0.8206605171576631,138.73899999999998,149.64318731738703,127.83481268261292
2022-07-05,137.77,141.61,136.93,141.56,73429641,57.75088679053927,-1.9215361005740021,-2.9229957079216837,1.0014596073476816,138.548,149.0902130903401,128.00578690965992
2022-07-06,141.35,144.12,141.08,142.92,74064300,60.89576533611645,-1.4533416783241364,-2.6290649020021744,1.175723223678038,138.387,148.53188950939966,128.24211049060034
2022-07-07,143.29,146.55,143.28,146.35,66253709,67.85817970858756,-0.7963421545861991,-2.262520352518979,1.4661781979327801,138.269,147.95274416497378,128.58525583502623
2022-07-08,145.26,147.55,145.0,147.04,64547800,69.1338019771607,-0.21748107867088606,-1.8535124977493607,1.6360314190784746,138.223,147.71985177752305,128.72614822247698
2022-07-11,145.67,146.64,143.78,144.87,63305113,60.430809899947604,0.06541556005103644,-1.4697268861892814,1.5351424462403178,138.3345,148.09831606804215,128.57068393195783
2022-07-12,145.76,148.45,145.05,145.86,77588800,62.89000194818314,0.3652871082229012,-1.102724087306845,1.4680111955297461,138.77100000000002,149.07377612051755,128.46822387948248
2022-07-13,142.99,146.45,142.12,145.49,71185600,61.248486102263946,0.5665507188051322,-0.7688691260844496,1.3354198448895818,139.45149999999998,149.63504353589173,129.26795646410824
2022-07-14,144.08,148.95,143.25,148.47,78140744,68.81325923790996,0.9555002630641241,-0.4239952482547349,1.379495511318859,140.237,150.66786129561967,129.80613870438032
2022-07-15,149.78,150.86,148.2,150.17,76259931,72.36431891537647,1.3849564557107215,-0.06220490746164359,1.447161363172365,140.974,152.0384759192859,129.90952408071408
2022-07-18,150.74,151.57,146.7,147.07,81420900,58.37814431207339,1.4583485558673601,0.24190578520415715,1.216442770663203,141.8245,151.9301138124487,131.7188861875513
2022-07-19,147.92,151.23,146.91,151.0,82982400,67.55182312597564,1.812734405780759,0.5560715093194776,1.2566628964612816,142.79649999999998,152.47578286817492,133.11721713182504
2022-07-20,151.12,153.72,150.37,153.04,64823413,71.3357920510573,2.2324642379832085,0.8913500550522238,1.3411141829309847,143.655,153.78294882335325,133.52705117664675
2022-07-21,154.5,155.57,151.94,155.35,65086636,75.1257695634637,2.720144713492431,1.2571089867402652,1.4630357267521656,144.655,155.2681289101377,134.0418710898623
2022-07-22,155.39,156.28,153.41,154.09,66675408,69.3544209369209,2.970718935461292,1.5998309764844705,1.3708879589768217,145.446,156.40785040084796,134.48414959915203
2022-07-25,154.01,155.04,152.28,152.95,53623945,64.20520806590767,3.0422432525541296,1.8883134316984025,1.1539298208557272,146.0105,157.30906343919523,134.7119365608048
2022-07-26,152.26,153.09,150.8,151.6,55138700,58.29163759941085,2.9559190764581444,2.1018345606503512,0.8540845158077932,146.5075,157.87456947375173,135.14043052624825
2022-07-27,152.58,157.33,152.16,156.79,78620700,70.38946272094246,3.2686175814945386,2.335191164819189,0.9334264166753496,147.475,158.88633231762202,136.06366768237797
2022-07-28,156.98,157.64,154.41,157.35,81378731,71.42149262623704,3.5210324491840765,2.5723594216921666,0.94867302749191,148.381,159.91271170021565,136.84928829978435
2022-07-29,161.24,163.63,159.5,162.51,101786900,79.14826051316037,4.0902915911154025,2.875945855576814,1.2143457355385885,149.6705,161.4763887625513,137.8646112374487
2022-08-01,161.01,163.59,160.89,161.51,67829400,74.63589497359271,4.409907253983334,3.182738135258118,1.2271691187252163,150.79950000000002,162.59934741203978,138.99965258796027
2022-08-02,160.1,162.41,159.63,160.01,59907025,67.93271279174974,4.490404912880052,3.4442714907825054,1.046133422097547,151.722,163.36418934013844,140.07981065986158
2022-08-03,160.84,166.59,160.75,166.13,82507500,77.4619430313166,4.990505301897372,3.753518253005479,1.2369870488918928,152.8825,165.4229421562296,140.3420578437704
2022-08-04,166.01,167.19,164.43,165.81,55474144,76.09763257532326,5.299922925179914,4.0627991874403655,1.237123737739548,153.8555,167.25235662267383,140.45864337732618
2022-08-05,163.21,165.85,163.0,165.35,56697000,73.93766944288308,5.445251001253894,4.3392895502030715,1.1059614510508222,154.771,168.69878049345064,140.84321950654933
2022-08-08,166.37,167.81,164.2,164.87,60362338,71.49436101023359,5.458767288761976,4.563185097914852,0.895582190847124,155.77100000000002,169.57702141706596,141.96497858293407
2022-08-09,164.02,165.82,163.25,164.92,63135503,71.6071322797359,5.41113740246476,4.732775558824834,0.6783618436399266,156.724,170.27850346602892,143.16949653397106
2022-08-10,167.68,169.34,166.9,169.24,70170540,79.63783156224153,5.656770541092726,4.917574555278412,0.7391959858143142,157.9115,171.483421905559,144.33957809444098
2022-08-11,170.06,170.99,168.19,168.49,57149200,75.36757406122908,5.7249244754468975,5.079044539312109,0.6458799361347882,158.9125,172.5055227845436,145.3194772154564
2022-08-12,169.82,172.17,169.4,172.1,68039400,81.01989781610504,6.001057335975673,5.263447098644822,0.7376102373308511,160.00900000000001,174.15925668355868,145.85874331644135
2022-08-15,171.52,173.39,171.35,173.19,54091700,82.42492352226964,6.2359641943845645,5.457950517792771,0.7780136765917938,161.315,175.25698279336908,147.37301720663092
2022-08-16,172.78,173.71,171.66,173.03,56377100,81.40427937052968,6.33617937753246,5.633596289740709,0.7025830877917514,162.41649999999998,176.40804372431964,148.42495627568033
2022-08-17,172.77,176.15,172.57,174.55,79542037,83.62668770001648,6.463741935525434,5.799625418897654,0.6641165166277796,163.49200000000002,177.75306012151802,149.23093987848202
2022-08-18,173.75,174.9,173.12,174.15,62290100,80.69822865181443,6.458114401924206,5.931323215502966,0.5267911864212405,164.432,178.91010339425765,149.95389660574233
2022-08-19,173.03,173.74,171.31,171.52,70346300,63.75943789532436,6.1703080505053265,5.979120182503438,0.19118786800188836,165.30349999999999,179.24900336884997,151.35799663115
2022-08-22,169.69,169.86,167.14,167.57,69026809,46.75289142564386,5.559402127877917,5.895176571578334,-0.33577444370041754,166.0345,178.73018426464088,153.33881573535913
2022-08-23,167.08,168.71,166.65,167.23,54147100,45.54631557294599,4.990294614390592,5.714200180140786,-0.7239055657501936,166.816,177.5419300173423,156.0900699826577
2022-08-24,167.32,168.11,166.25,167.53,53841524,46.940435328557335,4.511474829015754,5.4736551099157795,-0.9621802809000259,167.353,176.9850541614188,157.72094583858123
2022-08-25,168.78,170.14,168.35,170.03,51218209,57.42197310625378,4.2843485033914135,5.2357937886109065,-0.951445285219493,167.987,176.44439066392172,159.52960933607827
2022-08-26,170.57,171.05,163.56,163.62,78961000,36.2415690473776,3.5462370117667206,4.897882433242069,-1.3516454214753484,168.0425,176.3620011869754,159.7229988130246
2022-08-29,161.15,162.9,159.82,161.38,73314000,31.549292034707634,2.748842116485065,4.468074369890668,-1.719232253405603,168.036,176.37716589099736,159.69483410900264
2022-08-30,162.13,162.56,157.72,158.91,77906200,27.087208083332513,1.895739653042341,3.953607426521003,-2.057867773478662,167.981,176.5562174132377,159.40578258676229
2022-08-31,160.31,160.58,157.14,157.22,87991100,24.36651700917247,1.0709358466066874,3.3770731105381397,-2.3061372639314524,167.5355,177.35161666168824,157.7193833383118
2022-09-01,156.64,158.42,154.67,157.96,74229900,28.01930082932394,0.4715489800647106,2.7959682844434544,-2.324419304378744,167.143,177.8380398734563,156.4479601265437
2022-09-02,159.75,160.36,154.97,155.81,76957800,24.114934154116654,-0.1749398638649211,2.2017866547817797,-2.376726518646701,166.666,178.4892142748728,154.8427857251272
2022-09-06,156.47,157.09,153.69,154.53,73714843,22.008255304398176,-0.7815628627970739,1.6051167512660092,-2.386679614063083,166.14899999999997,179.14864355786958,153.14935644213037
2022-09-07,154.82,156.67,153.61,155.96,87449600,29.902143439166096,-1.1338565187946585,1.0573220972538757,-2.1911786160485343,165.701,179.47356754719996,151.92843245280002
2022-09-08,154.64,156.36,152.68,154.46,84923847,26.638817836199365,-1.5166067447894136,0.5425363288452179,-2.0591430736346314,164.962,179.499865766773,150.42413423322697
2022-09-09,155.47,157.82,154.75,157.37,68081006,41.04178714417604,-1.5670622580925624,0.12061661145766178,-1.6876788695502243,164.406,179.2236230780881,149.5883769219119
2022-09-12,159.59,164.26,159.3,163.43,104956000,59.94010244253262,-1.1053158681381205,-0.1245698844614947,-0.9807459836766259,163.97250000000003,178.34290654298286,149.6020934570172
2022-09-13,159.9,160.54,153.37,153.84,122656614,37.81013106184435,-1.4959668062861908,-0.3988492688264339,-1.097117537459757,163.00500000000002,177.36796333593978,148.64203666406027
2022-09-14,154.79,157.1,153.61,155.31,87965409,41.62217515105596,-1.667719344079842,-0.6526232838771155,-1.0150960602027264,162.119,176.05805818762406,148.17994181237594
2022-09-15,154.65,155.24,151.38,152.37,90481110,36.46416233309101,-2.017807864071102,-0.9256601999159129,-1.0921476641551893,161.01,174.2989190087503,147.7210809912497
2022-09-16,151.21,151.35,148.37,150.7,162278841,33.724948202279634,-2.402318153362586,-1.2209917906052477,-1.1813263627573383,159.8375,172.36090440514508,147.31409559485493
2022-09-19,149.31,154.56,149.1,154.48,81474246,44.59500676299957,-2.3746573469287284,-1.4517249018699439,-0.9229324450587846,158.9855,170.43491547577474,147.53608452422526
2022-09-20,153.4,158.08,153.08,156.9,107689800,50.58236493200022,-2.132875719700735,-1.587955065436102,-0.5449206542646328,158.452,169.18940652799526,147.71459347200474
2022-09-21,157.34,158.74,153.6,153.72,101696800,43.46124702450335,-2.1728146075454333,-1.7049269738579684,-0.4678876336874649,157.7765,167.86921811492988,147.68378188507012
2022-09-22,152.38,154.47,150.91,152.74,86652542,41.3892757253959,-2.2575209771383413,-1.815445774514043,-0.4420752026242982,157.03699999999998,166.24966199600826,147.8243380039917
2022-09-23,151.19,151.47,148.56,150.43,96029909,36.638611171436224,-2.4824331359118617,-1.948843246793607,-0.5335898891182547,156.05700000000002,163.43796869980022,148.6760313001998
2022-09-26,149.66,153.77,149.64,150.77,93339409,37.85010657637457,-2.6032340222909625,-2.079721401893078,-0.5235126203978844,155.41450000000003,162.2397024454307,148.58929755456936
2022-09-27,152.74,154.72,149.95,151.76,84442741,41.601583981671375,-2.5892377478325557,-2.1816246710809737,-0.407613076751582,154.9335,161.33106623133125,148.53593376866877
2022-09-28,147.64,150.64,144.84,149.84,146691400,36.65094693417131,-2.7019274160166447,-2.285685220068108,-0.4162421959485365,154.48000000000002,160.97582862102615,147.98417137897388
2022-09-29,146.1,146.72,140.68,142.48,128138237,24.01213046322235,-3.3465483535851774,-2.497857846771522,-0.8486905068136554,153.743,162.0281677237448,145.4578322762552
2022-09-30,141.28,143.1,138.0,138.2,124925300,19.500100974790342,-4.154880445941274,-2.829262366605472,-1.3256180793358014,152.755,163.32146034443795,142.18853965556204
2022-10-03,138.21,143.07,137.69,142.45,114311700,33.761031485954746,-4.40180866136626,-3.14377162555763,-1.2580370358086306,152.087,163.49589237670378,140.6781076232962
2022-10-04,145.03,146.22,144.26,146.1,87830100,43.65285356795551,-4.253939785572555,-3.365805257560615,-0.8881345280119404,151.6655,163.31472491209962,140.0162750879004
2022-10-05,144.07,147.38,143.01,146.4,79471000,44.43972435847703,-4.065678532052431,-3.505779912458978,-0.5598986195934526,151.1875,162.87923504750697,139.49576495249303
2022-10-06,145.81,147.54,145.22,145.43,68402200,42.239106629520755,-3.94922679744775,-3.5944692894567325,-0.35475750799101746,150.73600000000002,162.5919039700656,138.88009602993444
2022-10-07,142.54,143.1,139.45,140.09,85925600,32.13197182916795,-4.238967155834985,-3.723368862732383,-0.5155982931026015,149.87199999999999,162.2014181362704,137.54258186372957
2022-10-10,140.42,141.89,138.57,140.42,74899002,33.270520654927594,-4.391339605786982,-3.856963011343303,-0.5343765944436787,148.7215,159.97098705263542,137.47201294736456
2022-10-11,139.9,141.35,138.22,138.98,77033700,30.679168301919646,-4.575547769073751,-4.000679962889393,-0.5748678061843577,147.9785,159.75513927577052,136.20186072422948
2022-10-12,139.13,140.36,138.16,138.34,70433744,29.500839129369282,-4.718781540662235,-4.1443002784439615,-0.5744812622182733,147.13,159.12582909971266,135.13417090028733
2022-10-13,134.99,143.59,134.37,142.99,113224000,46.671987227762855,-4.406286272924888,-4.196697477340147,-0.20958879558474042,146.661,158.52698304752914,134.79501695247086
2022-10-14,144.31,144.52,138.19,138.38,88598000,36.501862297410746,-4.478988997370834,-4.253155781346285,-0.2258332160245491,146.04500000000002,158.30086604983984,133.7891339501602
2022-10-17,141.07,142.9,140.27,142.41,85250939,47.94368997383708,-4.163425730228795,-4.235209771122787,0.07178404089399226,145.4415,157.12378037400566,133.75921962599432
2022-10-18,145.49,146.7,140.61,143.75,99136610,51.309766103565245,-3.7618485183058112,-4.140537520559392,0.37868900225358093,144.78400000000002,155.15782617329398,134.41017382670606
2022-10-19,141.69,144.95,141.5,143.86,61758340,51.60616486738556,-3.395577500208816,-3.9915455164892775,0.5959680162804615,144.291,153.7758131241492,134.80618687585078
2022-10-20,143.02,145.89,142.65,143.39,64522000,50.10251361123733,-3.1074098649452537,-3.814718386180473,0.7073085212352193,143.82350000000002,152.4365018607141,135.21049813928596
2022-10-21,142.87,147.85,142.65,147.27,86548609,60.94255890377056,-2.536709753386134,-3.5591166596216057,1.0224069062354717,143.6655,151.8746899081091,135.4563100918909
2022-10-24,147.19,150.23,146.0,149.45,75981918,65.764304166145,-1.886768529191528,-3.2246470335355903,1.3378785043440624,143.59949999999998,151.58640632420403,135.61259367579592
2022-10-25,150.09,152.49,149.36,152.34,74732300,71.20239125958186,-1.1255123731508263,-2.8048201014586374,1.679307728307811,143.6285,151.7433525945707,135.5136474054293
2022-10-26,150.96,151.99,148.04,149.35,88436172,59.852964698631546,-0.7547787765587941,-2.394811836478669,1.6400330599198747,143.60399999999998,151.64249003888756,135.5655099611124
2022-10-27,148.07,149.05,144.13,144.8,109180200,46.76461669452763,-0.8186794769319192,-2.079585364569319,1.2609058876373997,143.71999999999997,151.7571532011639,135.68284679883604
2022-10-28,148.2,157.5,147.82,155.74,164762400,66.86602655037868,0.013292105133956511,-1.661009870628664,1.6743019757626205,144.597,153.83602045389028,135.35797954610973
2022-10-31,153.16,154.24,151.92,153.34,97943200,61.03252524792955,0.4735172237880363,-1.2341044517453241,1.7076216755333604,145.1415,155.10309419708534,135.17990580291467
2022-11-01,155.08,155.45,149.13,150.65,80379345,54.844580250303935,0.6141093569353586,-0.8644616900091877,1.4785710469445463,145.36899999999997,155.6261995767817,135.11180042321826
2022-11-02,148.95,152.17,145.0,145.03,93604623,44.07279590864084,0.2689424030543819,-0.6377808713964739,0.9067232744508558,145.3005,155.54700179072861,135.05399820927138
2022-11-03,142.06,142.8,138.75,138.88,97918516,35.314918717546306,-0.49515070785585635,-0.6092548386883504,0.11410413083249404,144.973,155.61321388784,134.33278611216002
2022-11-04,142.09,142.67,134.38,138.38,140814800,34.66865753813872,-1.12804245335127,-0.7130123616209343,-0.4150300917303358,144.8875,155.7186925280175,134.05630747198248
2022-11-07,137.11,139.15,135.67,138.92,83374628,36.12529156505146,-1.5679657017781494,-0.8840030296523773,-0.6839626721257721,144.8125,155.7936798330758,133.8313201669242
2022-11-08,140.41,141.43,137.49,139.5,89908500,37.84281374972724,-1.848498552234787,-1.0769021341688594,-0.7715964180659276,144.8385,155.76385491414513,133.9131450858549
2022-11-09,138.5,138.55,134.59,134.87,74917800,30.330774768065183,-2.416568465814919,-1.3448354004980714,-1.0717330653168475,144.66500000000002,156.12214670091777,133.20785329908227
2022-11-10,141.24,146.87,139.5,146.87,118854028,56.28293716828971,-1.876833287385523,-1.4512349778755618,-0.42559830950996114,144.859,156.32811807741638,133.38988192258364
2022-11-11,145.82,150.01,144.37,149.7,93979700,60.306451822536935,-1.2068204463096492,-1.4023520715623792,0.19553162525272993,145.425,156.66280180790358,134.18719819209645
2022-11-14,148.97,150.28,147.43,148.28,73374114,57.25559144603414,-0.7814050244261637,-1.278162662135136,0.4967576377089724,145.7185,156.93133902262963,134.50566097737038
2022-11-15,152.22,153.59,148.56,150.04,89868332,60.13945072346515,-0.29879858250120606,-1.0822898462083501,0.7834912637071441,146.033,157.36557085154558,134.7004291484544
2022-11-16,149.13,149.87,147.29,148.79,64218300,56.9885988724234,-0.016998109967403252,-0.8692314989601608,0.8522333889927576,146.2795,157.62751531453787,134.93148468546215
2022-11-17,146.43,151.48,146.15,150.72,80389400,60.660512268422586,0.35793956064986787,-0.6237972870381551,0.9817368476880229,146.646,158.07426855237935,135.21773144762062
2022-11-18,152.31,152.7,149.97,151.29,74829600,61.77262489303625,0.693085148049164,-0.36042080002069127,1.0535059480698552,146.84699999999998,158.46137059037494,135.23262940962502
2022-11-21,150.16,150.37,147.72,148.01,58724100,52.01024195124901,0.6861127718172781,-0.1511140856530974,0.8372268574703755,146.775,158.33917243950324,135.21082756049677
2022-11-22,148.13,150.42,146.93,150.18,51804132,57.176496230780955,0.845936548025179,0.04829604108255789,0.7976405069426211,146.66699999999997,158.05128667760673,135.28271332239322
2022-11-23,149.45,151.83,149.34,151.07,58301400,59.25240097349642,1.0325114547632381,0.24513912381869396,0.7873723309445442,146.753,158.24807372747298,135.257926272527
2022-11-25,148.31,148.88,147.12,148.11,35195900,49.958749286475395,0.9307965075664129,0.38227060056823775,0.5485259069981752,146.91850000000002,158.3904690871656,135.44653091283445
2022-11-28,145.14,146.64,143.38,144.22,69346522,40.359593875036865,0.5301845516992216,0.4118533907944345,0.11833116090478712,146.3425,157.0830417387646,135.6019582612354
2022-11-29,144.29,144.81,140.35,141.17,83763803,34.38288707231527,-0.033032046791589664,0.3228763032772297,-0.3559083500688194,145.73399999999998,156.18026027266444,135.28773972733552
2022-11-30,141.4,148.72,140.55,148.03,111380900,52.599579975587616,0.07331428825736452,0.2729639002732567,-0.19964961201589215,145.603,155.85356630014758,135.35243369985244
2022-12-01,148.21,149.13,146.61,148.31,71250416,53.21133131575069,0.17813475830135417,0.2539980718788762,-0.07586331357752202,145.767,156.08370714500643,135.45029285499356
2022-12-02,145.96,148.0,145.65,147.81,65447446,51.8329834868634,0.21834299257170642,0.24686705601744224,-0.028524063445735826,146.2135,156.03634614130897,136.39065385869105
2022-12-05,147.77,150.92,145.77,146.63,68826442,48.417758705409526,0.15322587705617252,0.22813882022518833,-0.07491294316901581,146.626,155.73037812553233,137.52162187446768
2022-12-06,147.07,147.3,141.92,142.91,64727200,39.05683036730061,-0.1962901066332563,0.1432530348534994,-0.3395431414867557,146.8255,155.37697011061093,138.27402988938908
2022-12-07,142.19,143.37,140.0,140.94,69721100,34.93027703906867,-0.6250414886505098,-0.010405869847302435,-0.6146356188032074,146.8975,155.21018877902227,138.58481122097774
2022-12-08,142.36,143.52,141.1,142.65,62128338,41.1570456416896,-0.8174245772549114,-0.17180961132882425,-0.6456149659260871,147.2865,153.7523268490694,140.8206731509306
2022-12-09,142.34,145.57,140.9,142.16,76097011,39.89478856746705,-0.9979250076172832,-0.3370326905865161,-0.6608923170307671,147.051,153.91173772310995,140.19026227689002
2022-12-12,142.7,144.5,141.06,144.49,70462700,48.55203141153109,-0.9421014130850267,-0.45804643508621823,-0.4840549779988085,146.7905,153.62332318164457,139.95767681835545
2022-12-13,149.5,149.97,144.24,145.47,93886200,51.91335273218317,-0.8094521420060801,-0.5283275764701907,-0.2811245655358894,146.65,153.4694119209363,139.83058807906372
2022-12-14,145.35,146.66,141.16,143.21,82291200,44.2249003038496,-0.8765850248701099,-0.5979790661501746,-0.2786059587199353,146.3085,153.09711050816864,139.51988949183138
2022-12-15,141.11,141.8,136.03,136.5,98931907,29.33918094472807,-1.45446309520662,-0.7692758719614637,-0.6851872232451562,145.69400000000002,153.65973556916947,137.72826443083056
2022-12-16,136.69,137.65,133.73,134.51,160156900,26.308892349550575,-2.0493879298554134,-1.0252982835402538,-1.0240896463151596,144.8835,153.9224153401473,135.8445846598527
2022-12-19,135.11,135.2,131.32,132.37,79592614,23.32022642319079,-2.6628545332998215,-1.3528095334921675,-1.310044999807654,143.9375,154.04982260270035,133.82517739729965
2022-12-20,131.39,133.25,129.89,132.3,77432819,23.2206671597029,-3.1187288860463127,-1.7059934040029967,-1.412735482043316,143.152,154.318081346274,131.98591865372597
2022-12-21,132.98,136.81,132.75,135.45,85928000,37.152213380127996,-3.1890722805223675,-2.0026091793068708,-1.1864631012154967,142.4155,153.57289919704107,131.25810080295895
2022-12-22,134.35,134.56,130.3,132.23,77852108,30.602713392364393,-3.4647080194363866,-2.2950289473327743,-1.1696790721036123,141.4735,152.7351036532161,130.2118963467839
2022-12-23,130.92,132.42,129.64,131.86,63814900,29.903768187390966,-3.670693763378324,-2.5701619105418843,-1.1005318528364398,140.661,152.24670607529728,129.07529392470272
2022-12-27,131.38,131.41,128.72,130.03,69007830,26.455532271700235,-3.936230243522232,-2.843375577137954,-1.092854666384278,139.9515,152.33034149838448,127.57265850161554
2022-12-28,129.67,131.03,125.87,126.04,85438400,20.50664882066887,-4.41770491892251,-3.1582414454948653,-1.2594634734276449,139.195,153.0245556879581,125.3654443120419
2022-12-29,127.99,130.48,127.73,129.61,75703710,35.48384897567229,-4.459798127068893,-3.4185527818096713,-1.041245345259222,138.27400000000003,152.0795601308434,124.46843986915667
2022-12-30,128.41,129.95,127.43,129.93,77034209,36.71700080228873,-4.416426160493302,-3.6181274575463975,-0.7982987029469042,137.355,150.7896676451952,123.92033235480476
2023-01-03,130.28,130.9,124.17,125.07,112117500,27.50436470874601,-4.719807939837324,-3.838463554004583,-0.8813443858327408,136.218,149.77557873119835,122.66042126880164
2023-01-04,126.89,128.66,125.08,126.36,89113633,32.67777061521569,-4.800807249125768,-4.03093229302882,-0.769874956096948,135.2045,148.51310026646826,121.89589973353173
2023-01-05,127.13,127.77,124.76,125.02,80962708,30.103005876971835,-4.916452779205059,-4.208036390264068,-0.7084163889409911,134.31,147.84094854106903,120.779051458931
2023-01-06,126.01,130.29,124.89,129.62,87754715,46.72868780367116,-4.584078732638062,-4.283244858738867,-0.3008338738991947,133.744,147.05243246730603,120.43556753269397
2023-01-09,130.47,133.41,129.89,130.15,70790813,48.36158854539409,-4.229152300340417,-4.272426347059177,0.04327404671876067,133.119,145.82689874551718,120.41110125448282
2023-01-10,130.26,131.26,128.12,130.73,63896200,50.285774756336814,-3.8566127616417987,-4.189263629975701,0.33265086833390267,132.54749999999999,144.55202699697293,120.54297300302703
2023-01-11,131.25,133.51,130.46,133.49,69458949,58.72964295637983,-3.300616111531582,-4.011534126286877,0.7109180147552951,131.9975,142.62745939983327,121.36754060016675
2023-01-12,133.88,134.26,131.44,133.41,71379648,58.39791131616695,-2.83377410803746,-3.775982122636994,0.942208014599534,131.3945,139.977787249067,122.81121275093298
2023-01-13,132.03,134.92,131.66,134.76,57809719,62.52002971353943,-2.3280286738692553,-3.486391432883446,1.158362759014191,130.972,137.74806188997982,124.19593811002018
2023-01-17,134.83,137.29,134.13,135.94,63646627,65.9251711452549,-1.8111280781663197,-3.1513387619400213,1.3402106837737016,130.944,137.62788289292314,124.26011710707685
2023-01-18,136.82,138.61,135.03,135.21,69672800,61.91016132124596,-1.4437429609840535,-2.8098196017488277,1.3660766407647742,130.97899999999998,137.74829258528968,124.20970741471028
2023-01-19,134.08,136.25,133.77,135.27,58280413,62.12889698467511,-1.1346663824397183,-2.474788957887006,1.3401225754472876,131.124,138.1385424879877,124.10945751201227
2023-01-20,135.28,138.02,134.22,137.87,80223626,70.57712422349985,-0.6721742894783347,-2.1142660242052718,1.442091734726937,131.4025,139.0292172354474,123.77578276455262
2023-01-23,138.12,143.32,137.9,141.11,81760313,77.72273146494778,-0.04370129026952441,-1.7001530774181224,1.656451787148598,131.6855,140.30058951598406,123.07041048401592
2023-01-24,140.31,143.16,140.3,142.53,66435142,80.15941804171541,0.5624664588572443,-1.247629170163049,1.8100956290202934,132.2005,142.0898466869524,122.31115331304761
2023-01-25,140.89,142.43,138.81,141.86,65799349,75.65430451811335,0.9775270433998173,-0.8025979274504759,1.7801249708502933,132.7005,143.48778388818113,121.9132161118189
2023-01-26,143.17,144.25,141.9,143.96,54105100,79.76682142955289,1.4590984182590887,-0.35025865830856295,1.8093570765676517,133.397,145.20848967831984,121.58551032168013
2023-01-27,143.16,147.23,143.08,145.93,70555843,82.8944635197719,1.976921023425092,0.11517727803816807,1.8617437453869239,134.3915,146.92229285096087,121.86070714903914
2023-01-30,144.96,145.55,142.85,143.0,64015300,65.51479079460866,2.1263612864648564,0.5174140797235057,1.6089472067413508,135.061,147.94205569390508,122.17994430609495
2023-01-31,142.7,144.34,142.28,144.29,65874500,68.8342245274694,2.322118059086108,0.8783548755960262,1.443763183490082,135.779,149.05076964363445,122.50723035636554
2023-02-01,143.97,146.61,141.32,145.43,77663633,71.61976908977543,2.5399660369621984,1.2106771078692606,1.3292889290929377,136.79700000000003,149.7291876685561,123.86481233144396
2023-02-02,148.9,151.18,148.17,150.82,118339000,80.92213998660127,3.111670680176104,1.5908758223306294,1.5207948578454746,138.02,151.41439002756556,124.62560997243445
2023-02-03,148.03,157.38,147.83,154.5,154357337,84.83738392226775,3.8176880424641695,2.0362382663573375,1.781449776106832,139.494,153.3453376135389,125.6426623864611
2023-02-06,152.57,153.1,150.78,151.73,69858306,72.00338649810163,4.106360471123338,2.4502627073105376,1.6560977638128005,140.5995,154.66037588048295,126.53862411951707
2023-02-07,150.64,155.23,150.64,154.65,83322600,76.35427795631443,4.518666670544349,2.8639434999573,1.6547231705870487,141.8245,156.31461347164296,127.33438652835704
2023-02-08,153.88,154.58,151.17,151.92,64120100,65.39147554119563,4.572426038517563,3.2056400076693525,1.36678603084821,142.88400000000001,157.05369694732346,128.71430305267657
2023-02-09,153.78,154.33,150.42,150.87,56007143,61.47444135604195,4.478677098456501,3.460247425826782,1.0184296726297188,143.753,157.62559486978176,129.8804051302182
2023-02-10,149.46,151.34,149.22,151.01,57450708,61.82623489966984,4.365356110107172,3.6412691626828604,0.7240869474243112,144.63299999999998,157.96543468901643,131.30056531098353
2023-02-13,150.95,154.26,150.92,153.85,62199013,68.54853645197477,4.453376918550191,3.803690713856327,0.6496862046938641,145.5875,158.6749481851907,132.50005181480932
2023-02-14,152.12,153.77,150.86,153.2,61707600,65.5023746918909,4.419736504440891,3.92689987197324,0.4928366324676512,146.4505,159.12925716140776,133.77174283859225
2023-02-15,153.11,155.5,152.88,155.33,65669252,70.46494538968366,4.512927216982689,4.04410534097513,0.4688218760075591,147.4565,159.55976319634743,135.35323680365258
2023-02-16,153.51,156.33,153.35,153.71,68167942,62.566482799878194,4.40527974427917,4.116340221635938,0.28893952264323186,148.3785,159.3273423324621,137.4296576675379
2023-02-17,152.35,153.0,150.85,152.55,59144118,57.26329886039709,4.178202325559539,4.128712642420659,0.049489683138880025,149.1125,159.01320890604154,139.21179109395848
2023-02-21,150.2,151.3,148.41,148.48,58867230,42.63370294149416,3.6280054610292325,4.028571206142374,-0.40056574511314125,149.48100000000002,158.64911844325434,140.3128815567457
2023-02-22,148.87,149.95,147.16,148.91,51011305,44.36637077188873,3.189896744248756,3.8608363137636506,-0.6709395695148945,149.8,158.37453758152066,141.22546241847937
2023-02-23,150.09,150.34,147.24,149.4,48394249,46.491365674842214,2.849385393560368,3.6585461297229944,-0.8091607361626263,150.177,157.90264587659797,142.451354123402
2023-02-24,147.11,147.19,145.72,146.71,55469606,37.434185694333955,2.3355444732938793,3.393945798437172,-1.0584013251432927,150.3145,157.66293334539063,142.9660666546094
2023-02-27,147.71,149.17,147.45,147.92,44998500,43.179415299779905,2.00287088079682,3.115730814909102,-1.112859934112282,150.41400000000002,157.56366734596548,143.26433265403455
2023-02-28,147.05,149.08,146.83,147.41,50547000,41.33352679978962,1.6787206772074228,2.8283287873687666,-1.1496081101613438,150.6345,157.05639503102822,144.2126049689718
2023-03-01,146.83,147.23,145.01,145.31,55479000,34.35564192463359,1.23810475499684,2.5102839808943815,-1.2721792258975415,150.6855,156.90836268529773,144.46263731470225
2023-03-02,144.38,146.71,143.9,145.91,52279761,37.8164439274081,0.9266466420968698,2.193556513134879,-1.2669098710380093,150.7095,156.8501787727046,144.5688212272954
2023-03-03,148.04,151.11,147.33,151.03,70732300,59.06536512525131,1.080499725812274,1.970945155670358,-0.8904454298580842,150.72,156.86219230534675,144.57780769465325
2023-03-06,153.79,156.3,153.46,153.83,87558028,66.32623956416506,1.4120883272894673,1.85917378999418,-0.4470854627047127,150.6865,156.74867357233558,144.6243264276644
2023-03-07,153.7,154.03,151.13,151.6,56182028,57.03020597535994,1.4778960540617163,1.7829182428076873,-0.305022188745971,150.68,156.73773972091794,144.62226027908207
2023-03-08,152.81,153.47,151.83,152.87,47204800,60.6539706363399,1.6139232353897341,1.7491192413240966,-0.13519600593436243,150.59099999999998,156.45226948707108,144.72973051292888
2023-03-09,153.56,154.54,150.23,150.59,53833600,51.633886967210124,1.5202246083915725,1.7033403147375918,-0.18311570634601937,150.5245,156.3523658186398,144.69663418136017
2023-03-10,150.21,150.94,147.61,148.5,68572400,44.61607068496901,1.262765859508221,1.6152254236917178,-0.3524595641834969,150.406,156.30028768966116,144.51171231033885
2023-03-13,147.81,153.14,147.7,150.47,84457122,51.74861967839276,1.2038136675396913,1.5329430724613127,-0.32912940492162135,150.37900000000002,156.26658157838816,144.49141842161188
2023-03-14,151.28,153.4,150.1,152.59,73695900,58.400793479582056,1.3130241875923616,1.4889592954875226,-0.17593510789516098,150.31599999999997,156.07270739225726,144.5592926077427
2023-03-15,151.19,153.25,149.92,152.99,77167900,59.612975236449756,1.415533578658227,1.4742741521216636,-0.05874057346343653,150.3055,156.04078496975347,144.57021503024652
2023-03-16,152.16,156.46,151.64,155.85,76254419,67.44035356694548,1.7078639154914868,1.5209921047956283,0.18687181069585845,150.3315,156.16653853774008,144.49646146225993
2023-03-17,156.08,156.74,154.28,155.0,98944633,63.23744829574486,1.8496285507256118,1.586719393981625,0.26290915674398674,150.39600000000002,156.413935998686,144.37806400131404
2023-03-20,155.07,157.82,154.15,157.4,73641415,69.44181598713922,2.131072312795368,1.6955899777443737,0.4354823350509942,150.6385,157.37042011398853,143.90657988601146
2023-03-21,157.32,159.4,156.54,159.28,73938300,73.48624835589638,2.477262470396539,1.851924476274807,0.6253379941217321,151.17849999999999,158.84865343290363,143.50834656709634
2023-03-22,159.3,162.14,157.81,157.83,75701811,65.74276991470256,2.6045936483416483,2.0024583106881755,0.6021353376534728,151.6245,159.76234524694547,143.48665475305455
2023-03-23,158.83,161.55,157.68,158.93,67622100,68.63570163613954,2.762421851593899,2.1544510188693202,0.607970832724579,152.101,160.78792156726803,143.41407843273197
2023-03-24,158.86,160.34,157.85,160.25,59256343,71.91911717476309,2.959894981189308,2.3155398113333177,0.6443551698559902,152.778,161.79989290443126,143.75610709556872
2023-03-27,159.94,160.77,157.87,158.28,52390300,60.93431141125672,2.9237284020268532,2.437177529472025,0.4865508725548282,153.296,162.33311039052904,144.25888960947094
2023-03-28,157.97,158.49,155.98,157.65,45992200,57.68328675979544,2.8118175106371552,2.512105525705051,0.29971198493210416,153.808,162.59793347679033,145.01806652320965
2023-03-29,159.37,161.05,159.35,160.77,51305700,67.57026722785062,2.9409834218202775,2.5978811049280965,0.34310231689218096,154.581,162.93251142955464,146.22948857044534
2023-03-30,161.53,162.47,161.27,162.36,49501700,71.48748496300396,3.1355039115299235,2.705405666248462,0.43009824528146146,155.4035,163.3916261224056,147.41537387759442
2023-03-31,162.44,165.0,161.91,164.9,68749800,76.6797029685336,3.4547948489203293,2.855283502782836,0.5995113461374935,156.097,164.8573823516706,147.33661764832942
2023-04-03,164.27,166.29,164.22,166.17,56976200,78.89679499707694,3.7668912260903653,3.037605047444342,0.7292861786460234,156.714,166.48234500878328,146.9456549912167
2023-04-04,166.6,166.84,165.11,165.63,46278300,75.3807993648536,3.9254067212966106,3.215165382214796,0.7102413390818145,157.4155,167.64186113704974,147.18913886295027
2023-04-05,164.74,165.05,161.8,163.76,51511744,63.98682406025712,3.8556920041927185,3.343270706610381,0.5124212975823377,157.96,168.3260295398553,147.5939704601447
2023-04-06,162.43,164.96,162.0,164.66,45390123,66.77564069192198,3.8289275733655472,3.4404020799614146,0.38852549340413267,158.6635,168.83139638235008,148.49560361764992
2023-04-10,161.42,162.03,160.08,162.03,47716900,52.94999037566494,3.554523217892779,3.463226307547688,0.09129691034509113,159.34,168.4008190637143,150.2791809362857
2023-04-11,162.35,162.36,160.51,160.8,47644217,47.62851766191372,3.2009070052814366,3.410762447094438,-0.20985544181300142,159.8565,167.91009488218913,151.8029051178109
2023-04-12,161.22,162.06,159.78,160.1,50133100,44.6798966926514,2.831539237505808,3.2949178051767123,-0.46337856767090413,160.23200000000003,167.52329430428424,152.94070569571582
2023-04-13,161.63,165.8,161.42,165.56,68445649,64.47414262593543,2.94543583839382,3.225021411820134,-0.27958557342631396,160.8605,167.6748022193731,154.0461977806269
2023-04-14,164.59,166.32,163.82,165.21,49386500,62.811800053261045,2.973184618708956,3.174654053197899,-0.20146943448894294,161.32850000000002,167.9775593715524,154.67944062844765
2023-04-17,165.09,165.39,164.03,165.23,41516217,62.87491210517633,2.9626381119050507,3.1322508649393295,-0.1696127530342788,161.84,167.9947858999155,155.6852141000845
2023-04-18,166.1,167.41,165.65,166.47,49923008,66.89421412202728,3.0195303004557843,3.1097067520426207,-0.0901764515868364,162.2935,168.407274869752,156.179725130248
2023-04-19,165.8,168.16,165.54,167.63,47720200,70.3581701565981,3.122228963275262,3.112211194289149,0.010017768986112952,162.711,169.09284233423747,156.32915766576255
2023-04-20,166.09,167.87,165.56,166.65,52456400,63.84610318773513,3.088933283566604,3.1075556121446404,-0.018622328578036473,163.152,169.32936990534708,156.9746300946529
2023-04-21,165.05,166.45,164.49,165.02,58337341,54.21580625123914,2.8976169158909215,3.065567872893897,-0.16795095700297535,163.4565,169.3515336814461,157.5614663185539
2023-04-24,165.0,165.6,163.89,165.33,41949600,55.68270625938203,2.7394332441690494,3.0003409471489277,-0.2609077029798783,163.7105,169.45977537769264,157.96122462230736
2023-04-25,165.19,166.31,163.73,163.77,48714100,46.948601247061035,2.4598371111200663,2.8922401799431556,-0.4324030688230893,163.985,169.13564635699828,158.83435364300175
2023-04-26,163.06,165.28,162.8,163.76,45498800,46.894196038707435,2.21195025917433,2.756182195789391,-0.544231936615061,164.2905,168.49739396612622,160.0836060338738
2023-04-27,165.19,168.56,165.19,168.41,64902329,67.25409670154242,2.3634696742120127,2.6776396914739156,-0.31417001726190286,164.6725,168.92067422084497,160.42432577915505
2023-04-28,168.49,169.85,167.88,169.68,55275851,70.78392958164015,2.5565578805895655,2.6534233292970457,-0.09686544870748026,165.0385,169.6899616831272,160.3870383168728
2023-05-01,169.28,170.45,168.64,169.59,52472936,70.16547567354418,2.671523764439911,2.657043416325619,0.014480348114291886,165.273,170.34860978966762,160.19739021033237
2023-05-02,170.09,170.35,167.54,168.54,48425700,62.78136618116658,2.647391351337575,2.6551130033280104,-0.007721651990435507,165.3915,170.66220263967887,160.12079736032115
2023-05-03,169.5,170.92,167.16,167.45,65136018,55.75337910855588,2.5113629211139425,2.626362986885197,-0.11500006577125443,165.4825,170.8327852850766,160.13221471492338
2023-05-04,164.89,167.04,164.31,165.79,81235427,46.58882312344489,2.243746767279333,2.5498397429640245,-0.3060929756846913,165.584,170.87337126898666,160.29462873101335
2023-05-05,170.98,174.3,170.76,173.57,113453171,71.72386755385571,2.62913300838008,2.5656983960472357,0.06343461233284442,166.0295,172.3847033385105,159.67429666148954
2023-05-08,172.48,173.85,172.11,173.5,55962800,71.37516032038057,2.895528120258092,2.631664340889407,0.2638637793686849,166.603,173.4866988221317,159.71930117786832
2023-05-09,173.05,173.54,171.6,171.77,45326900,62.68448916041833,2.9332390697892095,2.691979286669368,0.2412597831198413,167.1515,173.83354593630364,160.46945406369636
2023-05-10,173.02,174.03,171.9,173.56,53724501,67.42043128047465,3.072149482444189,2.7680133258243322,0.3041361566198568,167.8245,174.22142187491937,161.42757812508063
2023-05-11,173.85,174.59,172.17,173.75,49514700,67.91909987364797,3.1611288714765067,2.846636434954767,0.31449243652173964,168.23399999999998,175.0550615009791,161.41293849902087
2023-05-12,173.62,174.06,171.0,172.57,45533138,61.205806537627254,3.1006867532371416,2.8974464986112425,0.20324025462589912,168.602,175.5294514186702,161.67454858132982
2023-05-15,173.16,173.21,171.47,172.07,37266700,58.384333323270376,2.97811031583322,2.913579262055638,0.06453105377758206,168.944,175.84583621640192,162.04216378359806
2023-05-16,171.99,173.14,171.8,172.07,42110300,58.384333323270376,2.8481360664046917,2.900490622925449,-0.05235455652075727,169.224,176.15753528721754,162.29046471278244
2023-05-17,171.71,172.93,170.42,172.69,57951604,61.32742566114832,2.763305687890579,2.873053635918475,-0.10974794802789578,169.477,176.53381037237955,162.42018962762046
2023-05-18,173.0,175.24,172.58,175.05,65496700,70.49268800558708,2.8536145857739257,2.8691658258895654,-0.015551240115639686,169.897,177.23947369761353,162.55452630238645
2023-05-19,176.39,176.39,174.94,175.16,55809475,70.86405180202006,2.90062452473353,2.8754575656583583,0.025166959075171746,170.404,177.72886292310335,163.07913707689664
2023-05-22,173.98,174.71,173.45,174.2,43570932,62.89327612865954,2.8278189267704477,2.8659298378807767,-0.03811091111032905,170.8475,177.94953788397484,163.74546211602515
2023-05-23,173.13,173.38,171.28,171.56,50747300,46.350465254885904,2.527953356551251,2.7983345416148717,-0.27038118506362085,171.237,177.5108793505626,164.9631206494374
2023-05-24,171.09,172.42,170.52,171.84,45143500,48.023534221675575,2.2865435410627413,2.695976341504446,-0.4094328004417047,171.641,176.83535280403498,166.446647195965
2023-05-25,172.41,173.9,171.69,172.99,56058300,54.7159224261526,2.1630852122205795,2.589398115647673,-0.4263129034270934,171.87,176.8645823280565,166.8754176719435
2023-05-26,173.32,175.77,173.11,175.43,54835000,65.56920903616246,2.2363519322192076,2.51878887896198,-0.2824369467427723,172.1575,177.28158502745396,167.03341497254604
2023-05-30,176.96,178.99,176.57,177.3,55964401,71.59037884713695,2.41744293014159,2.4985196891979022,-0.0810767590563124,172.543,178.00286735911286,167.08313264088716
2023-05-31,177.33,179.35,176.76,177.25,99625300,71.2062048029604,2.5277855304495347,2.504372857448229,0.023412673001305784,172.9785,178.48327027582752,167.47372972417247
2023-06-01,177.7,180.12,176.93,180.09,68901809,78.69805213347394,2.811982319517597,2.5658947498621023,0.2460875696554945,173.6105,179.34052241202147,167.88047758797853
2023-06-02,181.03,181.78,179.26,180.95,61996913,80.4732545866591,3.0712022275393167,2.6669562453975457,0.404245982141771,174.3685,179.74239900598087,168.99460099401915
2023-06-05,182.63,184.95,178.04,179.58,121946500,69.78384988488968,3.1300075431969674,2.75956650495743,0.37044103823953733,174.669,180.50699496945018,168.83100503054985
2023-06-06,179.97,180.12,177.43,179.21,64848400,67.0100755515717,3.1108948128068334,2.8298321665273107,0.2810626462795227,174.9545,181.10205912196568,168.8069408780343
2023-06-07,178.44,181.21,177.32,177.82,61944615,57.161357262091414,2.949585467768344,2.853782826775517,0.09580264099282676,175.257,181.3398355576345,169.1741644423655
2023-06-08,177.9,180.84,177.46,180.57,50214900,67.9233818899877,3.008963212051327,2.8848189038306793,0.12414430822064793,175.60750000000002,182.07434458971608,169.14065541028396
2023-06-09,181.5,182.23,180.63,180.96,48899973,69.18995547078188,3.0523051688309124,2.918316156830726,0.1339890120001863,175.96800000000002,182.79280182863747,169.14319817136257
2023-06-12,181.27,183.89,180.97,183.79,54754995,76.84511459364005,3.2772334236430254,2.9900996101931865,0.2871338134498389,176.529,183.9924263332436,169.0655736667564
2023-06-13,182.8,184.15,182.44,183.31,54929129,73.28174861805492,3.377821276573968,3.067643943469343,0.31017733310462514,177.091,184.82840579401326,169.35359420598675
2023-06-14,183.37,184.39,182.02,183.95,57462900,75.06089496783784,3.469189864749808,3.1479531277254362,0.3212367370243716,177.685,185.62091569353635,169.74908430646366
2023-06-15,183.96,186.52,183.78,186.01,65433200,80.00566190738414,3.6655704980528014,3.2514766017909094,0.4140938962618921,178.351,186.74440066582218,169.95759933417781
2023-06-16,186.73,186.99,184.27,184.92,101256225,71.36658992686789,3.6907055184690876,3.3393223851265454,0.3513831333425421,178.84449999999998,187.5745798211926,170.11442017880736
2023-06-20,184.41,186.1,184.41,185.01,49799100,71.65815693280788,3.6755183633140973,3.4065615807640564,0.26895678255004096,179.337,188.3001364341411,170.37386356585887
2023-06-21,184.9,185.41,182.59,183.96,49515700,63.01969720995381,3.53797266211501,3.432843797034247,0.10512886508076269,179.825,188.67254024694097,170.977459753059
2023-06-22,183.74,187.05,183.67,187.0,51245327,73.63671238053439,3.6323972818352104,3.47275449399444,0.15964278784077024,180.597,189.09561685342052,172.0983831465795
2023-06-23,185.55,187.56,185.01,186.68,53116996,71.15549551820487,3.639454778404172,3.5060945508763868,0.1333602275277852,181.339,189.18464753626822,173.49335246373178
2023-06-26,186.83,188.05,185.23,185.27,48088700,60.74854979961455,3.4910302554493455,3.5030816917909786,-0.012051436341633082,181.953,188.9204343235389,174.9855656764611
2023-06-27,185.89,188.39,185.67,188.06,50730846,70.57445135084836,3.5575235180294555,3.5139700570386743,0.04355346099078128,182.5845,189.3491059518947,175.81989404810528
2023-06-28,187.93,189.9,187.6,189.25,51216801,73.80201791111743,3.6640065754010323,3.543977360711146,0.12002921468988603,183.182,190.09076361855313,176.27323638144685
2023-06-29,189.08,190.07,188.94,189.59,46347308,74.71628154636058,3.7328009186363147,3.58174207229618,0.15105884634013478,183.79899999999998,190.6812025238401,176.91679747615984
2023-06-30,191.63,194.48,191.26,193.97,85213216,83.35213482874514,4.09356228819513,3.68410611547597,0.40945617271916035,184.493,192.50670168755045,176.47929831244954
2023-07-03,193.78,193.88,191.76,192.46,31458200,73.38192792777758,4.209103961915673,3.7891056847639106,0.4199982771517625,185.0685,193.64433453052507,176.49266546947493
2023-07-05,191.57,192.98,190.62,191.33,46920300,66.51221975741814,4.161518618398503,3.8635882714908294,0.2979303469076737,185.656,194.25854650182148,177.05345349817853
2023-07-06,189.84,192.02,189.2,191.81,45156009,67.98135837485614,4.115102538795071,3.913891124951678,0.20121141384339314,186.286,194.74520090789989,177.82679909210012
2023-07-07,191.41,192.67,190.24,190.68,46814998,60.74273666603487,3.9416984588915795,3.9194525917396588,0.022245867151920784,186.92900000000003,194.59664878531575,179.2613512146843
2023-07-10,189.26,189.99,187.04,188.61,59922200,49.58332081943274,3.5957927158459313,3.8547206165609134,-0.25892790071498206,187.331,194.41579142063495,180.24620857936503
2023-07-11,189.16,189.3,186.6,188.08,46638119,47.03072411934232,3.241527045757749,3.7320819024002807,-0.4905548566425315,187.68699999999998,194.1083364734674,181.26566352653256
2023-07-12,189.68,191.7,188.47,189.77,60750248,55.46596324023844,3.0618428079877162,3.598034083517768,-0.5361912755300517,187.98600000000002,194.19674925560602,181.77525074439401
2023-07-13,190.5,191.19,189.78,190.54,41342338,58.90629692998589,2.9475962649144947,3.4679465197971133,-0.5203502548826187,188.34750000000003,194.24608100689986,182.4489189931002
2023-07-14,190.23,191.18,189.63,190.69,41616242,59.60768073867984,2.836461836410791,3.341649583119849,-0.505187746709058,188.68449999999999,194.28799317744722,183.08100682255275
2023-07-17,191.9,194.32,191.81,193.99,50520200,71.81791832092394,2.9803142148035136,3.2693825094565825,-0.28906829465306894,189.08350000000002,195.01215041891487,183.15484958108516
2023-07-18,193.35,194.33,192.42,193.73,48353800,69.89707629524584,3.038314634173247,3.2231689343999155,-0.1848543002266685,189.524,195.45929460983115,183.58870539016885
2023-07-19,193.1,198.23,192.65,195.1,80507323,74.10751788699963,3.158419639272921,3.210219075374517,-0.05179943610159565,190.0285,196.06273313055715,183.99426686944287
2023-07-20,195.09,196.47,192.5,193.13,59581200,60.14895724469736,3.0593746188892226,3.180050184077458,-0.12067556518823563,190.48700000000002,195.9458415968206,185.02815840317945
2023-07-21,194.1,194.97,191.23,191.94,71951683,53.16881897441228,2.851981800994423,3.1144365074608515,-0.26245470646642843,190.734,195.9710518022242,185.49694819777582
2023-07-24,193.41,194.91,192.25,192.75,45505097,57.08060820090293,2.7216087180171087,3.035870949572103,-0.3142622315549941,191.0375,195.98062867047432,186.09437132952567
2023-07-25,193.33,194.44,192.92,193.62,37283201,61.10681422656706,2.65785079012295,2.9602669176822727,-0.3024161275593227,191.45499999999998,195.7096098838076,187.20039011619238
2023-07-26,193.67,195.64,193.32,194.5,47471900,64.9448227038888,2.647808529919587,2.8977752401297354,-0.2499667102101486,191.777,195.92315662235265,187.63084337764732
2023-07-27,196.02,197.2,192.55,193.22,47460200,55.71707111807256,2.5076579439492264,2.819751780893634,-0.3120938369444075,191.97549999999998,195.99031191802052,187.96068808197944
2023-07-28,194.67,196.63,194.14,195.83,48291443,66.8117388887547,2.5774811835000833,2.771297661414924,-0.19381647791484058,192.28750000000002,196.48733896937256,188.0876610306275
2023-07-31,196.06,196.49,195.26,196.45,38824113,68.94437761219089,2.6522716853305326,2.7474924661980458,-0.09522078086751318,192.4115,196.95304286329952,187.86995713670046
2023-08-01,196.24,196.73,195.28,195.61,35281426,62.650835234303116,2.613634366988805,2.7207208463561976,-0.10708647936739268,192.56900000000002,197.33076835797135,187.80723164202868
2023-08-02,195.04,195.18,191.85,192.58,50389327,45.401344757012325,2.3118685549890188,2.638950388082762,-0.32708183309374306,192.63150000000002,197.35747425213253,187.9055257478675
2023-08-03,191.57,192.37,190.69,191.17,62243282,39.55393541792792,1.9366176361288865,2.498483837691987,-0.5618662015631006,192.5995,197.35745389462724,187.84154610537277
2023-08-04,185.52,187.38,181.92,181.99,115956841,20.103304190841513,0.8882402195161774,2.176435114056825,-1.2881948945406476,192.165,198.85564232619564,185.47435767380435
2023-08-07,182.13,183.13,177.35,178.85,97576100,16.83582219067013,-0.1937448244910911,1.7023991263472418,-1.8961439508383329,191.677,200.53281129453688,182.8211887054631
2023-08-08,179.69,180.27,177.58,179.8,67823003,21.301175909653338,-0.9634625105424561,1.1692267989693022,-2.1326893095117585,191.263,201.49419502204813,181.03180497795188
2023-08-09,180.87,180.93,177.01,178.19,60378500,19.277164740076927,-1.6839710963600396,0.5985872199034339,-2.2825583162634735,190.684,202.46433043948218,178.9036695605178
2023-08-10,179.48,180.75,177.6,177.97,54686900,18.99262751717805,-2.246831428879659,0.029503490146815303,-2.2763349190264743,190.0555,203.13752217590064,176.97347782409935
2023-08-11,177.32,178.62,176.55,177.79,52036672,18.73161052554603,-2.676572926678432,-0.5117117932182342,-2.1648611334601977,189.4105,203.58706401843014,175.23393598156989
2023-08-14,177.97,179.69,177.31,179.46,43675627,29.154494538551972,-2.8495433545643323,-0.9792781054874539,-1.8702652490768785,188.684,203.35309160177536,174.01490839822463
2023-08-15,178.88,179.48,177.05,177.45,43622600,24.74678876952396,-3.112929947870242,-1.4060084739640115,-1.7069214739062306,187.87,203.15400884310168,172.58599115689833
2023-08-16,177.13,178.54,176.5,176.57,46964900,22.990897849551544,-3.35401141045611,-1.7956090612624314,-1.5584023491936785,186.9435,202.62354736164323,171.26345263835677
2023-08-17,177.14,177.51,173.48,174.0,66062900,18.554534549503515,-3.709684790995368,-2.178424207209019,-1.531260583786349,185.987,202.3950661806834,169.5789338193166
2023-08-18,172.3,175.1,171.96,174.49,61172150,21.871137896422624,-3.906982342232766,-2.5241358342137685,-1.3828465080189973,185.1145,202.03745043954086,168.19154956045912
2023-08-21,175.07,176.13,173.74,175.84,46311900,30.825930761648607,-3.9093438727779244,-2.8011774419266,-1.1081664308513246,184.269,201.27520803057382,167.2627919694262
2023-08-22,177.06,177.68,176.25,177.23,42084245,39.116302479632914,-3.7557599565636792,-2.992093944854016,-0.7636660117096632,183.4495,200.1349963492626,166.7640036507374
2023-08-23,178.52,181.55,178.33,181.12,52722800,56.104107586647345,-3.2823166038993747,-3.050138476663088,-0.2321781272362866,182.78050000000002,198.6536106293893,166.90738937061073
2023-08-24,180.67,181.1,176.01,176.38,54945800,40.296131965982596,-3.2520995429356105,-3.090530689917593,-0.1615688530180175,181.93850000000003,197.25682926853136,166.6201707314687
2023-08-25,177.38,179.15,175.82,178.61,51449600,48.21653266762126,-3.0134725060786707,-3.075119053149809,0.06164654707113826,181.0775,194.97844260341185,167.17655739658812
2023-08-28,180.09,180.59,178.55,180.19,43820700,53.28315276585169,-2.6661325483579787,-2.9933217521914433,0.3271892038334645,180.2645,192.13331357969966,168.39568642030034
2023-08-29,179.7,184.9,179.5,184.12,53003948,63.525508048754034,-2.0501125524416466,-2.8046799122414843,0.7545673597998377,179.69,189.33535339453408,170.0446466054659
2023-08-30,184.94,187.85,184.74,187.65,60813900,70.27889106967189,-1.2625172558981888,-2.496247380972825,1.2337301250746364,179.4435,187.87776913192008,171.00923086807992
2023-08-31,187.84,189.12,187.48,187.87,60794500,70.66941596372256,-0.6135178952912383,-2.119701483836508,1.5061835885452695,179.27849999999998,186.82974046973504,171.72725953026492
2023-09-01,189.49,189.92,188.28,189.46,45766503,73.56589671441048,0.02878665099956379,-1.6900038568692937,1.7187905078688575,179.652,188.41041273772808,170.8935872622719
2023-09-05,188.28,189.98,187.61,189.7,45280027,74.012858578686,0.5508339547772607,-1.2418362945399828,1.7926702493172435,180.1945,190.02254253146015,170.36645746853986
2023-09-06,188.4,188.85,181.47,182.91,81755816,47.689742300896455,0.4119156434375384,-0.9110859069444786,1.323001550382017,180.35,190.2499117486859,170.4500882513141
2023-09-07,175.18,178.21,173.54,177.56,112488803,36.03735428525819,-0.1283983115258991,-0.7545483878607627,0.6261500763348636,180.3185,190.25130428946537,170.38569571053463
2023-09-08,178.35,180.24,177.79,178.18,65602066,38.06102474584221,-0.500799292633701,-0.7037985688153505,0.20299927618164948,180.329,190.25179014243054,170.40620985756948
2023-09-11,180.07,180.3,177.34,179.36,58953100,42.08489046686596,-0.6927282744972842,-0.7015845099517373,0.00885623545445302,180.4075,190.27037643535786,170.54462356464214
2023-09-12,179.49,180.13,174.82,176.3,90370200,35.23556201795324,-1.0793082087266157,-0.777129249706713,-0.30217895901990266,180.2495,190.27617069686383,170.2228293031362
2023-09-13,176.51,177.3,173.98,174.21,84267928,31.229974807581442,-1.5366080636501351,-0.9290250124953976,-0.6075830511547375,180.0875,190.40509432386096,169.76990567613905
2023-09-14,174.0,176.1,173.58,175.74,60895800,37.25497843921145,-1.7553289407138664,-1.0942857981390914,-0.6610431425747749,180.046,190.42963165351978,169.6623683464802
2023-09-15,176.48,176.5,173.82,175.01,109259461,35.54076747912684,-1.9649213208553817,-1.2684129026823494,-0.6965084181730323,180.09650000000002,190.36551578844572,169.82748421155432
2023-09-18,176.48,179.38,176.17,177.97,67257600,46.95920616352216,-1.8706142532072079,-1.3888531727873212,-0.48176108041988663,180.2705,190.2534738739822,170.2875261260178
2023-09-19,177.52,179.63,177.13,179.07,51826941,50.703633317968816,-1.6876601203979078,-1.4486145623094386,-0.23904555808846917,180.432,190.21570417421802,170.64829582578196
2023-09-20,179.26,179.7,175.4,175.49,58436200,40.078680040803995,-1.810671439474362,-1.5210259377424233,-0.2896455017319386,180.34499999999997,190.27839185195066,170.41160814804928
2023-09-21,174.55,176.3,173.86,173.93,63149116,36.25847271540132,-2.0108578411499707,-1.618992318423933,-0.3918655227260377,179.9855,190.313388610848,169.657611389152
2023-09-22,174.67,177.08,174.05,174.79,56725400,39.90226322122631,-2.0761792915664614,-1.7104297130524386,-0.3657495785140228,179.906,190.3742706559634,169.43772934403663
2023-09-25,174.2,176.97,174.15,176.08,46172740,45.312974982174936,-2.0007909203364704,-1.768501954509245,-0.23228896582722536,179.7795,190.374095394782,169.18490460521804
2023-09-26,174.82,175.2,171.66,171.96,64588945,34.024340520726355,-2.2475858896538625,-1.8643187415381686,-0.38326714811569396,179.368,190.52010926474532,168.21589073525467
2023-09-27,172.62,173.04,169.05,170.43,66921808,30.74261836313555,-2.5373815392369465,-1.9989313010779242,-0.5384502381590224,178.6835,190.27924200436365,167.08775799563637
2023-09-28,169.34,172.03,167.62,170.69,56294419,32.028115831488236,-2.714772643164025,-2.1420995694951444,-0.5726730736688808,177.8355,189.1474098392229,166.5235901607771
2023-09-29,172.02,173.07,170.34,171.21,51861083,34.820000121564206,-2.781335215834389,-2.2699466987629933,-0.5113885170713957,177.0025,187.63645727697832,166.36854272302168
2023-10-02,171.22,174.3,170.93,173.75,52164535,47.07257010133178,-2.5991681691706106,-2.335790992844517,-0.2633771763260935,176.217,185.1634396917473,167.27056030825273
2023-10-03,172.26,173.63,170.82,172.4,49594613,42.20688402289286,-2.534516857178488,-2.3755361657113117,-0.15898069146717653,175.352,181.8082971300702,168.8957028699298
2023-10-04,171.09,174.21,170.97,173.66,53020300,47.995824375071564,-2.3544679163621254,-2.3713225158414746,0.016854599479349197,174.8895,180.30797317785365,169.47102682214634
2023-10-05,173.79,175.45,172.68,174.91,48527918,53.3452395206444,-2.0868572884705543,-2.3144294703672905,0.22757218189673623,174.757,180.028113334927,169.485886665073
2023-10-06,173.8,177.99,173.18,177.49,57266675,62.52561086320854,-1.647597026863508,-2.181062981666534,0.533465954803026,174.7225,179.90761178381894,169.53738821618106
2023-10-09,176.81,179.05,175.8,178.99,42390800,66.89550318190075,-1.1650130950988569,-1.9778530043529987,0.8128399092541418,174.704,179.8216450176314,169.58635498236862
2023-10-10,178.1,179.72,177.95,178.39,43698019,63.47905734363607,-0.8215070164217195,-1.746583806766743,0.9250767903450234,174.8085,180.1440778062444,169.4729221937556
2023-10-11,178.2,179.85,177.6,179.8,47551100,67.9213706751145,-0.4305377865017874,-1.483374602713752,1.0528368162119646,175.08800000000002,180.85942361350203,169.316576386498
2023-10-12,180.07,182.34,179.04,180.71,56743119,70.58574504720238,-0.04672385666140144,-1.196044453503282,1.1493205968418805,175.3365,181.63045792136896,169.04254207863104
2023-10-13,181.42,181.93,178.14,178.85,51456082,59.02390755693186,0.10614145995617719,-0.9356072708113902,1.0417487307675675,175.5285,182.0119502673033,169.04504973269673
2023-10-16,176.75,179.08,176.51,178.72,52517000,58.25439297550632,0.2143277740017595,-0.7056202618487603,0.9199480358505198,175.566,182.11723098116644,169.01476901883356
2023-10-17,176.65,178.42,174.8,177.15,57549400,49.29818738915892,0.17140448416279241,-0.5302153126464497,0.7016197968092421,175.47,181.8593035614356,169.0806964385644
2023-10-18,175.58,177.58,175.11,175.84,54764400,42.941993648744734,0.03132037407058874,-0.4179081753030421,0.4492285493736308,175.4875,181.87895111602953,169.0960488839705
2023-10-19,176.04,177.84,175.19,175.46,59302900,41.165515221268734,-0.10910245148963327,-0.35614703054036034,0.24704457905072708,175.564,181.91344639113194,169.21455360886804
2023-10-20,175.31,175.42,172.64,172.88,64244028,31.089733507535655,-0.4236889677947602,-0.36965541799124035,-0.05403354980351982,175.4685,181.9235405437322,169.0134594562678
2023-10-23,170.91,174.01,169.93,173.0,55980109,31.983184907698885,-0.6557588712498159,-0.42687610864295544,-0.22888276260686047,175.3145,181.85451601480133,168.77448398519869
2023-10-24,173.05,173.67,171.45,173.44,43816644,35.52014680674523,-0.7950072700109274,-0.5005023409165499,-0.29450492909437753,175.3885,181.80094932268187,168.9760506773181
2023-10-25,171.88,173.06,170.65,171.1,57157000,26.927586232434763,-1.0817117730857433,-0.6167442273503886,-0.4649675457353547,175.422,181.731553658429,169.112446341571
2023-10-26,170.37,171.38,165.67,166.89,70625300,17.9256365342993,-1.6298510644054716,-0.8193655947614052,-0.8104854696440663,175.23200000000003,182.32211053288978,168.14188946711027
2023-10-27,166.91,168.96,166.83,168.22,58499129,26.84073129959519,-1.9346342577254632,-1.0424193273542168,-0.8922149303712463,175.0825,182.64035509813357,167.52464490186645
2023-10-30,169.02,171.17,168.87,170.29,51131000,38.78231562896814,-1.9862491897256973,-1.231185299828513,-0.7550638898971842,174.9095,182.7489346600789,167.07006533992111
2023-10-31,169.35,170.9,167.9,170.77,44846017,41.3439899264484,-1.9657623223216092,-1.3781007043271325,-0.5876616179944767,174.828,182.80988106046001,166.84611893954
2023-11-01,171.0,174.23,170.12,173.97,56934906,55.62706742131807,-1.6720388527335501,-1.4368883340084162,-0.23515051872513393,174.8435,182.81703061864619,166.86996938135383
2023-11-02,175.52,177.78,175.46,177.57,77334800,66.28425228594645,-1.1356795662729837,-1.3766465804613297,0.24096701418834598,174.9765,183.0428988573891,166.91010114261087
2023-11-03,174.24,176.82,173.35,176.65,79829246,61.9004457750912,-0.7759031501996674,-1.2564978944089973,0.4805947442093299,174.9345,182.95440805828412,166.9145919417159
2023-11-06,176.38,179.43,176.21,179.23,63841310,68.6166016925184,-0.2793728737866559,-1.0610728902845292,0.7817000164978734,174.9465,182.9926334944617,166.90036650553827
2023-11-07,179.18,182.44,178.97,181.82,70530000,73.93811003378866,0.3194399966085655,-0.7849703129059104,1.104410309514476,175.118,183.6071921381288,166.6288078618712
2023-11-08,182.35,183.45,181.59,182.89,49340300,75.88712715740466,0.8703111629112641,-0.45391401774247553,1.3242251806537397,175.2725,184.22054624368477,166.32445375631525
2023-11-09,182.96,184.12,181.81,182.41,53763540,73.05906328412037,1.2536967073033054,-0.11239187273331935,1.3660885800366247,175.35750000000002,184.55193510185802,166.163064898142
2023-11-10,183.97,186.57,183.53,186.4,66177922,80.15309899540112,1.8580734533962016,0.28170119249258485,1.5763722609036166,175.73499999999999,186.08104323045723,165.38895676954274
2023-11-13,185.82,186.03,184.21,184.8,43627519,71.44814232312048,2.1827780441709876,0.6619165628282654,1.5208614813427221,176.03900000000002,187.08777778428419,164.99022221571585
2023-11-14,187.7,188.11,186.3,187.44,60108400,76.34017803545096,2.6228995549584226,1.0541131612542969,1.5687863937041258,176.55349999999999,188.72173176187496,164.385268238125
2023-11-15,187.85,189.5,187.78,188.01,53790500,77.30875130620916,2.9833035926982916,1.439951247543096,1.5433523451551956,177.16199999999998,190.3541006666936,163.96989933330636
2023-11-16,189.57,190.96,188.65,189.71,54412915,80.11071300541133,3.367286202406774,1.8254182385158317,1.5418679638909423,177.87449999999998,192.17247258355812,163.57652741644185
2023-11-17,190.25,190.38,188.57,189.69,50941404,79.97665399465095,3.628158204857499,2.1859662317841653,1.4421919730733337,178.715,193.73487665518675,163.69512334481325
2023-11-20,189.89,191.91,189.88,191.45,46538614,82.88481009581548,3.9315974295142553,2.5350924713301835,1.3965049581840718,179.6375,195.42612465261737,163.8488753473826
2023-11-21,191.41,191.52,189.74,190.64,38134500,76.94996044776708,4.059914800062842,2.8400569370767155,1.2198578629861263,180.4975,196.7322072980334,164.26279270196662
2023-11-22,191.49,192.93,190.83,191.31,39630011,78.42442661295347,4.167628810605862,3.105571311782545,1.0620574988233171,181.50799999999998,197.7956260426574,165.22037395734256
2023-11-24,190.87,190.9,189.25,189.97,24048344,68.33666483340835,4.097631197092767,3.3039832888445897,0.7936479082481771,182.66199999999998,197.82009542265442,167.50390457734554
2023-11-27,189.92,190.67,188.9,189.79,40552609,67.00087071793416,3.9817341358264855,3.4395334582409687,0.5422006775855168,183.7405,197.5845266047048,169.8964733952952
2023-11-28,189.78,191.08,189.4,190.4,38415419,69.34405122129375,3.894216676021557,3.5304701017970865,0.36374657422447054,184.746,197.34160056862748,172.15039943137253
2023-11-29,190.9,192.09,188.97,189.37,43014224,60.916634621639304,3.699105085849368,3.564197098607543,0.13490798724182484,185.676,196.5565793189513,174.79542068104868
2023-11-30,189.84,190.32,188.19,189.95,48794400,63.776919618383765,3.5503526424284075,3.561428207371716,-0.011075564943308525,186.47499999999997,195.9984547026742,176.95154529732574
2023-12-01,190.33,191.56,189.23,191.24,45704823,69.50440611813028,3.496254829008251,3.5483935316990234,-0.052138702690772476,187.1585,195.92289753837835,178.39410246162166
2023-12-04,189.98,190.05,187.45,189.43,43389519,55.33853922383249,3.269639677992359,3.4926427609576907,-0.22300308296533178,187.79749999999999,195.07304483401668,180.5219551659833
2023-12-05,190.21,194.4,190.18,193.42,66628400,70.58668468098745,3.3731219422620313,3.468738597218559,-0.09561665495652782,188.507,194.98899157181282,182.0250084281872
2023-12-06,194.45,194.76,192.11,192.32,41089737,63.67159914923332,3.328008366493151,3.4405925510734776,-0.1125841845803266,189.03199999999998,194.90589443126834,183.15810556873163
2023-12-07,193.63,195.0,193.59,194.27,47477700,69.73603528275015,3.410292506657214,3.434532542190225,-0.024240035533011017,189.601,195.16639647239532,184.03560352760468
2023-12-08,194.2,195.99,193.67,195.71,53406358,73.50470966937397,3.5507682004420644,3.457779673840593,0.09298852660147139,190.26600000000002,195.37305765533856,185.15894234466148
2023-12-11,193.11,193.49,191.42,193.18,60943700,58.68891881299104,3.418539547989269,3.4499316486703284,-0.031392100681059354,190.605,195.52834289516522,185.68165710483476
2023-12-12,193.08,194.72,191.72,194.71,52696900,63.7827439488365,3.3980351673155553,3.439552352399374,-0.04151718508381874,191.10049999999998,195.5343244155115,186.66667558448847
2023-12-13,195.09,198.0,194.85,197.96,70404200,72.18797890112883,3.602505693371029,3.4721430205937054,0.1303626727773235,191.62650000000002,196.68404787684062,186.56895212315942
2023-12-14,198.02,199.62,196.16,198.11,66831600,72.5275166291529,3.733615014999998,3.524437419474964,0.20917759552503412,192.13150000000002,197.66333047654874,186.5996695234513
2023-12-15,197.53,198.4,197.0,197.57,128538401,69.02705562086999,3.7507107511480626,3.5696920858095837,0.18101866533847888,192.5245,198.435775487994,186.61322451200598
2023-12-18,196.09,196.63,194.39,195.89,55751900,58.833802996317225,3.587344609940402,3.5732225906357473,0.014122019304654732,192.8345,198.77012473989504,186.89887526010494
2023-12-19,196.16,196.95,195.89,196.94,40714100,62.795793326786836,3.502230458168725,3.559024164142343,-0.05679370597361766,193.109,199.27822037215591,186.9397796278441
2023-12-20,196.9,197.68,194.83,194.83,52242815,51.33904200242584,3.2273150348926833,3.4926823382924113,-0.2653673033997279,193.31850000000003,199.41888230037682,187.21811769962324
2023-12-21,196.1,197.08,193.5,194.68,46482549,50.58206239744034,2.9631811273699498,3.386782096107919,-0.4236009687379694,193.48700000000002,199.5397752660476,187.43422473395245
2023-12-22,195.18,195.41,192.97,193.6,37149570,45.062189122080824,2.6363163151812614,3.2366889399225878,-0.6003726247413264,193.6685,199.49052813280497,187.84647186719502
2023-12-26,193.61,193.89,192.83,193.05,28919310,42.346753352584805,2.3063075157150763,3.0506126550810855,-0.7443051393660092,193.8315,199.3720577336786,188.29094226632142
2023-12-27,192.49,193.5,191.09,193.15,48087700,43.06650114268515,2.0294481142448433,2.846379746913837,-0.8169316326689939,193.969,199.28284646096895,188.65515353903103
2023-12-28,194.14,194.66,193.17,193.58,34049900,46.387285901404816,1.8237098582297904,2.641845769177028,-0.8181359109472375,194.17950000000002,199.0405134312892,189.31848656871082
2023-12-29,193.9,194.4,191.73,192.53,42672148,39.84000482840609,1.557975214819379,2.425071658305498,-0.867096443486119,194.3085,198.82138809384804,189.79561190615198
2024-01-02,187.15,188.44,183.89,185.64,82488700,19.258839393642234,0.7823942239443227,2.096536171433263,-1.3141419474889404,194.0285,199.8485823832309,188.2084176167691
2024-01-03,184.22,185.88,183.43,184.25,58414500,17.191516752141723,0.05494593509411061,1.6882181241654326,-1.633272189071322,193.76950000000002,200.78871715534643,186.7502828446536
2024-01-04,182.15,183.09,180.88,181.91,71983600,14.225381017600284,-0.7022850141200649,1.210117496508333,-1.912402510628398,193.19400000000002,201.9950917983128,184.39290820168722
2024-01-05,181.99,182.76,180.17,181.18,62379661,13.393563834184263,-1.3457874955372233,0.6989364980992218,-2.044723993636445,192.637,202.95100294950154,182.32299705049846
2024-01-08,182.09,185.6,181.5,185.56,59144500,38.350558402277564,-1.4852177872967047,0.2621056410200364,-1.7473234283167411,192.20149999999998,202.95150763770638,181.45149236229358
2024-01-09,183.92,185.15,182.73,185.14,42841809,37.16559141459509,-1.6110367590478916,-0.11252283899354917,-1.4985139200543425,191.673,202.73161531258762,180.61438468741238
2024-01-10,184.35,186.4,183.92,186.19,46792908,42.30769005030422,-1.6074927994905863,-0.4115168310929566,-1.1959759683976297,191.32350000000002,202.62082949348775,180.0261705065123
2024-01-11,186.54,187.05,183.62,185.59,49128408,40.1417377002031,-1.6342604346010603,-0.6560655517945774,-0.9781948828064829,190.8675,202.3243919731499,179.41060802685013
2024-01-12,186.06,186.74,185.19,185.92,40477782,42.025294543647036,-1.6102833916294799,-0.8469091197615579,-0.763374271867922,190.2655,201.41437669584525,179.11662330415476
2024-01-16,182.16,184.26,180.93,183.63,65603041,33.56771867679214,-1.7558252138981345,-1.0286923385888733,-0.7271328753092612,189.54149999999998,200.42289943593752,178.66010056406245
2024-01-17,181.27,182.93,180.3,182.68,47317433,30.618202038195733,-1.9256277787650617,-1.208079426624111,-0.7175483521409507,188.797,199.39949047208884,178.19450952791115
2024-01-18,186.09,189.14,185.83,188.63,78005800,57.564519229589415,-1.5620756255552237,-1.2788786664103338,-0.28319695914488996,188.434,198.49740614096947,178.37059385903052
2024-01-19,189.33,191.95,188.82,191.56,68902985,65.23604297218063,-1.025707692122353,-1.2282444715527376,0.20253677943038473,188.165,197.53477559694193,178.79522440305806
2024-01-22,192.3,195.33,192.26,193.89,60133900,70.18216494557088,-0.40791848282739807,-1.0641792738076699,0.6562607909802718,188.118,197.35550387793927,178.88049612206072
2024-01-23,195.02,195.75,193.83,195.18,42355600,72.66651254346183,0.18365902853278726,-0.8146116133395785,0.9982706418723658,188.143,197.4576632563477,178.8283367436523
2024-01-24,195.42,196.38,194.34,194.5,53631316,69.16166753622262,0.5908076881051727,-0.5335277530506284,1.124335441155801,188.18800000000002,197.62160309577567,178.75439690422436
2024-01-25,195.22,196.27,193.11,194.17,54822126,67.3428916236939,0.8767411656834838,-0.25147396930380594,1.1282151349872898,188.244,197.81147428586735,178.67652571413265
2024-01-26,194.27,194.76,191.94,192.42,44594011,58.008659750421046,0.9511706291344808,-0.010945049616148589,0.9621156787506294,188.20749999999998,197.7014556949171,178.71354430508288
2024-01-29,192.01,192.2,189.58,191.73,47145622,54.56768636384393,0.9436020249535488,0.1799643652977909,0.7636376596557579,188.11499999999998,197.4227816906181,178.80721830938185
2024-01-30,190.94,191.8,187.47,188.04,55859400,39.946258833799284,0.6325599330744467,0.2704834788531221,0.3620764542213246,187.8905,196.96354504099892,178.81745495900108
2024-01-31,187.04,187.1,184.35,184.4,55467803,30.610533616859996,0.09128695586915114,0.23464417425632791,-0.14335721838717677,187.8285,196.9828795098702,178.67412049012978
2024-02-01,183.99,186.95,183.82,186.86,64885408,41.3069907640259,-0.13758830497110353,0.16019767841084165,-0.2977859833819452,187.959,196.97190746944833,178.94609253055168
2024-02-02,179.86,187.33,179.25,185.85,102551680,38.49577820235791,-0.39590837195456174,0.04897646833776097,-0.4448848402923227,188.156,196.77587519754545,179.53612480245457
2024-02-05,188.15,189.25,185.84,187.68,69668820,46.15667514190317,-0.4478012065204382,-0.050379066633878866,-0.39742213988655933,188.481,196.45972407687748,180.5022759231225
2024-02-06,186.86,189.31,186.77,189.3,43490800,52.23391243340901,-0.3541240688552989,-0.11112806707816289,-0.242996001777136,188.66799999999998,196.53296990325808,180.80303009674188
2024-02-07,190.64,191.05,188.61,189.41,53439000,52.65260570767981,-0.2679197693301205,-0.1424864075285544,-0.1254333618015661,188.8815,196.57314214895476,181.18985785104522
2024-02-08,189.39,189.54,187.35,188.32,40962046,47.856397412499255,-0.2842791384277632,-0.17084495370839617,-0.11343418471936703,188.988,196.58108161560656,181.39491838439343
2024-02-09,188.65,189.99,188.0,188.85,45155216,50.391699947764536,-0.25157745736828474,-0.1869914544403739,-0.06458600292791083,189.151,196.57502898135505,181.72697101864497
2024-02-12,188.42,188.67,186.79,187.15,41781934,42.70667208437625,-0.35870203822062763,-0.22133357119642466,-0.13736846702420297,189.2125,196.54363009168867,181.88136990831134
2024-02-13,185.77,186.21,183.51,185.04,56529529,35.05121748468878,-0.6068628689372133,-0.2984394307445824,-0.3084234381926309,189.283,196.41243520315598,182.153564796844
2024-02-14,185.32,185.53,182.44,184.15,54630517,32.2386225483809,-0.8653722050378008,-0.41182598560322614,-0.4535462194345746,189.3565,196.22484163698314,182.48815836301688
2024-02-15,183.55,184.49,181.35,183.86,65434500,31.294500784708276,-1.0811801212985017,-0.5456968127422812,-0.5354833085562205,189.118,196.410723410157,181.82527658984299
2024-02-16,183.42,184.85,181.67,182.31,49752465,26.507141378488143,-1.3615859802344232,-0.7088746462407096,-0.6527113339937136,188.65550000000002,196.451997121697,180.85900287830304
2024-02-20,181.79,182.43,180.0,181.56,53665600,24.42133107613388,-1.6255895907370927,-0.8922176351399862,-0.7333719555971066,188.03900000000002,196.03998914938816,180.03801085061187
2024-02-21,181.94,182.89,180.66,182.32,41529700,30.789091285565675,-1.7532780081880333,-1.0644297097495956,-0.6888482984384376,187.39600000000002,195.03963209339324,179.7523679066068
2024-02-22,183.48,184.96,182.46,184.37,52292208,45.16757502127831,-1.6698056513967856,-1.1855048980790337,-0.4843007533177519,186.8895,193.864316277542,179.914683722458
2024-02-23,185.01,185.04,182.23,182.52,45119700,37.13449892009492,-1.7329563046070575,-1.2949951793846386,-0.4379611252224189,186.307,192.6378604221235,179.97613957787647
2024-02-26,182.24,182.76,180.65,181.16,40867421,32.26677679703822,-1.8711745508019249,-1.410231053668096,-0.46094349713382887,185.744,191.78181905555027,179.70618094444973
2024-02-27,181.1,183.92,179.56,182.63,54318900,41.78412526362511,-1.8408763157602834,-1.4963601060865335,-0.34451620967374996,185.28900000000002,190.77365380572166,179.80434619427837
2024-02-28,182.51,183.12,180.13,181.42,48953939,36.86443508630999,-1.8926839513742664,-1.5756248751440802,-0.31705907623018614,184.95800000000003,190.5417493534632,179.37425064653686
2024-02-29,181.27,182.57,179.53,180.75,136682600,34.28531302278596,-1.9651522248453261,-1.6535303450843295,-0.31162187976099665,184.77550000000002,190.66619730482196,178.88480269517808
2024-03-01,179.55,180.53,177.38,179.66,73563082,30.30531611964706,-2.0864860319825596,-1.7401214824639757,-0.34636454951858386,184.4155,190.64036854650328,178.19063145349674
2024-03-04,176.15,176.9,173.79,175.1,81510101,19.42210322670266,-2.5215311967540686,-1.8964034253219944,-0.6251277714320742,183.878,191.31900049867247,176.4369995013275
2024-03-05,170.76,172.04,169.62,170.12,95132400,13.37119145717817,-3.2309081070821435,-2.163304361674024,-1.0676037454081193,183.0,192.43018669236298,173.56981330763702
2024-03-06,171.06,171.24,168.68,169.12,68587707,12.470981598644443,-3.82964035184537,-2.4965715597082934,-1.3330687921370767,181.991,192.80047712841184,171.1815228715882
2024-03-07,169.15,170.73,168.49,169.0,71765100,12.355802475723834,-4.264662590883859,-2.850189765943407,-1.414472824940452,180.97050000000002,192.64962122686293,169.2913787731371
2024-03-08,169.0,173.7,168.94,170.73,76267041,24.027693036696945,-4.418886138952388,-3.163929040545203,-1.2549570984071847,180.091,192.08478066903925,168.09721933096077
2024-03-11,172.94,174.38,172.05,172.75,60139500,35.58503550878534,-4.328219276169023,-3.3967870876699675,-0.9314321884990551,179.286,190.96144323514173,167.61055676485827
2024-03-12,173.15,174.03,171.01,173.23,59825400,38.164207900789805,-4.169568950328227,-3.5513434602016196,-0.6182254901266071,178.59,189.94684537370645,167.23315462629355
2024-03-13,172.77,173.19,170.76,171.13,52488700,31.74729319566842,-4.165275174238417,-3.674129803008979,-0.4911453712294378,177.8945,189.29182096868942,166.49717903131057
2024-03-14,172.91,174.31,172.05,173.0,72913507,41.801583097929836,-3.96526979212544,-3.7323578008322715,-0.23291199129316853,177.337,188.53501316964469,166.1389868303553
2024-03-15,171.17,172.62,170.29,172.62,121752699,40.40596403280515,-3.793695549249179,-3.744625350515653,-0.04907019873352603,176.775,187.7199560601247,165.8300439398753
2024-03-18,175.57,177.71,173.52,173.72,75604200,46.38483035980222,-3.528288999425939,-3.7013580802977106,0.17306908087177142,176.3455,187.04739058556603,165.64360941443394
2024-03-19,174.34,176.61,173.03,176.08,55215244,57.05154771821882,-3.0918788649555893,-3.5794622372292864,0.4875833722736971,176.0715,186.48806226755482,165.65493773244515
2024-03-20,175.72,178.67,175.09,178.67,53423102,65.6941885844115,-2.5081173195448514,-3.3651932536923996,0.8570759341475482,175.88899999999998,185.96701129088024,165.81098870911973
2024-03-21,177.05,177.49,170.84,171.37,106181300,39.70780545718699,-2.604507934171238,-3.2130561897881678,0.6085482556169297,175.23899999999998,184.67001244775093,165.80798755224902
2024-03-22,171.76,173.05,170.06,172.28,71160138,42.95354725001495,-2.5777540517939315,-3.085995762189321,0.5082417103953896,174.727,183.58831533542522,165.8656846645748
2024-03-25,170.57,171.94,169.45,170.85,54288328,39.133697254597315,-2.6414909923610708,-2.9970948082236712,0.3556038158626005,174.2115,182.68829997964403,165.73470002035597
2024-03-26,170.0,171.42,169.58,169.71,57388449,36.17454650989269,-2.75226505129703,-2.948128856838343,0.19586380554131289,173.5655,181.2755439619298,165.85545603807017
2024-03-27,170.41,173.6,170.11,173.31,60273300,49.9614436698162,-2.520509512841784,-2.862604988039031,0.34209547519724737,173.16,179.92595502265374,166.39404497734625
2024-03-28,171.75,172.23,170.51,171.48,65672700,44.3432507267855,-2.456193811626491,-2.781322752756523,0.325128941130032,172.6965,178.47055913959312,166.92244086040685
2024-04-01,171.19,171.25,169.48,170.03,46240500,40.2094061067406,-2.493482720228428,-2.723754746250904,0.23027202602247598,172.215,177.07833002658847,167.35166997341153
2024-04-02,169.08,169.34,168.23,168.84,49329500,36.947727126999084,-2.589210694543567,-2.6968459359094368,0.10763524136586966,171.902,176.78925345321244,167.01474654678753
2024-04-03,168.79,170.68,168.58,169.65,47691715,40.72412295278937,-2.5700891850236474,-2.671494585732279,0.1014054007086318,171.8785,176.80618452084644,166.95081547915356
2024-04-04,170.29,171.92,168.82,168.82,53704400,38.03100401599318,-2.5920300059408135,-2.655601669773986,0.06357166383317248,171.8635,176.82822726766057,166.8987727323394
2024-04-05,169.59,170.39,168.95,169.58,42104826,42.07798237285263,-2.5190545236856963,-2.628292240556328,0.10923771687063155,171.89249999999998,176.79316322043735,166.99183677956262
2024-04-08,169.03,169.2,168.24,168.45,37425513,37.83858551886275,-2.523315276634719,-2.607296847772006,0.08398157113728733,171.77849999999998,176.8943752916922,166.66262470830776
2024-04-09,168.7,170.08,168.35,169.67,42451209,44.77044859407757,-2.400575806419454,-2.565952639501496,0.1653768330820422,171.62449999999998,176.80229662548493,166.44670337451504
2024-04-10,168.8,169.09,167.11,167.78,49709336,37.32945948225454,-2.4278246453514214,-2.538327040671481,0.11050239532005968,171.352,176.74327794635767,165.96072205364234
2024-04-11,168.34,175.46,168.16,175.04,91070300,63.912996621993756,-1.8423606343112056,-2.3991337593994264,0.5567731250882209,171.5475,177.18292507621388,165.91207492378615
2024-04-12,174.26,178.36,174.21,176.55,101670886,67.24715753499876,-1.2422123563245862,-2.1677494787844585,0.9255371224598723,171.725,177.76235215576983,165.68764784423016
2024-04-15,175.36,176.63,172.5,172.69,73531800,52.84577279367456,-1.0657746757786413,-1.9473545181832952,0.8815798424046539,171.7285,177.76811753757198,165.688882462428
2024-04-16,171.75,173.76,168.27,169.38,73711235,43.60593196633685,-1.1794400294731133,-1.7937716204412588,0.6143315909681455,171.5115,177.56169799590228,165.46130200409775
2024-04-17,169.61,170.65,168.0,168.0,50901210,40.2227525981102,-1.3651386395816303,-1.7080450242693332,0.34290638468770296,171.10750000000002,176.94870346289028,165.26629653710975
2024-04-18,168.03,168.64,166.55,167.04,43122903,37.86469725857743,-1.5716530647141553,-1.680766632358298,0.1091135676441426,170.526,175.43911199483856,165.61288800516147
2024-04-19,166.21,166.4,164.08,165.0,68149377,33.10592641697478,-1.8782765822429042,-1.7202686223352193,-0.1580079599076849,170.2075,175.68384482403363,164.7311551759664
2024-04-22,165.52,167.26,164.77,165.84,48116443,36.8751974022647,-2.0300952745261895,-1.7822339527734132,-0.2478613217527763,169.8855,175.60085871693963,164.1701412830604
2024-04-23,165.35,167.05,164.92,166.9,49537800,41.661492974475365,-2.0413481499671775,-1.834056792212166,-0.2072913577550115,169.68800000000002,175.53451259075214,163.8414874092479
2024-04-24,166.54,169.3,166.21,169.02,48251835,50.349173908965724,-1.857784469472648,-1.8388023276642627,-0.01898214180838531,169.6535,175.50760436316912,163.7993956368309
2024-04-25,169.53,170.61,168.15,169.89,50558329,53.61967035389732,-1.6233937286923492,-1.7957206078698802,0.17232687917753098,169.48250000000002,175.08111214006428,163.88388785993575
2024-04-26,169.88,171.34,169.18,169.3,44838400,50.991430110620634,-1.4683195730531509,-1.7302404009065344,0.26192082785338355,169.3735,174.89268863222054,163.85431136777947
2024-04-29,173.37,176.03,173.1,173.5,68169419,65.0590543963483,-0.995047005836625,-1.5832017218925527,0.5881547160559277,169.54699999999997,175.3632534513778,163.73074654862214
2024-04-30,173.33,174.99,170.0,170.33,65934800,52.048044026001214,-0.8657873362984674,-1.439718844773736,0.5739315084752685,169.62150000000003,175.43779390049892,163.80520609950113
2024-05-01,169.58,172.71,169.11,169.3,50383147,48.4178126103692,-0.8368142352495056,-1.31913792286889,0.4823236876193844,169.60399999999998,175.42203873629083,163.78596126370914
2024-05-02,172.51,173.42,170.89,173.03,94214915,60.05839945717435,-0.5070283100943698,-1.156716000313986,0.6496876902196163,169.8145,175.81488761906988,163.81411238093014
2024-05-03,186.65,187.0,182.66,183.38,163224109,76.81221680251224,0.5827701020368181,-0.8088187798438252,1.3915888818806432,170.5045,179.03269342874194,161.97630657125808
2024-05-06,182.35,184.2,180.42,181.71,78569700,71.24822608990219,1.2967401388685005,-0.3877069961013601,1.6844471349698606,171.16750000000002,180.98712347869323,161.3478765213068
2024-05-07,183.45,184.9,181.32,182.4,77305800,72.20797326516698,1.89638344249596,0.06911109161810391,1.827272350877856,171.804,182.795314082643,160.81268591735702
2024-05-08,182.85,183.07,181.45,182.74,45057100,72.72560986909158,2.371700749412156,0.5296290231769144,1.8420717262352415,172.552,184.39355146308046,160.71044853691953
2024-05-09,182.56,184.66,182.11,184.57,48983000,75.5533774255231,2.863055326062579,0.9963142837540473,1.8667410423085316,173.02849999999998,186.00424461914253,160.05275538085743
2024-05-10,184.9,185.09,182.13,183.05,50759500,68.7246239266552,3.094138765591424,1.4158791801215227,1.6782595854699014,173.3535,187.00845287047494,159.69854712952505
2024-05-13,185.44,187.1,184.62,186.28,72044809,74.39828568273633,3.4975900214548687,1.8322213483881922,1.6653686730666766,174.03300000000002,188.85186436447782,159.2141356355222
2024-05-14,187.51,188.3,186.29,187.43,52393619,76.17393214173615,3.865563626231534,2.2388898039568605,1.6266738222746735,174.9355,190.7277905575092,159.1432094424908
2024-05-15,187.91,190.65,187.37,189.72,70400000,79.44890671082169,4.292488090073903,2.649609461180269,1.6428786288936337,176.0215,192.76429392518526,159.27870607481475
2024-05-16,190.47,191.1,189.66,189.84,52845230,79.6182974593213,4.587628475248664,3.037213263993948,1.550415211254716,177.1615,194.42610970949605,159.89689029050393
2024-05-17,189.51,190.81,189.18,189.87,41282925,79.66664248204025,4.768976315767418,3.3835658743486423,1.3854104414187756,178.405,195.5636718907033,161.2463281092967
2024-05-20,189.33,191.92,189.01,191.04,44361300,81.62768784178009,4.950043982090989,3.696861495897112,1.253182486193877,179.66500000000002,196.6387078416863,162.69129215831373
2024-05-21,191.09,192.73,190.92,192.35,42309401,83.66322156578624,5.13999678069672,3.985488552857034,1.1545082278396857,180.9375,197.6963843681001,164.1786156318999
2024-05-22,192.27,192.82,190.27,190.9,34648547,73.29229789949454,5.114575220849986,4.211305886455625,0.903269334394361,182.0315,198.36598953659862,165.69701046340137
2024-05-23,190.98,191.0,186.63,186.88,51005924,52.48128316785397,4.715688526145584,4.312182414393617,0.40350611175196693,182.881,198.2982342389661,167.4637657610339
2024-05-24,188.82,190.58,188.04,189.98,36326975,62.065433046860136,4.59672386760343,4.36909070503558,0.22763316256784982,183.915,198.2317322058086,169.59826779419137
2024-05-28,191.51,193.0,189.1,189.99,52280100,62.09388973317209,4.451931341764379,4.38565883238134,0.06627250938303852,184.73950000000002,198.4157513715988,171.06324862840125
2024-05-29,189.61,192.25,189.51,190.29,53068016,63.05327771429595,4.311687267767809,4.370864519458634,-0.05917725169082555,185.7375,197.80479878639852,173.6702012136015
2024-05-30,190.76,192.18,190.63,191.29,49947941,66.330792076862,4.2324454745480296,4.343180710476513,-0.11073523592848389,186.83700000000002,196.33109145899698,177.34290854100306
2024-05-31,191.44,192.57,189.91,192.25,75158300,69.34320547285728,4.198709648241419,4.314286498029494,-0.11557684978807536,187.798,195.0288013678483,180.5671986321517
2024-06-03,192.9,194.99,192.52,194.03,50080539,74.26860703626367,4.266424204289052,4.304714039281405,-0.03828983499235328,188.33049999999997,195.75732612668534,180.9036738733146
2024-06-04,194.64,195.32,193.03,194.35,47471445,75.0984929908858,4.2963837658159605,4.303047984588316,-0.006664218772355568,188.9625,196.16504596800897,181.75995403199104
2024-06-05,195.4,196.9,194.87,195.87,54156800,78.83901718409454,4.392148279652503,4.320868043601154,0.07128023605134892,189.63600000000002,196.77358443587048,182.49841556412957
2024-06-06,195.69,196.5,194.17,194.48,41181800,68.05274009538512,4.30624129442873,4.317942693766669,-0.011701399337939122,190.223,196.8880292375261,183.55797076247393
2024-06-07,194.65,196.94,194.14,196.89,53103912,74.91782252926117,4.382111989259897,4.3307765528653155,0.05133543639458171,190.839,197.58102499645838,184.09697500354162
2024-06-10,196.9,197.3,192.15,193.12,97262100,53.98049598209943,4.090875502426655,4.2827963427775835,-0.19192084035092805,191.3425,197.0618112393777,185.6231887606223
2024-06-11,193.65,207.16,193.63,207.15,172373300,79.08254442054533,4.935281383085197,4.413293350839107,0.5219880322460906,192.386,201.06562259670878,183.7063774032912
2024-06-12,207.37,220.2,206.9,213.07,198134300,83.47191069803577,6.0128611313722615,4.733206906945738,1.2796542244265234,193.668,206.04999643796288,181.28600356203714
2024-06-13,214.74,216.75,211.6,214.24,97862729,84.22670307924047,6.881929468276695,5.16295141921193,1.7189780490647655,194.894,210.1517826905431,179.63621730945692
2024-06-14,213.85,215.17,211.3,212.49,70122748,78.07340345563033,7.344795778178707,5.599320291005285,1.7454754871734215,196.0265,212.97363051321202,179.07936948678798
2024-06-17,213.37,218.95,212.72,216.67,93728300,81.74831835383928,7.95718624003149,6.070893480810526,1.8862927592209635,197.3665,216.37654972446376,178.35645027553625
2024-06-18,217.59,218.63,213.0,214.29,79943300,73.63987166221106,8.156441601995624,6.488003105047546,1.6684384969480783,198.52900000000002,218.71714962455533,178.34085037544472
2024-06-20,213.93,214.24,208.85,209.68,86172500,60.27743960673931,7.851853163625691,6.7607731167631755,1.0910800468625155,199.3955,219.95127723889357,178.83972276110643
2024-06-21,210.39,211.89,207.11,207.49,246421400,54.824413492365856,7.349034835402762,6.878425460491093,0.47060937491166843,200.225,220.67597295331262,179.77402704668737
2024-06-24,207.72,212.7,206.59,208.14,80727006,56.18195442161707,6.923191018870227,6.88737857216692,0.03581244670330719,201.288,221.0156707617625,181.56032923823753
2024-06-25,209.15,211.38,208.61,209.07,56713900,58.253010206519214,6.584843971514346,6.826871652036405,-0.24202768052205936,202.2425,221.5083791649977,182.9766208350023
2024-06-26,211.5,214.86,210.64,213.25,66213200,66.4715325004948,6.578163590007449,6.777130039630615,-0.1989664496231658,203.4055,222.3628865342991,184.44811346570089
2024-06-27,214.69,215.74,212.35,214.1,49772707,67.9518735039533,6.565771113442082,6.734858254392909,-0.16908714095082722,204.596,223.0697485439058,186.1222514560942
2024-06-28,215.77,216.07,210.3,210.62,82542718,56.224921492217604,6.20363146811664,6.628612897137656,-0.4249814290210159,205.5625,223.10423114545017,188.02076885454983
2024-07-01,212.09,217.51,211.92,216.75,60402929,67.59231431517556,6.338210019863169,6.57053232168276,-0.23232230181959057,206.7875,223.8296062140465,189.7453937859535
2024-07-02,216.15,220.38,215.1,220.27,58046200,72.34965809624497,6.652216463312868,6.586869150008782,0.06534731330408583,208.09949999999998,225.04620093652156,191.1527990634784
2024-07-03,220.0,221.55,219.03,221.55,37369801,73.95391593094948,6.924532435094704,6.654401807025967,0.27013062806873744,209.4595,226.1235545707571,192.79544542924287
2024-07-05,221.65,226.45,221.65,226.34,60412408,79.17184253502644,7.441081616005306,6.811737768821835,0.6293438471834714,210.983,227.98384592323572,193.9821540767643
2024-07-08,227.09,227.85,223.25,227.82,59085900,80.5602600618981,7.879049417391002,7.025200098535668,0.8538493188553336,212.65,229.37341189062516,195.92658810937485
2024-07-09,227.93,229.4,226.37,228.68,48169822,81.39193770840603,8.201000835372497,7.260360245903034,0.9406405894694627,214.2395,230.69676520097096,197.78223479902903
2024-07-10,229.3,233.08,229.25,232.98,62627700,85.07559701508796,8.702803218858065,7.548848840494041,1.1539543783640243,216.23250000000002,231.5345781182559,200.93042188174414
2024-07-11,231.39,232.39,225.77,227.57,64710617,66.0843445103745,8.565209038183127,7.752120880031859,0.8130881581512686,217.25349999999997,232.72794654227872,201.77905345772123
2024-07-12,228.92,232.64,228.68,230.54,53046527,70.28596925445623,8.596721186791854,7.921040941383858,0.675680245407996,218.127,234.5503288503485,201.7036711496515
2024-07-15,236.48,237.23,233.09,234.4,62631300,74.94133439055986,8.83136208741925,8.103105170590936,0.7282569168283146,219.135,236.9680131468329,201.30198685316708
2024-07-16,235.0,236.27,232.33,234.82,43234300,75.42472745704305,8.948059521387506,8.27209604075025,0.6759634806372556,220.25150000000002,239.09997867657862,201.40302132342143
2024-07-17,229.45,231.46,226.64,228.88,57345900,57.366159322022746,8.463670792771325,8.310410991154466,0.15325980161685848,220.862,240.01061061334323,201.71338938665676
2024-07-18,230.28,230.44,222.27,224.18,66034600,47.07587677497632,7.612783090376638,8.1708854109989,-0.5581023206222628,221.3565,240.30021972033202,202.412780279668
2024-07-19,224.82,226.8,223.28,224.31,49151500,47.37713534637279,6.869748188610174,7.910657966521156,-1.040909777910982,222.08800000000002,240.24687267543064,203.9291273245694
2024-07-22,227.01,227.78,223.09,223.96,48201835,46.55391788199243,6.181390380233466,7.564804449263619,-1.3834140690301524,222.91150000000002,239.7270745789864,206.09592542101365
2024-07-23,224.37,226.94,222.68,225.01,39960300,49.586165545759194,5.655396195548178,7.182922798520531,-1.5275266029723529,223.75499999999997,239.07683512440175,208.43316487559818
2024-07-24,224.0,224.8,217.13,218.54,61777600,35.333447409821005,4.6627181739793855,6.678881873612302,-2.0161636996329166,224.2285,238.1619240700625,210.2950759299375
2024-07-25,218.93,220.85,214.62,217.49,51391200,33.52881678400993,3.7480819100838687,6.092721880906616,-2.3446399708227474,224.44050000000001,237.7872716972027,211.09372830279733
2024-07-26,218.7,219.49,216.01,217.96,41601345,35.23719654036479,3.0262662399653095,5.479430752718355,-2.4531645127530455,224.6335,237.451854069577,211.815145930423
2024-07-29,216.96,219.3,215.75,218.24,36311800,36.36148848829875,2.448589960072269,4.873262594189137,-2.4246726341168685,225.0145,236.4583574192442,213.5706425807558
2024-07-30,219.19,220.33,216.12,218.8,41643840,38.812764386078314,2.0127627896709157,4.301162633285493,-2.2883998436145774,225.11700000000002,236.2825185374858,213.95148146251424
2024-07-31,221.44,223.82,220.63,222.08,50036300,51.450994150035804,1.9100177098445386,3.8229336485973024,-1.912915938752764,225.20750000000004,236.23610371943855,214.17889628056153
2024-08-01,224.37,224.48,217.02,218.36,62501000,40.50309818629494,1.5110007075891758,3.3605470603956773,-1.8495463528065015,225.048,236.38722043177626,213.70877956822375
2024-08-02,219.15,225.6,217.71,219.86,105568600,45.86266837647489,1.300819287502037,2.9486015058169497,-1.6477822183149127,224.72400000000002,236.27609418245933,213.1719058175407
2024-08-05,199.09,213.5,196.0,209.27,119548600,26.451839050756334,0.2765367585163858,2.414188556356837,-2.137651797840451,223.7965,237.14153617554933,210.45146382445068
2024-08-06,205.3,209.99,201.07,207.23,69660500,24.17738957341122,-0.6918502571677436,1.7929807936519209,-2.4848310508196647,222.72400000000002,237.7574551829325,207.69054481706755
2024-08-07,206.9,213.64,206.39,209.82,63516417,32.659679369725794,-1.236064012963908,1.1871718323287552,-2.4232358452926634,221.56599999999997,236.83916931920226,206.2928306807977
2024-08-08,213.11,214.2,208.83,213.31,47161149,42.63711488832157,-1.3699515536821139,0.6757471551265815,-2.045698708808695,220.85299999999998,236.2766811771061,205.42931882289386
2024-08-09,212.1,216.78,211.97,216.24,42201646,49.83688090565141,-1.225505022294044,0.2954967196424564,-1.5210017419365003,220.138,234.98596296503018,205.29003703496983
2024-08-12,216.07,219.51,215.6,217.53,38028100,52.843633714716184,-0.995462810838518,0.03730481354626153,-1.0327676243847794,219.29450000000003,232.563868723348,206.02513127665205
2024-08-13,219.01,221.89,219.01,221.27,44155331,60.71982726959556,-0.5055384251016619,-0.07126383418332316,-0.43427459091833875,218.61700000000002,229.7623839394732,207.47161606052683
2024-08-14,220.57,223.03,219.7,221.72,41960600,61.61001741304953,-0.08003597559155651,-0.07301826246496984,-0.007017713126586667,218.25900000000001,228.4340901198829,208.08390988011712
2024-08-15,224.6,225.35,222.76,224.72,46414013,67.3089655350867,0.49356321961539606,0.04029803395110334,0.45326518566429275,218.286,228.52987755533962,208.04212244466038
2024-08-16,223.92,226.83,223.65,226.05,44340240,69.616226859253,1.0434365125027227,0.24092572966142725,0.8025107828412955,218.373,228.85898683960505,207.88701316039493
2024-08-19,225.72,225.99,223.04,225.89,40687813,68.94082716297066,1.4495943743090152,0.4826594585909449,0.9669349157180702,218.46949999999998,229.2045394797574,207.73446052024258
2024-08-20,225.77,227.17,225.45,226.51,30299033,70.23210050181628,1.8007483187519995,0.7462772306231559,1.0544710881288437,218.54450000000003,229.49081968915644,207.59818031084362
2024-08-21,226.52,227.98,225.05,226.4,34765500,69.63940415870846,2.0465726533583393,1.0063363151701927,1.0402363381881465,218.93750000000006,230.4337142510323,207.4412857489678
2024-08-22,227.79,228.34,223.9,224.53,43695321,59.74880420641628,2.0666735120571786,1.21840375454759,0.8482697575095886,219.2895,231.02766712135232,207.55133287864768
2024-08-23,225.66,228.22,224.33,226.84,38677300,66.5252661336273,2.2431437174530515,1.4233517471286823,0.8197919703243692,219.7335,231.92302488173692,207.54397511826306
2024-08-26,226.76,227.28,223.89,227.18,30602208,67.45575933093899,2.3829634656412395,1.615274090831194,0.7676893748100455,220.1805,232.7879338555248,207.57306614447518
2024-08-27,226.0,228.85,224.89,228.03,35934600,69.87155759466732,2.533158841393913,1.798851040943738,0.7343078004501751,220.642,233.7041938997271,207.5798061002729
2024-08-28,227.92,229.86,225.68,226.49,38052200,60.48541985018326,2.49911637121275,1.9389041069975406,0.5602122642152096,220.8625,234.1734228989367,207.55157710106332
2024-08-29,230.1,232.92,228.88,229.79,51906300,70.33762668534781,2.707212824817674,2.0925658505615674,0.6146469742561065,221.43400000000003,235.2638965251055,207.60410347489454
2024-08-30,230.19,230.4,227.48,229.0,52990800,65.80552578158978,2.7763799856213325,2.2293286775735206,0.5470513080478119,221.891,236.10073409878896,207.68126590121102
2024-09-03,228.55,229.0,221.17,222.77,50190600,41.483628194975836,2.3019510661869163,2.2438531552962,0.05809791089071625,222.56599999999997,235.47437410775103,209.65762589224892
2024-09-04,221.66,221.78,217.48,220.85,43840200,36.66476019994346,1.7508520430837393,2.145252932853708,-0.3944008897699689,223.24699999999999,234.00706867520535,212.48693132479463
2024-09-05,221.63,225.48,221.52,222.38,36615400,42.7767030115539,1.4211778564007886,2.0004379175631244,-0.5792600611623357,223.875,232.6112559727526,215.1387440272474
2024-09-06,223.95,225.24,219.77,220.82,48423011,38.41536360746913,1.0222459112059141,1.8047995162916826,-0.7825536050857684,224.25050000000002,231.61219452749805,216.88880547250199
2024-09-09,220.82,221.27,216.71,220.91,67180000,38.830521380180436,0.7052223540166835,1.5848840838366829,-0.8796617298199993,224.48399999999998,231.0265647635019,217.94143523649805
2024-09-10,218.92,221.48,216.73,220.11,51591033,36.319361409254626,0.38498768836680597,1.3449048047427075,-0.9599171163759015,224.613,230.66132155929375,218.56467844070625
2024-09-11,221.46,223.09,217.89,222.66,44587100,48.55535937076799,0.3331230621354848,1.142548456221263,-0.8094253940857783,224.68249999999998,230.5996005524476,218.76539944755234
2024-09-12,222.5,223.55,219.82,222.77,37498225,49.042706876394476,0.2974670380268094,0.9735321725823725,-0.676065134555563,224.73499999999999,230.55933190208722,218.91066809791275
2024-09-13,223.58,224.04,221.91,222.5,36766619,47.7612807921003,0.24460300730888207,0.8277463395276745,-0.5831433322187924,224.62399999999997,230.53352985932904,218.7144701406709
2024-09-16,216.54,217.22,213.92,216.32,59357427,28.25997962280998,-0.29259363222578827,0.603678345176982,-0.8962719774027703,224.1375,231.0667875763814,217.2082124236186
2024-09-17,215.75,216.9,214.5,216.79,45519339,30.741500827590542,-0.6726469124056678,0.3484132936604521,-1.0210602060661198,223.68250000000003,231.289219674796,216.07578032520408
2024-09-18,217.55,222.71,217.54,220.69,59894928,47.9723106534669,-0.651632850866747,0.14840406475501228,-0.8000369156217593,223.3915,230.98806508252457,215.79493491747544
2024-09-19,224.99,229.82,224.63,228.87,66781315,67.5253337378625,0.024792785391582584,0.12368180888232636,-0.09888902349074377,223.51499999999996,231.39261518817918,215.63738481182074
2024-09-20,229.97,233.09,227.62,228.2,318679900,65.20923079874598,0.501026058409991,0.1991506587878593,0.3018753996221317,223.69850000000002,231.84215048109854,215.5548495189015
2024-09-23,227.34,229.45,225.81,226.47,54146023,59.16330576495941,0.7304278984283314,0.30540610671595375,0.4250217917123777,223.67999999999998,231.7952332392062,215.56476676079376
2024-09-24,228.65,229.35,225.73,227.37,43556100,61.31622079354668,0.9736295919078657,0.43905080375433614,0.5345787881535295,223.6895,231.82241033558822,215.5565896644118
2024-09-25,224.93,227.29,224.02,226.37,42308715,57.434246659167336,1.0733046555524481,0.5659015741139586,0.5074030814384896,223.6065,231.58532005525163,215.6276799447484
2024-09-26,227.3,228.5,225.41,227.52,36636707,60.73300619715223,1.2309041537861845,0.6989020900484038,0.5320020637377807,223.658,231.72796145561662,215.58803854438335
2024-09-27,228.46,229.52,227.3,227.79,34026000,61.5404428220923,1.3618906079148019,0.8314997936216834,0.5303908142931185,223.558,231.35290143757143,215.76309856242855
2024-09-30,230.04,233.0,229.65,233.0,54793391,73.6185965429748,1.8646077374125127,1.0381213823798492,0.8264863550326635,223.75799999999998,232.3093719428911,215.20662805710887
2024-10-01,229.52,229.65,223.74,226.21,63285048,50.00398347678737,1.695572921635403,1.1696116902309601,0.5259612314044428,223.93,232.53590739583376,215.32409260416625
2024-10-02,225.89,227.37,223.02,226.78,32880605,51.51056760752472,1.5892855540421067,1.2535464629931896,0.3357390910489171,224.2265,232.79413377026918,215.6588662297308
2024-10-03,225.14,226.81,223.32,225.67,34044200,48.243960034640565,1.3993534506109881,1.2827078605167495,0.1166455900942387,224.391,232.9356638319132,215.8463361680868
2024-10-04,227.9,228.0,224.13,226.8,37345098,51.83204108183255,1.3247416493402966,1.2911146182814588,0.0336270310588378,224.69,233.12634742617587,216.25365257382413
2024-10-07,224.5,225.69,221.33,221.69,39505400,38.063212160966025,0.8435530113152367,1.2016022968882145,-0.35804928557297777,224.72899999999998,233.09871960797952,216.35928039202045
2024-10-08,224.3,225.98,223.25,225.77,31855700,50.24075451516825,0.7824103118789196,1.1177638998863555,-0.33535358800743587,225.012,233.10221136932833,216.92178863067167
2024-10-09,225.23,229.75,224.83,229.54,33591100,58.863858406628914,1.0263308714444292,1.0994772941979702,-0.073146422753541,225.356,233.608577013808,217.103422986192
2024-10-10,227.78,229.5,227.17,229.04,28183544,57.343143203802086,1.1658546047627851,1.1127527563109332,0.05310184845185195,225.66950000000003,233.98458071932166,217.3544192806784
2024-10-11,229.3,229.41,227.34,227.55,31759200,52.66488218017146,1.1430215798154677,1.11880652101184,0.02421505880362762,225.92200000000003,234.13794239719945,217.7060576028006
2024-10-14,228.7,231.73,228.6,231.3,39882100,61.73136482751814,1.4112518699015766,1.1772955907897875,0.23395627911178907,226.671,233.86950247587345,219.47249752412654
2024-10-15,233.61,237.49,232.37,233.85,64751400,66.73113635231249,1.8087399676054758,1.3035844661529252,0.5051555014525506,227.52399999999997,233.77302990369432,221.27497009630562
2024-10-16,231.6,232.12,229.84,231.78,34082240,59.455405838691824,1.93442163996491,1.4297519009153223,0.5046697390495876,228.07850000000002,233.712043430149,222.44495656985103
2024-10-17,233.43,233.85,230.52,232.15,32993810,60.347072694146256,2.0403611651472033,1.5518737537616984,0.4884874113855049,228.2425,234.15702404993596,222.32797595006406
2024-10-18,236.18,236.18,234.01,235.0,46431500,66.83043740994398,2.3274606659008725,1.7069911361895334,0.6204695297113392,228.58249999999998,235.2238786615993,221.94112133840068
2024-10-21,234.45,236.85,234.45,236.48,36254500,69.79008166538124,2.643935081979663,1.8943799253475593,0.7495551566321037,229.083,236.51565086949483,221.65034913050516
2024-10-22,233.89,236.22,232.6,235.86,38846600,66.90450249297888,2.8122961192837863,2.077963164134805,0.7343329551489814,229.50750000000002,237.47849709805988,221.53650290194017
2024-10-23,234.08,235.14,227.76,230.76,52287000,48.04862819197331,2.505316349430501,2.1634338011939445,0.3418825482365566,229.727,237.5750439400304,221.8789560599696
2024-10-24,229.98,230.82,228.41,230.57,31109503,47.47348789012354,2.221097824908071,2.17496660593677,0.04613121897130101,229.8795,237.66525886173406,222.09374113826595
2024-10-25,229.74,233.22,229.57,231.41,38802304,50.49625347026212,2.0401163846137536,2.1479965616721666,-0.10788017705841302,230.0605,237.80995695893165,222.31104304106833
2024-10-28,233.32,234.73,232.55,233.4,36087134,57.22504620397776,2.0338190580627895,2.1251610609502913,-0.09134200288750183,230.08049999999997,237.8638898040985,222.29711019590144
2024-10-29,233.1,234.33,232.32,233.67,35417247,58.116302661985074,2.027246291584845,2.105578107077202,-0.07833181549235713,230.4535,238.17062593081263,222.73637406918735
2024-10-30,232.61,233.47,229.55,230.1,47070907,44.09827039236608,1.7142078415911612,2.0273040539799942,-0.313096212388833,230.61950000000002,238.14434859091747,223.09465140908256
2024-10-31,229.34,229.83,225.37,225.91,64370100,33.24031745487849,1.1151696503814037,1.8448771732602762,-0.7297075228788725,230.63150000000002,238.1238098118159,223.13919018818413
2024-11-01,220.97,225.35,220.27,222.91,65276741,27.621673366448718,0.3938130088309606,1.5546643403744134,-1.1608513315434528,230.43699999999998,238.52629663199724,222.34770336800273
2024-11-04,220.99,222.79,219.71,222.01,44944500,26.094844923718995,-0.24763522040464636,1.1942044282186015,-1.4418396486232479,230.45299999999997,238.47039713638702,222.43560286361293
2024-11-05,221.8,223.95,221.14,223.45,28111338,32.93840414506565,-0.6325005256986174,0.8288634374351578,-1.4613639631337751,230.337,238.69939728914466,221.97460271085532
2024-11-06,222.61,226.07,221.19,222.72,54561121,31.24597811532405,-0.9850588073311997,0.4660789884818863,-1.451137795813086,229.996,239.0248879072976,220.96711209270242
2024-11-07,224.63,227.88,224.57,227.48,42137700,50.41466595420484,-0.8703388421449745,0.19879542235651415,-1.0691342645014887,229.91799999999998,239.00840581575846,220.8275941842415
2024-11-08,227.17,228.66,226.41,226.96,38328824,48.703094133528865,-0.8120216176583597,-0.003367985646460625,-0.8086536320118991,229.88849999999996,239.015019541852,220.76198045814792
2024-11-11,225.0,225.7,221.5,224.23,42005602,40.3954498484575,-0.9748554546827393,-0.19766547945371635,-0.7771899752290229,229.535,238.97367185128425,220.09632814871574
2024-11-12,224.55,225.59,223.36,224.23,40398300,40.39544984845751,-1.0913223588507606,-0.3763968553331252,-0.7149255035176354,229.054,238.54712305111397,219.56087694888603
2024-11-13,224.01,226.65,222.76,225.12,48566217,44.50415504145159,-1.0991374848074713,-0.5209449812279945,-0.5781925035794768,228.72099999999995,238.27852203078032,219.16347796921957
2024-11-14,225.02,228.87,225.0,228.22,44923941,56.54343590128285,-0.8454412161432572,-0.5858442282110471,-0.2595969879322101,228.5245,237.9458117312438,219.10318826875618
2024-11-15,226.4,226.92,224.27,225.0,47923700,44.87555483353655,-0.8939077724189417,-0.647456937052626,-0.24645083536631573,228.0245,237.05200527994165,218.99699472005832
2024-11-18,225.25,229.74,225.17,228.02,44686020,54.93829761070738,-0.6807814814962683,-0.6541218459413545,-0.026659635554913796,227.60150000000004,235.70648553525797,219.49651446474212
2024-11-19,226.98,230.16,226.66,228.28,36211800,55.74087927503659,-0.4853032594742501,-0.6203581286479336,0.13505486917368348,227.2225,234.35162447569093,220.09337552430907
2024-11-20,228.06,229.93,225.89,229.0,35169600,58.12404071258976,-0.269184387411741,-0.5501233804006951,0.2809389929889541,227.13449999999997,234.1218072142052,220.14719278579474
2024-11-21,228.88,230.16,225.71,228.52,42108327,55.81230957221292,-0.13508345474267003,-0.4671153952690901,0.33203194052642004,227.03199999999998,233.86556299146466,220.1984370085353
2024-11-22,228.06,230.72,228.06,229.87,38168300,60.86360512647798,0.0792130988270685,-0.3578496964498584,0.43706279527692693,226.955,233.6133117822684,220.29668821773163
2024-11-25,231.46,233.25,229.74,232.87,90152832,69.73477313013338,0.4855227849705557,-0.1891752001657756,0.6746979851363313,226.92850000000004,233.4822045370016,220.3747954629985
2024-11-26,233.33,235.57,233.33,235.06,45986200,74.58686483077409,0.973024416165913,0.04326472310056209,0.9297596930653509,226.998,233.87426459185963,220.12173540814035
2024-11-27,234.47,235.69,233.81,234.93,33498439,73.77674050225937,1.3335111709068315,0.30131401266181596,1.0321971582450156,227.2395,234.87214588188897,219.60685411811102
2024-11-29,234.81,237.81,233.97,237.33,28481400,78.70397900180424,1.7922000964627216,0.5994912294219971,1.1927088670407247,227.8105,236.6393032806744,218.98169671932558
2024-12-02,237.27,240.79,237.16,239.59,48137103,82.31456547529073,2.311432729345995,0.9418795294067968,1.3695531999391983,228.64450000000002,238.60317772877983,218.68582227122022
2024-12-03,239.81,242.76,238.9,242.65,38861017,86.01803239719617,2.9360003735782243,1.3407036982410823,1.595296675337142,229.67649999999998,240.93349272734932,218.41950727265063
2024-12-04,242.87,244.11,241.25,243.01,44383935,86.40450329433251,3.4205932529786764,1.756681609188601,1.6639116437900754,230.6545,242.98164330677258,218.32735669322744
2024-12-05,243.99,244.54,242.13,243.04,40033900,86.44054103251014,3.763672081534793,2.1580797036578394,1.6055923778769534,231.6705,244.57991635112785,218.76108364887216
2024-12-06,242.91,244.63,242.08,242.84,36870619,84.71323082389735,3.973620769645322,2.521187916855336,1.4524328527899861,232.43850000000003,246.10369093018284,218.77330906981723
2024-12-09,241.83,247.24,241.75,246.75,44649232,89.46293974459743,4.404735886886954,2.8978975108616596,1.5068383760252941,233.42800000000003,248.24069526632795,218.6153047336721
2024-12-10,246.89,248.21,245.34,247.77,36914806,90.36412440896393,4.773675242140257,3.2730530571173793,1.5006221850228778,234.60500000000002,250.0670683576036,219.14293164239643
2024-12-11,247.96,250.8,246.26,246.49,45205814,80.4067560218751,4.9062211729838054,3.599686680290665,1.3065344926931406,235.71800000000002,251.24011407198242,220.19588592801762
2024-12-12,246.89,248.74,245.68,247.96,32777532,82.90318399174538,5.0714213048642875,3.8940336052053897,1.177387699658898,236.86000000000004,252.4596747604578,221.26032523954228
2024-12-13,247.82,249.29,246.24,248.13,33155300,83.18899947283288,5.156618886196725,4.146550661403657,1.0100682247930681,237.85550000000003,253.67324283586453,222.03775716413554
2024-12-16,247.99,251.38,247.65,251.04,51694800,87.36194507511831,5.396740992526134,4.396588727628152,1.0001522648979817,239.15750000000003,254.805723541364,223.50927645863607
2024-12-17,250.08,253.83,249.78,253.48,51356400,89.80930438706011,5.718013400704166,4.660873662243355,1.057139738460811,240.4305,256.40282669339393,224.45817330660603
2024-12-18,252.16,254.28,247.74,248.05,56774101,59.982809908188514,5.4713976133712094,4.822978452468925,0.648419160902284,241.419,256.65522262900197,226.18277737099805
2024-12-19,247.5,252.0,247.09,249.79,60882300,64.35928637572857,5.354631425422355,4.929309047059611,0.42532237836274334,242.45850000000002,256.9455734032099,227.97142659679014
2024-12-20,248.04,255.0,245.69,254.49,147495300,73.41948805250706,5.57705527901885,5.058858293451459,0.5181969855673909,243.75699999999998,257.62601749643113,229.8879825035688
2024-12-23,254.77,255.65,253.45,255.27,40858800,74.65332324023746,5.749985018685436,5.197083638498254,0.5529013801871816,245.027,258.17476923245937,231.8792307675406
2024-12-24,255.49,258.21,255.29,258.2,23234705,78.89876273359815,6.0536765808893165,5.368402226976467,0.6852743539128499,246.2935,259.3903702971163,233.1966297028837
2024-12-26,258.19,260.1,257.63,259.02,27262983,79.98150997039775,6.288036903631507,5.552329162307474,0.7357077413240329,247.4915,260.6450566933342,234.33794330666578
2024-12-27,257.83,258.7,253.06,255.59,42355321,64.10546288981814,6.12637576727704,5.667138483301388,0.4592372839756518,248.5245,260.73561568679713,236.31338431320287
2024-12-30,252.23,253.5,250.75,252.2,35557542,52.27281030474316,5.65947458332667,5.665605703306444,-0.0061311199797744464,249.26799999999997,260.3695932474639,238.16640675253603
2024-12-31,252.44,253.28,249.43,250.42,39480718,47.01514360996376,5.087179073584025,5.5499203773619605,-0.46274130377793554,249.80949999999999,259.9372575322546,239.68174246774538
2025-01-02,248.93,249.1,241.82,243.85,55740731,32.91543643071739,4.056723285910067,5.2512809590715825,-1.1945576731615155,249.86950000000002,259.83152996648744,239.9074700335126
2025-01-03,243.36,244.18,241.89,243.36,40244114,32.0873330351462,3.164067346440021,4.833838236545271,-1.6697708901052497,249.887,259.7993996776251,239.97460032237487
2025-01-06,244.31,247.33,243.2,245.0,45045600,38.10131403802874,2.5594614981778534,4.378962888871787,-1.819501390693934,249.98499999999999,259.64799180000057,240.32200819999943
2025-01-07,242.98,245.55,241.35,242.21,40856000,32.459028669138675,1.8340357025516312,3.869977451607756,-2.035941749056125,249.9535,259.7181349542641,240.18886504573592
2025-01-08,241.92,243.71,240.05,242.7,37628940,34.42682914890251,1.2838697862911772,3.35275591854444,-2.068886132253263,249.75099999999998,259.9535196062713,239.54848039372868
2025-01-10,240.01,240.16,233.0,236.85,61710900,24.56693213229481,0.37153045262510886,2.756510825360574,-2.3849803727354653,249.205,260.91179784527054,237.49820215472946
2025-01-13,233.53,234.67,229.72,234.4,49630725,21.580244276747536,-0.542940882328395,2.09662048382278,-2.639561366151175,248.60049999999995,262.02076507701673,235.1802349229832
2025-01-14,234.75,236.12,232.47,233.28,39435300,20.279769960875754,-1.3425643968095642,1.4087835076963113,-2.7513479045058755,247.8665,262.93842618572415,232.79457381427585
2025-01-15,234.64,238.96,234.43,237.87,39832000,37.95910882661051,-1.5875963309836152,0.8095075399603262,-2.3971038709439414,247.3535,263.0722200162072,231.63477998379275
2025-01-16,237.35,238.01,228.03,228.26,71759100,24.717105411616956,-2.5280903383167015,0.14198796430492078,-2.670078302621622,246.2145,263.9769458664462,228.45205413355373
2025-01-17,232.12,232.29,228.48,229.98,68488301,29.77622369842838,-3.098926494052705,-0.5061949273666044,-2.5927315666861004,245.0395,263.8560956706337,226.22290432936632
2025-01-21,224.0,224.42,219.38,222.64,98070429,22.37303337058924,-4.0963744622897025,-1.224230834351224,-2.8721436279384784,243.769,265.00549480445096,222.53250519554908
2025-01-22,219.79,224.12,219.79,223.83,64126500,25.823018787458608,-4.736239685697171,-1.9266326046204136,-2.8096070810767575,242.471,265.27363872081685,219.66836127918316
2025-01-23,224.74,227.03,222.3,223.66,60234800,25.635220525797507,-5.197145605054089,-2.580735204707149,-2.6164104003469406,240.92950000000002,264.46752967652856,217.39147032347148
2025-01-24,224.78,225.63,221.41,222.78,54697907,24.568042747663497,-5.56922693098835,-3.1784335499633896,-2.3907933810249604,239.30499999999998,263.15831886872616,215.4516811312738
2025-01-27,224.02,232.15,223.98,229.86,94863418,45.59362385035823,-5.232490340982565,-3.589244908167225,-1.6432454328153403,237.888,260.34117054157184,215.43482945842817
2025-01-28,230.85,240.19,230.81,238.26,75707600,60.62020089413007,-4.2389503876619585,-3.719186004066172,-0.5197643835957866,236.85,256.99012073346074,216.70987926653922
2025-01-29,234.12,239.86,234.01,239.36,45486100,62.197772077887194,-3.3244794796454187,-3.6402446991820216,0.31576521953660297,236.03850000000003,254.21111128878042,217.86588871121964
2025-01-30,238.67,240.79,237.21,237.59,55658300,57.89189412751693,-2.7113244436821162,-3.454460648082041,0.7431362043999248,235.30800000000005,251.84630335600392,218.76969664399618
2025-01-31,247.19,247.19,233.44,236.0,101075128,54.015923666038816,-2.326871644067751,-3.2289428472791832,0.9020712032114324,234.58700000000005,249.53186724071423,219.64213275928586
2025-02-03,229.99,231.83,225.7,228.01,73063301,38.91064626615225,-2.6365240472864855,-3.110459087280644,0.47393503999415865,233.795,248.34666114592162,219.24333885407836
2025-02-04,227.25,233.13,226.65,232.8,45067301,48.81232713640305,-2.466975086306462,-2.981762287085808,0.5147872007793457,233.267,247.10623955928958,219.42776044071041
2025-02-05,228.53,232.67,228.27,232.47,39664989,48.191401933409466,-2.3323486913926956,-2.8518795679471856,0.5195308765544899,232.64050000000003,245.3300190485954,219.95098095140466
2025-02-06,231.29,233.8,230.43,233.22,29925349,49.86386246661021,-2.140463639065473,-2.7095963821708433,0.5691327431053703,232.19100000000003,244.0638614030144,220.31813859698565
2025-02-07,232.6,234.0,227.26,227.63,39707224,39.028677605587966,-2.4116595252584716,-2.650009010788369,0.23834948552989754,231.4375,242.37840706335027,220.49659293664973
2025-02-10,229.57,230.59,227.2,227.65,33115645,39.0833228923241,-2.595056193640346,-2.639018447358765,0.043962253718418776,230.97750000000002,241.73227250244707,220.22272749755297
2025-02-11,228.2,235.23,228.13,232.62,53718400,51.53732139311164,-2.312702515664455,-2.573755261019903,0.26105274535544787,230.88850000000002,241.55310209736774,220.2238979026323
2025-02-12,231.2,236.96,230.68,236.87,45243300,59.67230140821437,-1.7260983233395848,-2.404223873483839,0.6781255501442542,231.06799999999998,242.01908665602699,220.11691334397298
2025-02-13,236.91,242.34,235.57,241.53,53614100,66.7364867616547,-0.8750996162663682,-2.0983990220403452,1.223299405773977,231.25099999999998,242.78736246603813,219.71463753396182
2025-02-14,241.25,245.55,240.99,244.6,40896227,70.64523438368016,0.04651019259461009,-1.6694171791133543,1.7159273717079644,232.06799999999998,244.9485550714175,219.18744492858247
2025-02-18,244.15,245.18,241.84,244.47,48822500,70.24194302793732,0.7576687585957416,-1.1839999915715351,1.9416687501672767,232.79250000000002,246.76252938626428,218.82247061373576
2025-02-19,244.66,246.01,243.16,244.87,32204215,70.83308405099197,1.3381187033704407,-0.6795762525831399,2.017694955953581,233.904,248.00963366364994,219.79836633635006
2025-02-20,244.94,246.78,244.29,245.83,32316907,72.35390960131151,1.8542191592096628,-0.17281717022457932,2.0270363294342424,235.004,249.2325574961597,220.77544250384028
2025-02-21,245.95,248.69,245.22,245.55,53197431,71.10615045344446,2.2151044831952618,0.3047671604593889,1.9103373227358729,236.0985,250.01720725245073,222.17979274754927
2025-02-24,244.93,248.86,244.42,247.1,51326400,73.97305674907912,2.5962527628626617,0.7630642809400435,1.833188481922618,237.3145,250.56747897000642,224.0615210299936
2025-02-25,248.0,250.0,244.91,247.04,48013300,73.64667288340982,2.860499959036673,1.1825514165593694,1.6779485424773037,238.17349999999996,251.6177713685818,224.72922863141812
2025-02-26,244.33,244.98,239.13,240.36,44433600,47.004577105021994,2.5020554550814325,1.446452224263782,1.0556032308176504,238.27850000000004,251.75837080214782,224.79862919785225
2025-02-27,239.41,242.46,237.06,237.3,41153639,39.45955804585539,1.9486068499303997,1.5468831493971056,0.4017237005332941,238.1755,251.65205660379263,224.69894339620737
2025-02-28,236.95,242.09,230.2,241.84,56833400,52.50951618528777,1.8549521666932094,1.6084969528563264,0.24645521383688296,238.38799999999998,251.9593794823195,224.81662051768046
2025-03-03,241.79,244.03,236.11,238.03,47184000,43.441964884858436,1.456505310405447,1.5780986243661506,-0.1215933139607035,238.4895,252.01597069542444,224.96302930457554
2025-03-04,237.71,240.07,234.68,235.93,53798100,39.143138776049504,0.9602121288648391,1.4545213252658884,-0.4943091964010493,238.8855,251.55689750530055,226.21410249469946
2025-03-05,235.42,236.55,229.23,235.74,47227643,38.742904018543285,0.5452791561037884,1.2726728914334684,-0.72739373532968,239.03250000000003,251.4727502513529,226.59224974864716
2025-03-06,234.44,237.86,233.16,235.33,45170419,37.78104530028936,0.18126865999633424,1.0543920451460416,-0.8731233851497073,239.1755,251.36127509793033,226.98972490206967
2025-03-07,235.11,241.37,234.76,239.07,46273600,50.671133841925545,0.1923570899976994,0.8819850541163732,-0.6896279641186738,239.468,251.3283658415428,227.6076341584572
2025-03-10,235.54,236.16,224.22,227.48,72071200,29.108187726048655,-0.7257059017676113,0.5604468629395762,-1.2861527647071875,239.4605,251.35253267121016,227.56846732878984
2025-03-11,223.81,225.84,217.45,220.84,76137410,22.717580788071714,-1.966402480480923,0.05507699425547635,-2.0214794747363993,239.11999999999998,252.7053125024774,225.53468749752255
2025-03-12,220.14,221.75,214.91,216.98,62547500,19.801543251018373,-3.223969287387632,-0.6007322620731455,-2.623237025314487,238.33800000000002,254.95987854354257,221.71612145645747
2025-03-13,215.95,216.84,208.42,209.68,61368330,15.468736395027918,-4.7548382182987154,-1.4315534533182595,-3.323284764980456,236.9785,257.977365407958,215.979634592042
2025-03-14,211.25,213.95,209.58,213.49,60107600,25.310638887515083,-5.596119138889463,-2.2644665904325003,-3.331652548456963,235.57650000000004,258.9102571365123,212.2427428634878
2025-03-17,213.31,215.22,209.97,214.0,48073426,26.63002878038924,-6.150785169108531,-3.0417303061677066,-3.109054862940824,234.0465,258.855279664093,209.23772033590697
2025-03-18,214.16,215.15,211.49,212.69,42432426,25.305160997514434,-6.619759578321663,-3.7573361605984985,-2.862423417723164,232.45749999999998,258.4957761778932,206.41922382210674
2025-03-19,214.22,218.76,213.75,215.24,54385400,32.81281330561899,-6.70833201199784,-4.347535330878367,-2.3607966811194725,230.97599999999997,257.4093779429366,204.54262205706337
2025-03-20,213.99,217.49,212.22,214.1,48862947,31.19541529259206,-6.792218311749821,-4.836471927052658,-1.9557463846971626,229.3895,255.8778485607185,202.9011514392815
2025-03-21,211.56,218.84,211.28,218.27,94127800,43.0445770756234,-6.447887426236434,-5.158755026889414,-1.2891323993470207,228.02550000000002,253.81014045043716,202.24085954956288
2025-03-24,221.0,221.48,218.58,220.73,44299500,49.02059599893798,-5.908393001105026,-5.308682621732536,-0.5997103793724898,226.70700000000002,251.04084223453324,202.3731577654668
2025-03-25,220.77,224.1,220.08,223.75,34493600,55.617079783608915,-5.177468388809984,-5.282439775148026,0.10497138633804148,225.54250000000002,247.9306414804306,203.15435851956943
2025-03-26,223.51,225.02,220.47,221.53,34532656,50.1166831892074,-4.7228981838630375,-5.1705314568910286,0.44763327302799105,224.60099999999997,245.92383470836842,203.27816529163152
2025-03-27,221.39,224.99,220.56,223.85,37094800,55.431592471273206,-4.127860009800742,-4.961997167472972,0.8341371576722301,223.92849999999999,244.39621452544552,203.46078547455446
2025-03-28,221.67,223.81,217.68,217.9,39818617,42.14384008713283,-4.089264745110313,-4.78745068300044,0.698185937890127,222.7315,241.51990434670086,203.94309565329917
2025-03-31,217.01,225.62,216.23,222.13,65299321,51.65103981745633,-3.6749890847960387,-4.56495836335956,0.8899692785635214,221.93649999999997,239.29007906358723,204.5829209364127
2025-04-01,219.81,223.68,218.9,223.19,36412740,53.84406669667168,-3.223975515207428,-4.296761793729134,1.072786278521706,221.29950000000002,237.37880801732993,205.22019198267012
2025-04-02,221.32,225.19,221.02,223.89,35905904,55.38600848410923,-2.7780363878635512,-3.9930167125560176,1.2149803246924664,220.70699999999997,235.3554863238262,206.05851367617373
2025-04-03,205.54,207.49,201.25,203.19,103419006,25.882715504769436,-4.048277397632745,-4.004068849571364,-0.044208548061381414,219.1,234.04277082740566,204.15722917259433
2025-04-04,193.89,199.88,187.34,188.38,125910913,17.977264489947117,-6.178770754031575,-4.439009230463406,-1.739761523568169,216.56550000000001,234.19952270732506,198.93147729267497
2025-04-07,177.2,194.15,174.62,181.46,160466300,15.435494221226605,-8.329570155722621,-5.217121415515249,-3.1124487402073715,214.26450000000006,237.13453046968996,191.39446953031015
2025-04-08,186.7,190.34,169.21,172.42,120859500,12.723804897034356,-10.640885126782877,-6.301874157768776,-4.339010969014101,211.8435,241.13309597932172,182.5539040206783
2025-04-09,171.95,200.61,171.89,198.85,184395900,45.20053751861893,-10.22210471804911,-7.085920269824843,-3.1361844482242667,210.93699999999998,240.67602139755985,181.19797860244012
2025-04-10,189.07,194.78,183.0,190.42,121880000,39.75603825492883,-10.449987819832586,-7.758733779826392,-2.6912540400061937,209.974,241.0994320790181,178.84856792098188
2025-04-11,186.1,199.54,186.06,198.15,87435915,46.565821755622586,-9.89280235462212,-8.185547494785538,-1.7072548598365813,209.20700000000002,240.72121874580105,177.692781254199
2025-04-14,211.44,212.94,201.16,202.52,101352911,50.2351953723744,-8.994918558749305,-8.347421707578292,-0.6474968511710131,208.63299999999998,240.1977939124769,177.06820608752307
2025-04-15,201.86,203.51,199.8,202.14,51343900,49.89144046354498,-8.219255544219322,-8.321788474906498,0.1025329306871754,208.10549999999998,239.73736832427866,176.4736316757213
2025-04-16,198.36,200.7,192.37,194.27,59732423,42.879620056598576,-8.145681894154876,-8.286567158756174,0.14088526460129813,207.05699999999996,239.0808878602286,175.03311213977133
2025-04-17,197.2,198.83,194.42,196.98,52164675,45.90054606167021,-7.779028101151056,-8.185059347235152,0.4060312460840958,206.20099999999996,238.34721850561596,174.05478149438397
2025-04-21,193.27,193.8,189.81,193.16,46742537,42.264983035513225,-7.707843185251761,-8.089616114838474,0.38177292958671316,204.94549999999998,237.06839983305497,172.822600166945
2025-04-22,196.12,201.59,195.97,199.74,52976400,50.11755610042382,-7.039332573817774,-7.879559406634335,0.840226832816561,203.89600000000002,235.20885621291666,172.58314378708337
2025-04-23,206.0,208.0,202.8,204.6,52929200,55.298972299695684,-6.047658076838843,-7.513179140675237,1.4655210638363938,202.9385,232.8342108523728,173.04278914762722
2025-04-24,204.89,208.83,202.94,208.37,47311000,59.10140977536621,-4.9010452022617415,-6.990752352992538,2.0897071507307965,202.2805,231.00982591218727,173.5511740878127
2025-04-25,206.37,209.75,206.2,209.28,38222300,60.04793406715488,-3.8742568224390936,-6.367453246881849,2.493196424442756,201.552,228.6722496495309,174.4317503504691
2025-04-28,210.0,211.5,207.46,210.14,38743100,61.03136438345807,-2.957037928590097,-5.685370183223499,2.7283322546334023,201.164,227.51047077134828,174.8175292286517
2025-04-29,208.69,212.24,208.37,211.21,36827633,62.36142299512725,-2.119364573824214,-4.972169061343642,2.8528044875194283,200.618,225.5496333410564,175.6863666589436
2025-04-30,209.3,213.58,206.67,212.5,52286500,64.06749333654375,-1.3360095001606567,-4.244937149107045,2.9089276489463884,200.08350000000002,223.38250858519245,176.78449141480758
2025-05-01,209.08,214.56,208.9,213.32,57365700,65.22365798142619,-0.641631485180227,-3.5242760163216817,2.882644531141455,199.555,220.9848232917592,178.12517670824082
2025-05-02,206.09,206.99,202.16,205.35,101010621,47.9286799858137,-0.7260745619314264,-2.964635725443631,2.2385611635122045,199.663,221.19150164684322,178.1344983531568
2025-05-05,203.1,204.1,198.21,198.89,69018500,38.40464960258564,-1.2992869489936822,-2.6315659701536416,1.3322790211599593,200.1885,221.06044669760365,179.31655330239636
2025-05-06,198.21,200.65,197.02,198.51,51216500,37.89356853274736,-1.7638916744813002,-2.4580311110191735,0.6941394365378732,201.041,219.99694215960105,182.08505784039895
2025-05-07,199.17,199.44,193.25,196.25,68616943,34.722606406093334,-2.2880817964504274,-2.424041248105424,0.13595945165499668,202.2325,215.86068576952465,188.60431423047532
2025-05-08,197.72,200.05,194.68,197.49,50478900,38.00681441253937,-2.573779677805703,-2.45398893404548,-0.11979074376022325,202.1645,215.8770597057757,188.4519402942243
2025-05-09,199.0,200.54,197.54,198.53,36453923,40.885039881117144,-2.6853232637358246,-2.500255799983549,-0.18506746375227578,202.57,215.26190044250114,189.87809955749884
2025-05-12,210.97,211.27,206.75,210.79,63775814,63.76690200497973,-1.7641072895929142,-2.3530260979054223,0.5889188083125081,203.202,216.2217754043304,190.1822245956696
2025-05-13,210.43,213.4,209.0,212.93,51909332,66.38730735644464,-0.8515408450126642,-2.0527290473268707,1.2011882023142064,203.7225,217.4410588855025,190.00394111449748
2025-05-14,212.43,213.94,210.58,212.33,49325825,64.86959462624185,-0.1747262135607457,-1.6771284805736457,1.5024022670129,204.232,218.45087196651923,190.01312803348077
2025-05-15,210.95,212.96,209.54,211.45,45029500,62.45335702234673,0.28733341180540606,-1.2842361020978355,1.5715695139032415,205.09099999999998,218.84399377935614,191.33800622064382
2025-05-16,212.36,212.57,209.77,211.25,53164417,61.84923038511839,0.6301170680118275,-0.9013654680759029,1.5314825360877304,205.80450000000002,219.2632189114388,192.34578108856124
